{"strategy":{"ReinforcementLearner":{"trades":[{"pair":"ACX/USDT","stake_amount":33.28192,"max_stake_amount":33.28192,"amount":60.8,"open_date":"2025-01-01 09:55:00+00:00","close_date":"2025-01-01 11:40:00+00:00","open_rate":0.5474,"close_rate":0.5539753753753753,"fee_open":0.001,"fee_close":0.001,"trade_duration":105,"profit_ratio":0.00999000999000999,"profit_abs":0.3328192,"exit_reason":"roi","initial_stop_loss_abs":0.4927,"initial_stop_loss_ratio":-0.1,"stop_loss_abs":0.4927,"stop_loss_ratio":-0.1,"min_rate":0.5436,"max_rate":0.5541,"is_open":false,"enter_tag":"","leverage":1.0,"is_short":false,"open_timestamp":1735725300000,"close_timestamp":1735731600000,"orders":[{"amount":60.8,"safe_price":0.5474,"ft_order_side":"buy","order_filled_timestamp":1735725300000,"ft_is_entry":true,"ft_order_tag":"","cost":33.31520191999999},{"amount":60.8,"safe_price":0.5539753753753753,"ft_order_side":"sell","order_filled_timestamp":1735731600000,"ft_is_entry":false,"ft_order_tag":"roi","cost":33.71538452564564}]},{"pair":"LTC/USDT","stake_amount":33.27226,"max_stake_amount":33.27226,"amount":0.322,"open_date":"2025-01-01 09:05:00+00:00","close_date":"2025-01-01 12:55:00+00:00","open_rate":103.33,"close_rate":104.57120120120118,"fee_open":0.001,"fee_close":0.001,"trade_duration":230,"profit_ratio":0.00999000999000999,"profit_abs":0.3327226,"exit_reason":"roi","initial_stop_loss_abs":93.0,"initial_stop_loss_ratio":-0.1,"stop_loss_abs":93.0,"stop_loss_ratio":-0.1,"min_rate":102.03,"max_rate":104.87,"is_open":false,"enter_tag":"","leverage":1.0,"is_short":false,"open_timestamp":1735722300000,"close_timestamp":1735736100000,"orders":[{"amount":0.322,"safe_price":103.33,"ft_order_side":"buy","order_filled_timestamp":1735722300000,"ft_is_entry":true,"ft_order_tag":"","cost":33.30553226},{"amount":0.322,"safe_price":104.57120120120118,"ft_order_side":"sell","order_filled_timestamp":1735736100000,"ft_is_entry":false,"ft_order_tag":"roi","cost":33.70559871357356}]},{"pair":"ACX/USDT","stake_amount":33.5355,"max_stake_amount":33.5355,"amount":56.6,"open_date":"2025-01-02 11:30:00+00:00","close_date":"2025-01-02 14:30:00+00:00","open_rate":0.5925,"close_rate":0.599617117117117,"fee_open":0.001,"fee_close":0.001,"trade_duration":180,"profit_ratio":0.009990009990009992,"profit_abs":0.335355,"exit_reason":"roi","initial_stop_loss_abs":0.5333,"initial_stop_loss_ratio":-0.1,"stop_loss_abs":0.5333,"stop_loss_ratio":-0.1,"min_rate":0.5797,"max_rate":0.6014,"is_open":false,"enter_tag":"","leverage":1.0,"is_short":false,"open_timestamp":1735817400000,"close_timestamp":1735828200000,"orders":[{"amount":56.6,"safe_price":0.5925,"ft_order_side":"buy","order_filled_timestamp":1735817400000,"ft_is_entry":true,"ft_order_tag":"","cost":33.5690355},{"amount":56.6,"safe_price":0.599617117117117,"ft_order_side":"sell","order_filled_timestamp":1735828200000,"ft_is_entry":false,"ft_order_tag":"roi","cost":33.97226715765765}]},{"pair":"ACX/USDT","stake_amount":33.61995,"max_stake_amount":33.61995,"amount":58.5,"open_date":"2025-01-03 01:55:00+00:00","close_date":"2025-01-03 12:05:00+00:00","open_rate":0.5747,"close_rate":0.5816033033033031,"fee_open":0.001,"fee_close":0.001,"trade_duration":610,"profit_ratio":0.00999000999000999,"profit_abs":0.3361995,"exit_reason":"roi","initial_stop_loss_abs":0.5173,"initial_stop_loss_ratio":-0.1,"stop_loss_abs":0.5173,"stop_loss_ratio":-0.1,"min_rate":0.5663,"max_rate":0.5826,"is_open":false,"enter_tag":"","leverage":1.0,"is_short":false,"open_timestamp":1735869300000,"close_timestamp":1735905900000,"orders":[{"amount":58.5,"safe_price":0.5747,"ft_order_side":"buy","order_filled_timestamp":1735869300000,"ft_is_entry":true,"ft_order_tag":"","cost":33.65356995},{"amount":58.5,"safe_price":0.5816033033033031,"ft_order_side":"sell","order_filled_timestamp":1735905900000,"ft_is_entry":false,"ft_order_tag":"roi","cost":34.057817036486476}]},{"pair":"ACX/USDT","stake_amount":33.7464,"max_stake_amount":33.7464,"amount":54.5,"open_date":"2025-01-04 16:05:00+00:00","close_date":"2025-01-04 18:15:00+00:00","open_rate":0.6192,"close_rate":0.6266378378378377,"fee_open":0.001,"fee_close":0.001,"trade_duration":130,"profit_ratio":0.00999000999000999,"profit_abs":0.337464,"exit_reason":"roi","initial_stop_loss_abs":0.5573,"initial_stop_loss_ratio":-0.1,"stop_loss_abs":0.5573,"stop_loss_ratio":-0.1,"min_rate":0.6145,"max_rate":0.6274,"is_open":false,"enter_tag":"","leverage":1.0,"is_short":false,"open_timestamp":1736006700000,"close_timestamp":1736014500000,"orders":[{"amount":54.5,"safe_price":0.6192,"ft_order_side":"buy","order_filled_timestamp":1736006700000,"ft_is_entry":true,"ft_order_tag":"","cost":33.7801464},{"amount":54.5,"safe_price":0.6266378378378377,"ft_order_side":"sell","order_filled_timestamp":1736014500000,"ft_is_entry":false,"ft_order_tag":"roi","cost":34.18591392432431}]},{"pair":"LTC/USDT","stake_amount":33.70899,"max_stake_amount":33.70899,"amount":0.301,"open_date":"2025-01-04 00:45:00+00:00","close_date":"2025-01-05 20:15:00+00:00","open_rate":111.99,"close_rate":113.33522522522522,"fee_open":0.001,"fee_close":0.001,"trade_duration":2610,"profit_ratio":0.00999000999000999,"profit_abs":0.3370899,"exit_reason":"roi","initial_stop_loss_abs":100.8,"initial_stop_loss_ratio":-0.1,"stop_loss_abs":100.8,"stop_loss_ratio":-0.1,"min_rate":110.07,"max_rate":113.78,"is_open":false,"enter_tag":"","leverage":1.0,"is_short":false,"open_timestamp":1735951500000,"close_timestamp":1736108100000,"orders":[{"amount":0.301,"safe_price":111.99,"ft_order_side":"buy","order_filled_timestamp":1735951500000,"ft_is_entry":true,"ft_order_tag":"","cost":33.742698989999994},{"amount":0.301,"safe_price":113.33522522522522,"ft_order_side":"sell","order_filled_timestamp":1736108100000,"ft_is_entry":false,"ft_order_tag":"roi","cost":34.148016695585575}]},{"pair":"LTC/USDT","stake_amount":33.98135,"max_stake_amount":33.98135,"amount":0.299,"open_date":"2025-01-06 07:35:00+00:00","close_date":"2025-01-06 15:10:00+00:00","open_rate":113.65,"close_rate":115.01516516516516,"fee_open":0.001,"fee_close":0.001,"trade_duration":455,"profit_ratio":0.00999000999000999,"profit_abs":0.3398135,"exit_reason":"roi","initial_stop_loss_abs":102.29,"initial_stop_loss_ratio":-0.1,"stop_loss_abs":102.29,"stop_loss_ratio":-0.1,"min_rate":111.64,"max_rate":115.1,"is_open":false,"enter_tag":"","leverage":1.0,"is_short":false,"open_timestamp":1736148900000,"close_timestamp":1736176200000,"orders":[{"amount":0.299,"safe_price":113.65,"ft_order_side":"buy","order_filled_timestamp":1736148900000,"ft_is_entry":true,"ft_order_tag":"","cost":34.01533135},{"amount":0.299,"safe_price":115.01516516516516,"ft_order_side":"sell","order_filled_timestamp":1736176200000,"ft_is_entry":false,"ft_order_tag":"roi","cost":34.423923918768764}]},{"pair":"ACX/USDT","stake_amount":33.99768,"max_stake_amount":33.99768,"amount":55.2,"open_date":"2025-01-06 00:25:00+00:00","close_date":"2025-01-06 16:00:00+00:00","open_rate":0.6159,"close_rate":0.6232981981981981,"fee_open":0.001,"fee_close":0.001,"trade_duration":935,"profit_ratio":0.00999000999000999,"profit_abs":0.3399768,"exit_reason":"roi","initial_stop_loss_abs":0.5544,"initial_stop_loss_ratio":-0.1,"stop_loss_abs":0.5544,"stop_loss_ratio":-0.1,"min_rate":0.5955,"max_rate":0.6248,"is_open":false,"enter_tag":"","leverage":1.0,"is_short":false,"open_timestamp":1736123100000,"close_timestamp":1736179200000,"orders":[{"amount":55.2,"safe_price":0.6159,"ft_order_side":"buy","order_filled_timestamp":1736123100000,"ft_is_entry":true,"ft_order_tag":"","cost":34.03167768},{"amount":55.2,"safe_price":0.6232981981981981,"ft_order_side":"sell","order_filled_timestamp":1736179200000,"ft_is_entry":false,"ft_order_tag":"roi","cost":34.44046660108108}]},{"pair":"ACX/USDT","stake_amount":34.17714,"max_stake_amount":34.17714,"amount":57.8,"open_date":"2025-01-07 05:20:00+00:00","close_date":"2025-01-07 15:40:00+00:00","open_rate":0.5913,"close_rate":0.5322,"fee_open":0.001,"fee_close":0.001,"trade_duration":620,"profit_ratio":-0.10174756750099216,"profit_abs":-3.4809183,"exit_reason":"stop_loss","initial_stop_loss_abs":0.5322,"initial_stop_loss_ratio":-0.1,"stop_loss_abs":0.5322,"stop_loss_ratio":-0.1,"min_rate":0.5318,"max_rate":0.5977,"is_open":false,"enter_tag":"","leverage":1.0,"is_short":false,"open_timestamp":1736227200000,"close_timestamp":1736264400000,"orders":[{"amount":57.8,"safe_price":0.5913,"ft_order_side":"buy","order_filled_timestamp":1736227200000,"ft_is_entry":true,"ft_order_tag":"","cost":34.21131714},{"amount":57.8,"safe_price":0.5322,"ft_order_side":"sell","order_filled_timestamp":1736264400000,"ft_is_entry":false,"ft_order_tag":"stop_loss","cost":30.791921159999998}]},{"pair":"LTC/USDT","stake_amount":34.164,"max_stake_amount":34.164,"amount":0.3,"open_date":"2025-01-06 20:55:00+00:00","close_date":"2025-01-07 20:40:00+00:00","open_rate":113.88,"close_rate":102.5,"fee_open":0.001,"fee_close":0.001,"trade_duration":1425,"profit_ratio":-0.10172809277129614,"profit_abs":-3.478914,"exit_reason":"stop_loss","initial_stop_loss_abs":102.5,"initial_stop_loss_ratio":-0.1,"stop_loss_abs":102.5,"stop_loss_ratio":-0.1,"min_rate":102.42,"max_rate":114.9,"is_open":false,"enter_tag":"","leverage":1.0,"is_short":false,"open_timestamp":1736196900000,"close_timestamp":1736282400000,"orders":[{"amount":0.3,"safe_price":113.88,"ft_order_side":"buy","order_filled_timestamp":1736196900000,"ft_is_entry":true,"ft_order_tag":"","cost":34.19816399999999},{"amount":0.3,"safe_price":102.5,"ft_order_side":"sell","order_filled_timestamp":1736282400000,"ft_is_entry":false,"ft_order_tag":"stop_loss","cost":30.780749999999998}]},{"pair":"ACX/USDT","stake_amount":33.02687,"max_stake_amount":33.02687,"amount":60.7,"open_date":"2025-01-07 15:55:00+00:00","close_date":"2025-01-08 06:30:00+00:00","open_rate":0.5441,"close_rate":0.4897,"fee_open":0.001,"fee_close":0.001,"trade_duration":875,"profit_ratio":-0.10177985954497624,"profit_abs":-3.36483166,"exit_reason":"stop_loss","initial_stop_loss_abs":0.4897,"initial_stop_loss_ratio":-0.1,"stop_loss_abs":0.4897,"stop_loss_ratio":-0.1,"min_rate":0.4891,"max_rate":0.5447,"is_open":false,"enter_tag":"","leverage":1.0,"is_short":false,"open_timestamp":1736265300000,"close_timestamp":1736317800000,"orders":[{"amount":60.7,"safe_price":0.5441,"ft_order_side":"buy","order_filled_timestamp":1736265300000,"ft_is_entry":true,"ft_order_tag":"","cost":33.059896869999996},{"amount":60.7,"safe_price":0.4897,"ft_order_side":"sell","order_filled_timestamp":1736317800000,"ft_is_entry":false,"ft_order_tag":"stop_loss","cost":29.754514789999998}]},{"pair":"ACX/USDT","stake_amount":30.7468,"max_stake_amount":30.7468,"amount":63.2,"open_date":"2025-01-08 07:05:00+00:00","close_date":"2025-01-08 08:05:00+00:00","open_rate":0.4865,"close_rate":0.4942,"fee_open":0.001,"fee_close":0.001,"trade_duration":60,"profit_ratio":0.013797713078288618,"profit_abs":0.42465976,"exit_reason":"roi","initial_stop_loss_abs":0.4379,"initial_stop_loss_ratio":-0.1,"stop_loss_abs":0.4379,"stop_loss_ratio":-0.1,"min_rate":0.4858,"max_rate":0.4953,"is_open":false,"enter_tag":"","leverage":1.0,"is_short":false,"open_timestamp":1736319900000,"close_timestamp":1736323500000,"orders":[{"amount":63.2,"safe_price":0.4865,"ft_order_side":"buy","order_filled_timestamp":1736319900000,"ft_is_entry":true,"ft_order_tag":"","cost":30.777546799999996},{"amount":63.2,"safe_price":0.4942,"ft_order_side":"sell","order_filled_timestamp":1736323500000,"ft_is_entry":false,"ft_order_tag":"roi","cost":31.264673439999996}]},{"pair":"LTC/USDT","stake_amount":30.87608,"max_stake_amount":30.87608,"amount":0.311,"open_date":"2025-01-08 17:45:00+00:00","close_date":"2025-01-08 18:15:00+00:00","open_rate":99.28,"close_rate":101.46634634634634,"fee_open":0.001,"fee_close":0.001,"trade_duration":30,"profit_ratio":0.01998001998001998,"profit_abs":0.6175216,"exit_reason":"roi","initial_stop_loss_abs":89.36,"initial_stop_loss_ratio":-0.1,"stop_loss_abs":89.36,"stop_loss_ratio":-0.1,"min_rate":99.05,"max_rate":101.75,"is_open":false,"enter_tag":"","leverage":1.0,"is_short":false,"open_timestamp":1736358300000,"close_timestamp":1736360100000,"orders":[{"amount":0.311,"safe_price":99.28,"ft_order_side":"buy","order_filled_timestamp":1736358300000,"ft_is_entry":true,"ft_order_tag":"","cost":30.906956079999997},{"amount":0.311,"safe_price":101.46634634634634,"ft_order_side":"sell","order_filled_timestamp":1736360100000,"ft_is_entry":false,"ft_order_tag":"roi","cost":31.587589747427423}]},{"pair":"ACX/USDT","stake_amount":30.8937,"max_stake_amount":30.8937,"amount":67.0,"open_date":"2025-01-08 17:45:00+00:00","close_date":"2025-01-08 18:20:00+00:00","open_rate":0.4611,"close_rate":0.4712543543543543,"fee_open":0.001,"fee_close":0.001,"trade_duration":35,"profit_ratio":0.01998001998001998,"profit_abs":0.617874,"exit_reason":"roi","initial_stop_loss_abs":0.415,"initial_stop_loss_ratio":-0.1,"stop_loss_abs":0.415,"stop_loss_ratio":-0.1,"min_rate":0.4592,"max_rate":0.4727,"is_open":false,"enter_tag":"","leverage":1.0,"is_short":false,"open_timestamp":1736358300000,"close_timestamp":1736360400000,"orders":[{"amount":67.0,"safe_price":0.4611,"ft_order_side":"buy","order_filled_timestamp":1736358300000,"ft_is_entry":true,"ft_order_tag":"","cost":30.924593699999996},{"amount":67.0,"safe_price":0.4712543543543543,"ft_order_side":"sell","order_filled_timestamp":1736360400000,"ft_is_entry":false,"ft_order_tag":"roi","cost":31.605615783483476}]},{"pair":"ACX/USDT","stake_amount":31.31505,"max_stake_amount":31.31505,"amount":68.9,"open_date":"2025-01-09 08:00:00+00:00","close_date":"2025-01-09 09:05:00+00:00","open_rate":0.4545,"close_rate":0.4599594594594595,"fee_open":0.001,"fee_close":0.001,"trade_duration":65,"profit_ratio":0.00999000999000999,"profit_abs":0.3131505,"exit_reason":"roi","initial_stop_loss_abs":0.4091,"initial_stop_loss_ratio":-0.1,"stop_loss_abs":0.4091,"stop_loss_ratio":-0.1,"min_rate":0.4501,"max_rate":0.4639,"is_open":false,"enter_tag":"","leverage":1.0,"is_short":false,"open_timestamp":1736409600000,"close_timestamp":1736413500000,"orders":[{"amount":68.9,"safe_price":0.4545,"ft_order_side":"buy","order_filled_timestamp":1736409600000,"ft_is_entry":true,"ft_order_tag":"","cost":31.34636505},{"amount":68.9,"safe_price":0.4599594594594595,"ft_order_side":"sell","order_filled_timestamp":1736413500000,"ft_is_entry":false,"ft_order_tag":"roi","cost":31.722897963513514}]},{"pair":"LTC/USDT","stake_amount":31.43766,"max_stake_amount":31.43766,"amount":0.309,"open_date":"2025-01-09 14:15:00+00:00","close_date":"2025-01-09 15:15:00+00:00","open_rate":101.74,"close_rate":102.96210210210208,"fee_open":0.001,"fee_close":0.001,"trade_duration":60,"profit_ratio":0.00999000999000999,"profit_abs":0.3143766,"exit_reason":"roi","initial_stop_loss_abs":91.57,"initial_stop_loss_ratio":-0.1,"stop_loss_abs":91.57,"stop_loss_ratio":-0.1,"min_rate":100.96,"max_rate":103.32,"is_open":false,"enter_tag":"","leverage":1.0,"is_short":false,"open_timestamp":1736432100000,"close_timestamp":1736435700000,"orders":[{"amount":0.309,"safe_price":101.74,"ft_order_side":"buy","order_filled_timestamp":1736432100000,"ft_is_entry":true,"ft_order_tag":"","cost":31.469097659999996},{"amount":0.309,"safe_price":102.96210210210208,"ft_order_side":"sell","order_filled_timestamp":1736435700000,"ft_is_entry":false,"ft_order_tag":"roi","cost":31.84710483909909}]},{"pair":"ACX/USDT","stake_amount":31.43331,"max_stake_amount":31.43331,"amount":71.1,"open_date":"2025-01-09 14:15:00+00:00","close_date":"2025-01-09 15:20:00+00:00","open_rate":0.4421,"close_rate":0.44741051051051045,"fee_open":0.001,"fee_close":0.001,"trade_duration":65,"profit_ratio":0.00999000999000999,"profit_abs":0.3143331,"exit_reason":"roi","initial_stop_loss_abs":0.3979,"initial_stop_loss_ratio":-0.1,"stop_loss_abs":0.3979,"stop_loss_ratio":-0.1,"min_rate":0.432,"max_rate":0.4476,"is_open":false,"enter_tag":"","leverage":1.0,"is_short":false,"open_timestamp":1736432100000,"close_timestamp":1736436000000,"orders":[{"amount":71.1,"safe_price":0.4421,"ft_order_side":"buy","order_filled_timestamp":1736432100000,"ft_is_entry":true,"ft_order_tag":"","cost":31.464743309999996},{"amount":71.1,"safe_price":0.44741051051051045,"ft_order_side":"sell","order_filled_timestamp":1736436000000,"ft_is_entry":false,"ft_order_tag":"roi","cost":31.842698184594585}]},{"pair":"LTC/USDT","stake_amount":31.61315,"max_stake_amount":31.61315,"amount":0.311,"open_date":"2025-01-09 20:45:00+00:00","close_date":"2025-01-09 21:45:00+00:00","open_rate":101.65,"close_rate":102.9,"fee_open":0.001,"fee_close":0.001,"trade_duration":60,"profit_ratio":0.01027452626075351,"profit_abs":0.32513495,"exit_reason":"roi","initial_stop_loss_abs":91.49,"initial_stop_loss_ratio":-0.1,"stop_loss_abs":91.49,"stop_loss_ratio":-0.1,"min_rate":101.31,"max_rate":103.25,"is_open":false,"enter_tag":"","leverage":1.0,"is_short":false,"open_timestamp":1736455500000,"close_timestamp":1736459100000,"orders":[{"amount":0.311,"safe_price":101.65,"ft_order_side":"buy","order_filled_timestamp":1736455500000,"ft_is_entry":true,"ft_order_tag":"","cost":31.644763149999996},{"amount":0.311,"safe_price":102.9,"ft_order_side":"sell","order_filled_timestamp":1736459100000,"ft_is_entry":false,"ft_order_tag":"roi","cost":32.0339019}]},{"pair":"ACX/USDT","stake_amount":31.63848,"max_stake_amount":31.63848,"amount":72.3,"open_date":"2025-01-09 20:00:00+00:00","close_date":"2025-01-09 22:35:00+00:00","open_rate":0.4376,"close_rate":0.4428564564564564,"fee_open":0.001,"fee_close":0.001,"trade_duration":155,"profit_ratio":0.009990009990009992,"profit_abs":0.3163848,"exit_reason":"roi","initial_stop_loss_abs":0.3939,"initial_stop_loss_ratio":-0.1,"stop_loss_abs":0.3939,"stop_loss_ratio":-0.1,"min_rate":0.4301,"max_rate":0.4441,"is_open":false,"enter_tag":"","leverage":1.0,"is_short":false,"open_timestamp":1736452800000,"close_timestamp":1736462100000,"orders":[{"amount":72.3,"safe_price":0.4376,"ft_order_side":"buy","order_filled_timestamp":1736452800000,"ft_is_entry":true,"ft_order_tag":"","cost":31.670118479999996},{"amount":72.3,"safe_price":0.4428564564564564,"ft_order_side":"sell","order_filled_timestamp":1736462100000,"ft_is_entry":false,"ft_order_tag":"roi","cost":32.05054032360359}]},{"pair":"ACX/USDT","stake_amount":31.82701,"max_stake_amount":31.82701,"amount":70.9,"open_date":"2025-01-10 13:55:00+00:00","close_date":"2025-01-10 17:50:00+00:00","open_rate":0.4489,"close_rate":0.4542921921921922,"fee_open":0.001,"fee_close":0.001,"trade_duration":235,"profit_ratio":0.00999000999000999,"profit_abs":0.3182701,"exit_reason":"roi","initial_stop_loss_abs":0.4041,"initial_stop_loss_ratio":-0.1,"stop_loss_abs":0.4041,"stop_loss_ratio":-0.1,"min_rate":0.4328,"max_rate":0.4572,"is_open":false,"enter_tag":"","leverage":1.0,"is_short":false,"open_timestamp":1736517300000,"close_timestamp":1736531400000,"orders":[{"amount":70.9,"safe_price":0.4489,"ft_order_side":"buy","order_filled_timestamp":1736517300000,"ft_is_entry":true,"ft_order_tag":"","cost":31.858837010000002},{"amount":70.9,"safe_price":0.4542921921921922,"ft_order_side":"sell","order_filled_timestamp":1736531400000,"ft_is_entry":false,"ft_order_tag":"roi","cost":32.24152574285285}]},{"pair":"ACX/USDT","stake_amount":31.93491,"max_stake_amount":31.93491,"amount":72.3,"open_date":"2025-01-12 00:35:00+00:00","close_date":"2025-01-13 09:20:00+00:00","open_rate":0.4417,"close_rate":0.3976,"fee_open":0.001,"fee_close":0.001,"trade_duration":1965,"profit_ratio":-0.10164003983338374,"profit_abs":-3.24911139,"exit_reason":"stop_loss","initial_stop_loss_abs":0.3976,"initial_stop_loss_ratio":-0.1,"stop_loss_abs":0.3976,"stop_loss_ratio":-0.1,"min_rate":0.3975,"max_rate":0.4468,"is_open":false,"enter_tag":"","leverage":1.0,"is_short":false,"open_timestamp":1736642100000,"close_timestamp":1736760000000,"orders":[{"amount":72.3,"safe_price":0.4417,"ft_order_side":"buy","order_filled_timestamp":1736642100000,"ft_is_entry":true,"ft_order_tag":"","cost":31.966844909999995},{"amount":72.3,"safe_price":0.3976,"ft_order_side":"sell","order_filled_timestamp":1736760000000,"ft_is_entry":false,"ft_order_tag":"stop_loss","cost":28.775226479999994}]},{"pair":"LTC/USDT","stake_amount":31.93721,"max_stake_amount":31.93721,"amount":0.307,"open_date":"2025-01-11 00:15:00+00:00","close_date":"2025-01-13 12:00:00+00:00","open_rate":104.03,"close_rate":93.63,"fee_open":0.001,"fee_close":0.001,"trade_duration":3585,"profit_ratio":-0.1017694215810144,"profit_abs":-3.25348162,"exit_reason":"stop_loss","initial_stop_loss_abs":93.63,"initial_stop_loss_ratio":-0.1,"stop_loss_abs":93.63,"stop_loss_ratio":-0.1,"min_rate":93.62,"max_rate":105.27,"is_open":false,"enter_tag":"","leverage":1.0,"is_short":false,"open_timestamp":1736554500000,"close_timestamp":1736769600000,"orders":[{"amount":0.307,"safe_price":104.03,"ft_order_side":"buy","order_filled_timestamp":1736554500000,"ft_is_entry":true,"ft_order_tag":"","cost":31.969147209999996},{"amount":0.307,"safe_price":93.63,"ft_order_side":"sell","order_filled_timestamp":1736769600000,"ft_is_entry":false,"ft_order_tag":"stop_loss","cost":28.773154409999997}]},{"pair":"LTC/USDT","stake_amount":29.79546,"max_stake_amount":29.79546,"amount":0.314,"open_date":"2025-01-13 12:10:00+00:00","close_date":"2025-01-13 13:15:00+00:00","open_rate":94.89,"close_rate":96.0298198198198,"fee_open":0.001,"fee_close":0.001,"trade_duration":65,"profit_ratio":0.00999000999000999,"profit_abs":0.2979546,"exit_reason":"roi","initial_stop_loss_abs":85.41,"initial_stop_loss_ratio":-0.1,"stop_loss_abs":85.41,"stop_loss_ratio":-0.1,"min_rate":94.08,"max_rate":96.35,"is_open":false,"enter_tag":"","leverage":1.0,"is_short":false,"open_timestamp":1736770200000,"close_timestamp":1736774100000,"orders":[{"amount":0.314,"safe_price":94.89,"ft_order_side":"buy","order_filled_timestamp":1736770200000,"ft_is_entry":true,"ft_order_tag":"","cost":29.825255459999997},{"amount":0.314,"safe_price":96.0298198198198,"ft_order_side":"sell","order_filled_timestamp":1736774100000,"ft_is_entry":false,"ft_order_tag":"roi","cost":30.183516786846837}]},{"pair":"ACX/USDT","stake_amount":30.87486,"max_stake_amount":30.87486,"amount":77.4,"open_date":"2025-01-13 09:40:00+00:00","close_date":"2025-01-13 21:40:00+00:00","open_rate":0.3989,"close_rate":0.40369159159159157,"fee_open":0.001,"fee_close":0.001,"trade_duration":720,"profit_ratio":0.00999000999000999,"profit_abs":0.3087486,"exit_reason":"roi","initial_stop_loss_abs":0.3591,"initial_stop_loss_ratio":-0.1,"stop_loss_abs":0.3591,"stop_loss_ratio":-0.1,"min_rate":0.3697,"max_rate":0.4054,"is_open":false,"enter_tag":"","leverage":1.0,"is_short":false,"open_timestamp":1736761200000,"close_timestamp":1736804400000,"orders":[{"amount":77.4,"safe_price":0.3989,"ft_order_side":"buy","order_filled_timestamp":1736761200000,"ft_is_entry":true,"ft_order_tag":"","cost":30.90573486},{"amount":77.4,"safe_price":0.40369159159159157,"ft_order_side":"sell","order_filled_timestamp":1736804400000,"ft_is_entry":false,"ft_order_tag":"roi","cost":31.27697491837838}]},{"pair":"LTC/USDT","stake_amount":29.9136,"max_stake_amount":29.9136,"amount":0.304,"open_date":"2025-01-14 08:05:00+00:00","close_date":"2025-01-14 09:20:00+00:00","open_rate":98.4,"close_rate":99.58198198198197,"fee_open":0.001,"fee_close":0.001,"trade_duration":75,"profit_ratio":0.00999000999000999,"profit_abs":0.299136,"exit_reason":"roi","initial_stop_loss_abs":88.56,"initial_stop_loss_ratio":-0.1,"stop_loss_abs":88.56,"stop_loss_ratio":-0.1,"min_rate":98.4,"max_rate":99.69,"is_open":false,"enter_tag":"","leverage":1.0,"is_short":false,"open_timestamp":1736841900000,"close_timestamp":1736846400000,"orders":[{"amount":0.304,"safe_price":98.4,"ft_order_side":"buy","order_filled_timestamp":1736841900000,"ft_is_entry":true,"ft_order_tag":"","cost":29.9435136},{"amount":0.304,"safe_price":99.58198198198197,"ft_order_side":"sell","order_filled_timestamp":1736846400000,"ft_is_entry":false,"ft_order_tag":"roi","cost":30.303195445045038}]},{"pair":"ACX/USDT","stake_amount":30.0768,"max_stake_amount":30.0768,"amount":72.3,"open_date":"2025-01-15 10:10:00+00:00","close_date":"2025-01-15 13:30:00+00:00","open_rate":0.416,"close_rate":0.42099699699699694,"fee_open":0.001,"fee_close":0.001,"trade_duration":200,"profit_ratio":0.00999000999000999,"profit_abs":0.300768,"exit_reason":"roi","initial_stop_loss_abs":0.3744,"initial_stop_loss_ratio":-0.1,"stop_loss_abs":0.3744,"stop_loss_ratio":-0.1,"min_rate":0.4115,"max_rate":0.4343,"is_open":false,"enter_tag":"","leverage":1.0,"is_short":false,"open_timestamp":1736935800000,"close_timestamp":1736947800000,"orders":[{"amount":72.3,"safe_price":0.416,"ft_order_side":"buy","order_filled_timestamp":1736935800000,"ft_is_entry":true,"ft_order_tag":"","cost":30.106876799999995},{"amount":72.3,"safe_price":0.42099699699699694,"ft_order_side":"sell","order_filled_timestamp":1736947800000,"ft_is_entry":false,"ft_order_tag":"roi","cost":30.46852096576576}]},{"pair":"ACX/USDT","stake_amount":30.1712,"max_stake_amount":30.1712,"amount":69.2,"open_date":"2025-01-16 09:10:00+00:00","close_date":"2025-01-16 12:20:00+00:00","open_rate":0.436,"close_rate":0.4412372372372371,"fee_open":0.001,"fee_close":0.001,"trade_duration":190,"profit_ratio":0.00999000999000999,"profit_abs":0.301712,"exit_reason":"roi","initial_stop_loss_abs":0.3924,"initial_stop_loss_ratio":-0.1,"stop_loss_abs":0.3924,"stop_loss_ratio":-0.1,"min_rate":0.4323,"max_rate":0.4446,"is_open":false,"enter_tag":"","leverage":1.0,"is_short":false,"open_timestamp":1737018600000,"close_timestamp":1737030000000,"orders":[{"amount":69.2,"safe_price":0.436,"ft_order_side":"buy","order_filled_timestamp":1737018600000,"ft_is_entry":true,"ft_order_tag":"","cost":30.2013712},{"amount":69.2,"safe_price":0.4412372372372371,"ft_order_side":"sell","order_filled_timestamp":1737030000000,"ft_is_entry":false,"ft_order_tag":"roi","cost":30.564150433633625}]},{"pair":"LTC/USDT","stake_amount":30.27308,"max_stake_amount":30.27308,"amount":0.244,"open_date":"2025-01-16 22:50:00+00:00","close_date":"2025-01-17 00:00:00+00:00","open_rate":124.07,"close_rate":125.56033033033032,"fee_open":0.001,"fee_close":0.001,"trade_duration":70,"profit_ratio":0.00999000999000999,"profit_abs":0.3027308,"exit_reason":"roi","initial_stop_loss_abs":111.67,"initial_stop_loss_ratio":-0.1,"stop_loss_abs":111.67,"stop_loss_ratio":-0.1,"min_rate":122.36,"max_rate":125.57,"is_open":false,"enter_tag":"","leverage":1.0,"is_short":false,"open_timestamp":1737067800000,"close_timestamp":1737072000000,"orders":[{"amount":0.244,"safe_price":124.07,"ft_order_side":"buy","order_filled_timestamp":1737067800000,"ft_is_entry":true,"ft_order_tag":"","cost":30.303353079999994},{"amount":0.244,"safe_price":125.56033033033032,"ft_order_side":"sell","order_filled_timestamp":1737072000000,"ft_is_entry":false,"ft_order_tag":"roi","cost":30.667357321201195}]},{"pair":"ACX/USDT","stake_amount":30.38328,"max_stake_amount":30.38328,"amount":68.4,"open_date":"2025-01-17 12:45:00+00:00","close_date":"2025-01-17 15:05:00+00:00","open_rate":0.4442,"close_rate":0.4495357357357357,"fee_open":0.001,"fee_close":0.001,"trade_duration":140,"profit_ratio":0.00999000999000999,"profit_abs":0.3038328,"exit_reason":"roi","initial_stop_loss_abs":0.3998,"initial_stop_loss_ratio":-0.1,"stop_loss_abs":0.3998,"stop_loss_ratio":-0.1,"min_rate":0.4401,"max_rate":0.4502,"is_open":false,"enter_tag":"","leverage":1.0,"is_short":false,"open_timestamp":1737117900000,"close_timestamp":1737126300000,"orders":[{"amount":68.4,"safe_price":0.4442,"ft_order_side":"buy","order_filled_timestamp":1737117900000,"ft_is_entry":true,"ft_order_tag":"","cost":30.413663279999998},{"amount":68.4,"safe_price":0.4495357357357357,"ft_order_side":"sell","order_filled_timestamp":1737126300000,"ft_is_entry":false,"ft_order_tag":"roi","cost":30.778992568648643}]},{"pair":"LTC/USDT","stake_amount":30.37275,"max_stake_amount":30.37275,"amount":0.225,"open_date":"2025-01-17 13:25:00+00:00","close_date":"2025-01-17 16:10:00+00:00","open_rate":134.99,"close_rate":136.6115015015015,"fee_open":0.001,"fee_close":0.001,"trade_duration":165,"profit_ratio":0.009990009990009988,"profit_abs":0.3037275,"exit_reason":"roi","initial_stop_loss_abs":121.5,"initial_stop_loss_ratio":-0.1,"stop_loss_abs":121.5,"stop_loss_ratio":-0.1,"min_rate":133.21,"max_rate":137.04,"is_open":false,"enter_tag":"","leverage":1.0,"is_short":false,"open_timestamp":1737120300000,"close_timestamp":1737130200000,"orders":[{"amount":0.225,"safe_price":134.99,"ft_order_side":"buy","order_filled_timestamp":1737120300000,"ft_is_entry":true,"ft_order_tag":"","cost":30.40312275},{"amount":0.225,"safe_price":136.6115015015015,"ft_order_side":"sell","order_filled_timestamp":1737130200000,"ft_is_entry":false,"ft_order_tag":"roi","cost":30.76832542567567}]},{"pair":"ACX/USDT","stake_amount":30.5939,"max_stake_amount":30.5939,"amount":69.5,"open_date":"2025-01-17 19:05:00+00:00","close_date":"2025-01-17 20:05:00+00:00","open_rate":0.4402,"close_rate":0.4468,"fee_open":0.001,"fee_close":0.001,"trade_duration":60,"profit_ratio":0.012965226504526823,"profit_abs":0.3970535,"exit_reason":"roi","initial_stop_loss_abs":0.3962,"initial_stop_loss_ratio":-0.1,"stop_loss_abs":0.3962,"stop_loss_ratio":-0.1,"min_rate":0.439,"max_rate":0.4485,"is_open":false,"enter_tag":"","leverage":1.0,"is_short":false,"open_timestamp":1737140700000,"close_timestamp":1737144300000,"orders":[{"amount":69.5,"safe_price":0.4402,"ft_order_side":"buy","order_filled_timestamp":1737140700000,"ft_is_entry":true,"ft_order_tag":"","cost":30.624493899999994},{"amount":69.5,"safe_price":0.4468,"ft_order_side":"sell","order_filled_timestamp":1737144300000,"ft_is_entry":false,"ft_order_tag":"roi","cost":31.083652599999994}]},{"pair":"ACX/USDT","stake_amount":30.71976,"max_stake_amount":30.71976,"amount":74.4,"open_date":"2025-01-18 06:20:00+00:00","close_date":"2025-01-19 02:40:00+00:00","open_rate":0.4129,"close_rate":0.4178597597597597,"fee_open":0.001,"fee_close":0.001,"trade_duration":1220,"profit_ratio":0.00999000999000999,"profit_abs":0.3071976,"exit_reason":"roi","initial_stop_loss_abs":0.3717,"initial_stop_loss_ratio":-0.1,"stop_loss_abs":0.3717,"stop_loss_ratio":-0.1,"min_rate":0.3857,"max_rate":0.419,"is_open":false,"enter_tag":"","leverage":1.0,"is_short":false,"open_timestamp":1737181200000,"close_timestamp":1737254400000,"orders":[{"amount":74.4,"safe_price":0.4129,"ft_order_side":"buy","order_filled_timestamp":1737181200000,"ft_is_entry":true,"ft_order_tag":"","cost":30.750479759999997},{"amount":74.4,"safe_price":0.4178597597597597,"ft_order_side":"sell","order_filled_timestamp":1737254400000,"ft_is_entry":false,"ft_order_tag":"roi","cost":31.119854892252246}]},{"pair":"LTC/USDT","stake_amount":30.7139,"max_stake_amount":30.7139,"amount":0.238,"open_date":"2025-01-18 05:05:00+00:00","close_date":"2025-01-19 09:00:00+00:00","open_rate":129.05,"close_rate":116.15,"fee_open":0.001,"fee_close":0.001,"trade_duration":1675,"profit_ratio":-0.10175953453752756,"profit_abs":-3.1285576,"exit_reason":"stop_loss","initial_stop_loss_abs":116.15,"initial_stop_loss_ratio":-0.1,"stop_loss_abs":116.15,"stop_loss_ratio":-0.1,"min_rate":116.1,"max_rate":130.33,"is_open":false,"enter_tag":"","leverage":1.0,"is_short":false,"open_timestamp":1737176700000,"close_timestamp":1737277200000,"orders":[{"amount":0.238,"safe_price":129.05,"ft_order_side":"buy","order_filled_timestamp":1737176700000,"ft_is_entry":true,"ft_order_tag":"","cost":30.744613899999997},{"amount":0.238,"safe_price":116.15,"ft_order_side":"sell","order_filled_timestamp":1737277200000,"ft_is_entry":false,"ft_order_tag":"stop_loss","cost":27.671343699999998}]},{"pair":"LTC/USDT","stake_amount":29.7075,"max_stake_amount":29.7075,"amount":0.255,"open_date":"2025-01-19 09:30:00+00:00","close_date":"2025-01-19 12:50:00+00:00","open_rate":116.5,"close_rate":117.8993993993994,"fee_open":0.001,"fee_close":0.001,"trade_duration":200,"profit_ratio":0.00999000999000999,"profit_abs":0.297075,"exit_reason":"roi","initial_stop_loss_abs":104.86,"initial_stop_loss_ratio":-0.1,"stop_loss_abs":104.86,"stop_loss_ratio":-0.1,"min_rate":114.21,"max_rate":118.52,"is_open":false,"enter_tag":"","leverage":1.0,"is_short":false,"open_timestamp":1737279000000,"close_timestamp":1737291000000,"orders":[{"amount":0.255,"safe_price":116.5,"ft_order_side":"buy","order_filled_timestamp":1737279000000,"ft_is_entry":true,"ft_order_tag":"","cost":29.737207499999997},{"amount":0.255,"safe_price":117.8993993993994,"ft_order_side":"sell","order_filled_timestamp":1737291000000,"ft_is_entry":false,"ft_order_tag":"roi","cost":30.09441119369369}]},{"pair":"ACX/USDT","stake_amount":30.8334,"max_stake_amount":30.8334,"amount":76.7,"open_date":"2025-01-19 07:05:00+00:00","close_date":"2025-01-19 14:10:00+00:00","open_rate":0.402,"close_rate":0.4068288288288288,"fee_open":0.001,"fee_close":0.001,"trade_duration":425,"profit_ratio":0.00999000999000999,"profit_abs":0.308334,"exit_reason":"roi","initial_stop_loss_abs":0.3618,"initial_stop_loss_ratio":-0.1,"stop_loss_abs":0.3618,"stop_loss_ratio":-0.1,"min_rate":0.38,"max_rate":0.4131,"is_open":false,"enter_tag":"","leverage":1.0,"is_short":false,"open_timestamp":1737270300000,"close_timestamp":1737295800000,"orders":[{"amount":76.7,"safe_price":0.402,"ft_order_side":"buy","order_filled_timestamp":1737270300000,"ft_is_entry":true,"ft_order_tag":"","cost":30.8642334},{"amount":76.7,"safe_price":0.4068288288288288,"ft_order_side":"sell","order_filled_timestamp":1737295800000,"ft_is_entry":false,"ft_order_tag":"roi","cost":31.23497494234234}]},{"pair":"ACX/USDT","stake_amount":29.9847,"max_stake_amount":29.9847,"amount":76.2,"open_date":"2025-01-19 22:15:00+00:00","close_date":"2025-01-20 05:05:00+00:00","open_rate":0.3935,"close_rate":0.3982267267267267,"fee_open":0.001,"fee_close":0.001,"trade_duration":410,"profit_ratio":0.009990009990009988,"profit_abs":0.299847,"exit_reason":"roi","initial_stop_loss_abs":0.3542,"initial_stop_loss_ratio":-0.1,"stop_loss_abs":0.3542,"stop_loss_ratio":-0.1,"min_rate":0.3692,"max_rate":0.3986,"is_open":false,"enter_tag":"","leverage":1.0,"is_short":false,"open_timestamp":1737324900000,"close_timestamp":1737349500000,"orders":[{"amount":76.2,"safe_price":0.3935,"ft_order_side":"buy","order_filled_timestamp":1737324900000,"ft_is_entry":true,"ft_order_tag":"","cost":30.0146847},{"amount":76.2,"safe_price":0.3982267267267267,"ft_order_side":"sell","order_filled_timestamp":1737349500000,"ft_is_entry":false,"ft_order_tag":"roi","cost":30.375221453153152}]},{"pair":"LTC/USDT","stake_amount":29.95776,"max_stake_amount":29.95776,"amount":0.252,"open_date":"2025-01-19 22:05:00+00:00","close_date":"2025-01-20 06:45:00+00:00","open_rate":118.88,"close_rate":120.30798798798797,"fee_open":0.001,"fee_close":0.001,"trade_duration":520,"profit_ratio":0.00999000999000999,"profit_abs":0.2995776,"exit_reason":"roi","initial_stop_loss_abs":107.0,"initial_stop_loss_ratio":-0.1,"stop_loss_abs":107.0,"stop_loss_ratio":-0.1,"min_rate":111.0,"max_rate":120.34,"is_open":false,"enter_tag":"","leverage":1.0,"is_short":false,"open_timestamp":1737324300000,"close_timestamp":1737355500000,"orders":[{"amount":0.252,"safe_price":118.88,"ft_order_side":"buy","order_filled_timestamp":1737324300000,"ft_is_entry":true,"ft_order_tag":"","cost":29.987717759999995},{"amount":0.252,"safe_price":120.30798798798797,"ft_order_side":"sell","order_filled_timestamp":1737355500000,"ft_is_entry":false,"ft_order_tag":"roi","cost":30.34793058594594}]},{"pair":"LTC/USDT","stake_amount":30.14472,"max_stake_amount":30.14472,"amount":0.254,"open_date":"2025-01-20 16:20:00+00:00","close_date":"2025-01-20 17:20:00+00:00","open_rate":118.68,"close_rate":120.10558558558559,"fee_open":0.001,"fee_close":0.001,"trade_duration":60,"profit_ratio":0.009990009990009992,"profit_abs":0.3014472,"exit_reason":"roi","initial_stop_loss_abs":106.82,"initial_stop_loss_ratio":-0.1,"stop_loss_abs":106.82,"stop_loss_ratio":-0.1,"min_rate":116.32,"max_rate":121.24,"is_open":false,"enter_tag":"","leverage":1.0,"is_short":false,"open_timestamp":1737390000000,"close_timestamp":1737393600000,"orders":[{"amount":0.254,"safe_price":118.68,"ft_order_side":"buy","order_filled_timestamp":1737390000000,"ft_is_entry":true,"ft_order_tag":"","cost":30.17486472},{"amount":0.254,"safe_price":120.10558558558559,"ft_order_side":"sell","order_filled_timestamp":1737393600000,"ft_is_entry":false,"ft_order_tag":"roi","cost":30.537325557477477}]},{"pair":"ACX/USDT","stake_amount":30.28425,"max_stake_amount":30.28425,"amount":74.5,"open_date":"2025-01-22 02:10:00+00:00","close_date":"2025-01-22 03:20:00+00:00","open_rate":0.4065,"close_rate":0.4113828828828828,"fee_open":0.001,"fee_close":0.001,"trade_duration":70,"profit_ratio":0.00999000999000999,"profit_abs":0.3028425,"exit_reason":"roi","initial_stop_loss_abs":0.3659,"initial_stop_loss_ratio":-0.1,"stop_loss_abs":0.3659,"stop_loss_ratio":-0.1,"min_rate":0.4061,"max_rate":0.4125,"is_open":false,"enter_tag":"","leverage":1.0,"is_short":false,"open_timestamp":1737511800000,"close_timestamp":1737516000000,"orders":[{"amount":74.5,"safe_price":0.4065,"ft_order_side":"buy","order_filled_timestamp":1737511800000,"ft_is_entry":true,"ft_order_tag":"","cost":30.314534249999994},{"amount":74.5,"safe_price":0.4113828828828828,"ft_order_side":"sell","order_filled_timestamp":1737516000000,"ft_is_entry":false,"ft_order_tag":"roi","cost":30.678672799549542}]},{"pair":"ACX/USDT","stake_amount":30.38856,"max_stake_amount":30.38856,"amount":76.2,"open_date":"2025-01-22 21:30:00+00:00","close_date":"2025-01-23 04:10:00+00:00","open_rate":0.3988,"close_rate":0.40359039039039035,"fee_open":0.001,"fee_close":0.001,"trade_duration":400,"profit_ratio":0.009990009990009988,"profit_abs":0.3038856,"exit_reason":"roi","initial_stop_loss_abs":0.359,"initial_stop_loss_ratio":-0.1,"stop_loss_abs":0.359,"stop_loss_ratio":-0.1,"min_rate":0.3867,"max_rate":0.4049,"is_open":false,"enter_tag":"","leverage":1.0,"is_short":false,"open_timestamp":1737581400000,"close_timestamp":1737605400000,"orders":[{"amount":76.2,"safe_price":0.3988,"ft_order_side":"buy","order_filled_timestamp":1737581400000,"ft_is_entry":true,"ft_order_tag":"","cost":30.418948559999997},{"amount":76.2,"safe_price":0.40359039039039035,"ft_order_side":"sell","order_filled_timestamp":1737605400000,"ft_is_entry":false,"ft_order_tag":"roi","cost":30.78434133549549}]},{"pair":"ACX/USDT","stake_amount":30.48316,"max_stake_amount":30.48316,"amount":76.9,"open_date":"2025-01-23 19:30:00+00:00","close_date":"2025-01-23 20:30:00+00:00","open_rate":0.3964,"close_rate":0.4015,"fee_open":0.001,"fee_close":0.001,"trade_duration":60,"profit_ratio":0.010842084252780519,"profit_abs":0.33083149,"exit_reason":"roi","initial_stop_loss_abs":0.3568,"initial_stop_loss_ratio":-0.1,"stop_loss_abs":0.3568,"stop_loss_ratio":-0.1,"min_rate":0.3901,"max_rate":0.4051,"is_open":false,"enter_tag":"","leverage":1.0,"is_short":false,"open_timestamp":1737660600000,"close_timestamp":1737664200000,"orders":[{"amount":76.9,"safe_price":0.3964,"ft_order_side":"buy","order_filled_timestamp":1737660600000,"ft_is_entry":true,"ft_order_tag":"","cost":30.513643159999997},{"amount":76.9,"safe_price":0.4015,"ft_order_side":"sell","order_filled_timestamp":1737664200000,"ft_is_entry":false,"ft_order_tag":"roi","cost":30.90622535}]},{"pair":"ACX/USDT","stake_amount":30.58848,"max_stake_amount":30.58848,"amount":77.4,"open_date":"2025-01-24 01:05:00+00:00","close_date":"2025-01-24 02:05:00+00:00","open_rate":0.3952,"close_rate":0.3999471471471471,"fee_open":0.001,"fee_close":0.001,"trade_duration":60,"profit_ratio":0.00999000999000999,"profit_abs":0.3058848,"exit_reason":"roi","initial_stop_loss_abs":0.3557,"initial_stop_loss_ratio":-0.1,"stop_loss_abs":0.3557,"stop_loss_ratio":-0.1,"min_rate":0.391,"max_rate":0.4007,"is_open":false,"enter_tag":"","leverage":1.0,"is_short":false,"open_timestamp":1737680700000,"close_timestamp":1737684300000,"orders":[{"amount":77.4,"safe_price":0.3952,"ft_order_side":"buy","order_filled_timestamp":1737680700000,"ft_is_entry":true,"ft_order_tag":"","cost":30.619068479999996},{"amount":77.4,"safe_price":0.3999471471471471,"ft_order_side":"sell","order_filled_timestamp":1737684300000,"ft_is_entry":false,"ft_order_tag":"roi","cost":30.98686509837837}]},{"pair":"LTC/USDT","stake_amount":30.31242,"max_stake_amount":30.31242,"amount":0.258,"open_date":"2025-01-22 04:50:00+00:00","close_date":"2025-01-24 09:10:00+00:00","open_rate":117.49,"close_rate":118.90129129129127,"fee_open":0.001,"fee_close":0.001,"trade_duration":3140,"profit_ratio":0.00999000999000999,"profit_abs":0.3031242,"exit_reason":"roi","initial_stop_loss_abs":105.75,"initial_stop_loss_ratio":-0.1,"stop_loss_abs":105.75,"stop_loss_ratio":-0.1,"min_rate":111.24,"max_rate":119.2,"is_open":false,"enter_tag":"","leverage":1.0,"is_short":false,"open_timestamp":1737521400000,"close_timestamp":1737709800000,"orders":[{"amount":0.258,"safe_price":117.49,"ft_order_side":"buy","order_filled_timestamp":1737521400000,"ft_is_entry":true,"ft_order_tag":"","cost":30.342732419999997},{"amount":0.258,"safe_price":118.90129129129127,"ft_order_side":"sell","order_filled_timestamp":1737709800000,"ft_is_entry":false,"ft_order_tag":"roi","cost":30.707209686306296}]},{"pair":"LTC/USDT","stake_amount":30.71748,"max_stake_amount":30.71748,"amount":0.258,"open_date":"2025-01-24 19:15:00+00:00","close_date":"2025-01-24 21:20:00+00:00","open_rate":119.06,"close_rate":120.49015015015014,"fee_open":0.001,"fee_close":0.001,"trade_duration":125,"profit_ratio":0.00999000999000999,"profit_abs":0.3071748,"exit_reason":"roi","initial_stop_loss_abs":107.16,"initial_stop_loss_ratio":-0.1,"stop_loss_abs":107.16,"stop_loss_ratio":-0.1,"min_rate":116.44,"max_rate":121.93,"is_open":false,"enter_tag":"","leverage":1.0,"is_short":false,"open_timestamp":1737746100000,"close_timestamp":1737753600000,"orders":[{"amount":0.258,"safe_price":119.06,"ft_order_side":"buy","order_filled_timestamp":1737746100000,"ft_is_entry":true,"ft_order_tag":"","cost":30.748197479999998},{"amount":0.258,"safe_price":120.49015015015014,"ft_order_side":"sell","order_filled_timestamp":1737753600000,"ft_is_entry":false,"ft_order_tag":"roi","cost":31.117545197477472}]},{"pair":"LTC/USDT","stake_amount":30.88316,"max_stake_amount":30.88316,"amount":0.259,"open_date":"2025-01-24 21:25:00+00:00","close_date":"2025-01-25 01:00:00+00:00","open_rate":119.24,"close_rate":120.6723123123123,"fee_open":0.001,"fee_close":0.001,"trade_duration":215,"profit_ratio":0.00999000999000999,"profit_abs":0.3088316,"exit_reason":"roi","initial_stop_loss_abs":107.32,"initial_stop_loss_ratio":-0.1,"stop_loss_abs":107.32,"stop_loss_ratio":-0.1,"min_rate":117.8,"max_rate":122.9,"is_open":false,"enter_tag":"","leverage":1.0,"is_short":false,"open_timestamp":1737753900000,"close_timestamp":1737766800000,"orders":[{"amount":0.259,"safe_price":119.24,"ft_order_side":"buy","order_filled_timestamp":1737753900000,"ft_is_entry":true,"ft_order_tag":"","cost":30.91404316},{"amount":0.259,"safe_price":120.6723123123123,"ft_order_side":"sell","order_filled_timestamp":1737766800000,"ft_is_entry":false,"ft_order_tag":"roi","cost":31.28538301777777}]}],"locks":[],"best_pair":{"key":"ACX/USDT","trades":26,"profit_mean":-0.0022220089712902454,"profit_mean_pct":-0.22,"profit_sum":-0.05777223325354638,"profit_sum_pct":-5.78,"profit_total_abs":-2.3374367000000005,"profit_total":-0.023374367000000004,"profit_total_pct":-2.34,"duration_avg":"6:24:00","wins":23,"draws":0,"losses":3,"winrate":0.8846153846153846},"worst_pair":{"key":"LTC/USDT","trades":19,"profit_mean":-0.007112755936259199,"profit_mean_pct":-0.71,"profit_sum":-0.13514236278892477,"profit_sum_pct":-13.51,"profit_total_abs":-4.573514770000001,"profit_total":-0.045735147700000006,"profit_total_pct":-4.57,"duration_avg":"12:57:00","wins":16,"draws":0,"losses":3,"winrate":0.8421052631578947},"results_per_pair":[{"key":"ACX/USDT","trades":26,"profit_mean":-0.0022220089712902454,"profit_mean_pct":-0.22,"profit_sum":-0.05777223325354638,"profit_sum_pct":-5.78,"profit_total_abs":-2.3374367000000005,"profit_total":-0.023374367000000004,"profit_total_pct":-2.34,"duration_avg":"6:24:00","wins":23,"draws":0,"losses":3,"winrate":0.8846153846153846},{"key":"LTC/USDT","trades":19,"profit_mean":-0.007112755936259199,"profit_mean_pct":-0.71,"profit_sum":-0.13514236278892477,"profit_sum_pct":-13.51,"profit_total_abs":-4.573514770000001,"profit_total":-0.045735147700000006,"profit_total_pct":-4.57,"duration_avg":"12:57:00","wins":16,"draws":0,"losses":3,"winrate":0.8421052631578947},{"key":"TOTAL","trades":45,"profit_mean":-0.004286991023166027,"profit_mean_pct":-0.43,"profit_sum":-0.19291459604247121,"profit_sum_pct":-19.29,"profit_total_abs":-6.910951470000002,"profit_total":-0.06910951470000003,"profit_total_pct":-6.91,"duration_avg":"9:10:00","wins":39,"draws":0,"losses":6,"winrate":0.8666666666666667}],"results_per_enter_tag":[{"key":"","trades":45,"profit_mean":-0.004286991023166027,"profit_mean_pct":-0.43,"profit_sum":-0.19291459604247121,"profit_sum_pct":-19.29,"profit_total_abs":-6.910951470000002,"profit_total":-0.06910951470000003,"profit_total_pct":-6.91,"duration_avg":"9:10:00","wins":39,"draws":0,"losses":6,"winrate":0.8666666666666667},{"key":"TOTAL","trades":45,"profit_mean":-0.004286991023166027,"profit_mean_pct":-0.43,"profit_sum":-0.19291459604247121,"profit_sum_pct":-19.29,"profit_total_abs":-6.910951470000002,"profit_total":-0.06910951470000003,"profit_total_pct":-6.91,"duration_avg":"9:10:00","wins":39,"draws":0,"losses":6,"winrate":0.8666666666666667}],"exit_reason_summary":[{"key":"roi","trades":39,"profit_mean":0.01070538255709536,"profit_mean_pct":1.07,"profit_sum":0.4175099197267191,"profit_sum_pct":41.75,"profit_total_abs":13.044863099999997,"profit_total":0.13044863099999998,"profit_total_pct":13.04,"duration_avg":"6:15:00","wins":39,"draws":0,"losses":0,"winrate":1.0},{"key":"stop_loss","trades":6,"profit_mean":-0.10173741929486506,"profit_mean_pct":-10.17,"profit_sum":-0.6104245157691903,"profit_sum_pct":-61.04,"profit_total_abs":-19.95581457,"profit_total":-0.19955814570000002,"profit_total_pct":-19.96,"duration_avg":"1 day, 4:11:00","wins":0,"draws":0,"losses":6,"winrate":0.0},{"key":"TOTAL","trades":45,"profit_mean":-0.004286991023166027,"profit_mean_pct":-0.43,"profit_sum":-0.19291459604247121,"profit_sum_pct":-19.29,"profit_total_abs":-6.910951470000002,"profit_total":-0.06910951470000003,"profit_total_pct":-6.91,"duration_avg":"9:10:00","wins":39,"draws":0,"losses":6,"winrate":0.8666666666666667}],"mix_tag_stats":[{"key":["","roi"],"trades":39,"profit_mean":0.01070538255709536,"profit_mean_pct":1.07,"profit_sum":0.4175099197267191,"profit_sum_pct":41.75,"profit_total_abs":13.044863099999997,"profit_total":0.13044863099999998,"profit_total_pct":13.04,"duration_avg":"6:15:00","wins":39,"draws":0,"losses":0,"winrate":1.0},{"key":["","stop_loss"],"trades":6,"profit_mean":-0.10173741929486506,"profit_mean_pct":-10.17,"profit_sum":-0.6104245157691903,"profit_sum_pct":-61.04,"profit_total_abs":-19.95581457,"profit_total":-0.19955814570000002,"profit_total_pct":-19.96,"duration_avg":"1 day, 4:11:00","wins":0,"draws":0,"losses":6,"winrate":0.0},{"key":"TOTAL","trades":45,"profit_mean":-0.004286991023166027,"profit_mean_pct":-0.43,"profit_sum":-0.19291459604247121,"profit_sum_pct":-19.29,"profit_total_abs":-6.910951470000002,"profit_total":-0.06910951470000003,"profit_total_pct":-6.91,"duration_avg":"9:10:00","wins":39,"draws":0,"losses":6,"winrate":0.8666666666666667}],"left_open_trades":[{"key":"TOTAL","trades":0,"profit_mean":0.0,"profit_mean_pct":0.0,"profit_sum":0.0,"profit_sum_pct":0.0,"profit_total_abs":0.0,"profit_total":0.0,"profit_total_pct":0.0,"duration_avg":"0:00","wins":0,"draws":0,"losses":0,"winrate":0.0}],"total_trades":45,"trade_count_long":45,"trade_count_short":0,"total_volume":2827.417434212743,"avg_stake_amount":31.429768888888884,"profit_mean":-0.004286991023166027,"profit_median":0.00999000999000999,"profit_total":-0.06910951470000003,"profit_total_long":-0.06910951470000003,"profit_total_short":0.0,"profit_total_abs":-6.910951470000002,"profit_total_long_abs":-6.910951470000002,"profit_total_short_abs":0.0,"cagr":-0.6634888874506228,"expectancy":-0.1535766993333334,"expectancy_ratio":-0.046175022962242296,"sortino":-42.818691660553206,"sharpe":-4.411947895644268,"calmar":-42.56920334214565,"profit_factor":0.6536873277831824,"backtest_start":"2025-01-01 00:00:00","backtest_start_ts":1735689600000,"backtest_end":"2025-01-25 17:40:00","backtest_end_ts":1737826800000,"backtest_days":24,"backtest_run_start_ts":1737827191,"backtest_run_end_ts":1737827192,"trades_per_day":1.88,"market_change":-0.02151131695272479,"pairlist":["LTC/USDT","ACX/USDT"],"stake_amount":"unlimited","stake_currency":"USDT","stake_currency_decimals":3,"starting_balance":100,"dry_run_wallet":100,"final_balance":93.08904853,"rejected_signals":0,"timedout_entry_orders":0,"timedout_exit_orders":0,"canceled_trade_entries":0,"canceled_entry_orders":0,"replaced_entry_orders":0,"max_open_trades":2,"max_open_trades_setting":3,"timeframe":"5m","timeframe_detail":"","timerange":"20250101-","enable_protections":false,"strategy_name":"ReinforcementLearner","stoploss":-0.1,"trailing_stop":false,"trailing_stop_positive":null,"trailing_stop_positive_offset":0.0,"trailing_only_offset_is_reached":false,"use_custom_stoploss":false,"minimal_roi":{"60":0.01,"30":0.02,"0":0.04},"use_exit_signal":true,"exit_profit_only":false,"exit_profit_offset":0.0,"ignore_roi_if_entry_signal":false,"trading_mode":"spot","margin_mode":"","periodic_breakdown":{"day":[{"date":"01/01/2025","date_ts":1735689600000,"profit_abs":0.6655418,"wins":2,"draws":0,"loses":0,"winrate":1.0},{"date":"02/01/2025","date_ts":1735776000000,"profit_abs":0.335355,"wins":1,"draws":0,"loses":0,"winrate":1.0},{"date":"03/01/2025","date_ts":1735862400000,"profit_abs":0.3361995,"wins":1,"draws":0,"loses":0,"winrate":1.0},{"date":"04/01/2025","date_ts":1735948800000,"profit_abs":0.337464,"wins":1,"draws":0,"loses":0,"winrate":1.0},{"date":"05/01/2025","date_ts":1736035200000,"profit_abs":0.3370899,"wins":1,"draws":0,"loses":0,"winrate":1.0},{"date":"06/01/2025","date_ts":1736121600000,"profit_abs":0.6797903,"wins":2,"draws":0,"loses":0,"winrate":1.0},{"date":"07/01/2025","date_ts":1736208000000,"profit_abs":-6.9598323,"wins":0,"draws":0,"loses":2,"winrate":0.0},{"date":"08/01/2025","date_ts":1736294400000,"profit_abs":-1.7047763,"wins":3,"draws":0,"loses":1,"winrate":0.75},{"date":"09/01/2025","date_ts":1736380800000,"profit_abs":1.58337995,"wins":5,"draws":0,"loses":0,"winrate":1.0},{"date":"10/01/2025","date_ts":1736467200000,"profit_abs":0.3182701,"wins":1,"draws":0,"loses":0,"winrate":1.0},{"date":"11/01/2025","date_ts":1736553600000,"profit_abs":0.0,"wins":0,"draws":0,"loses":0,"winrate":0.0},{"date":"12/01/2025","date_ts":1736640000000,"profit_abs":0.0,"wins":0,"draws":0,"loses":0,"winrate":0.0},{"date":"13/01/2025","date_ts":1736726400000,"profit_abs":-5.89588981,"wins":2,"draws":0,"loses":2,"winrate":0.5},{"date":"14/01/2025","date_ts":1736812800000,"profit_abs":0.299136,"wins":1,"draws":0,"loses":0,"winrate":1.0},{"date":"15/01/2025","date_ts":1736899200000,"profit_abs":0.300768,"wins":1,"draws":0,"loses":0,"winrate":1.0},{"date":"16/01/2025","date_ts":1736985600000,"profit_abs":0.301712,"wins":1,"draws":0,"loses":0,"winrate":1.0},{"date":"17/01/2025","date_ts":1737072000000,"profit_abs":1.3073446,"wins":4,"draws":0,"loses":0,"winrate":1.0},{"date":"18/01/2025","date_ts":1737158400000,"profit_abs":0.0,"wins":0,"draws":0,"loses":0,"winrate":0.0},{"date":"19/01/2025","date_ts":1737244800000,"profit_abs":-2.215951,"wins":3,"draws":0,"loses":1,"winrate":0.75},{"date":"20/01/2025","date_ts":1737331200000,"profit_abs":0.9008718,"wins":3,"draws":0,"loses":0,"winrate":1.0},{"date":"21/01/2025","date_ts":1737417600000,"profit_abs":0.0,"wins":0,"draws":0,"loses":0,"winrate":0.0},{"date":"22/01/2025","date_ts":1737504000000,"profit_abs":0.3028425,"wins":1,"draws":0,"loses":0,"winrate":1.0},{"date":"23/01/2025","date_ts":1737590400000,"profit_abs":0.63471709,"wins":2,"draws":0,"loses":0,"winrate":1.0},{"date":"24/01/2025","date_ts":1737676800000,"profit_abs":0.9161838,"wins":3,"draws":0,"loses":0,"winrate":1.0},{"date":"25/01/2025","date_ts":1737763200000,"profit_abs":0.3088316,"wins":1,"draws":0,"loses":0,"winrate":1.0}],"week":[{"date":"06/01/2025","date_ts":1736121600000,"profit_abs":2.6914405,"wins":8,"draws":0,"loses":0,"winrate":1.0},{"date":"13/01/2025","date_ts":1736726400000,"profit_abs":-12.65884836,"wins":11,"draws":0,"loses":5,"winrate":0.6875},{"date":"20/01/2025","date_ts":1737331200000,"profit_abs":0.8938814,"wins":13,"draws":0,"loses":1,"winrate":0.9285714285714286},{"date":"27/01/2025","date_ts":1737936000000,"profit_abs":2.16257499,"wins":7,"draws":0,"loses":0,"winrate":1.0}],"month":[{"date":"31/01/2025","date_ts":1738281600000,"profit_abs":-6.91095147,"wins":39,"draws":0,"loses":6,"winrate":0.8666666666666667}]},"backtest_best_day":0.050234566220793475,"backtest_worst_day":-0.2034756602722883,"backtest_best_day_abs":1.58337995,"backtest_worst_day_abs":-6.9598323,"winning_days":17,"draw_days":4,"losing_days":4,"daily_profit":[["2025-01-01",0.6655418],["2025-01-02",0.335355],["2025-01-03",0.3361995],["2025-01-04",0.337464],["2025-01-05",0.3370899],["2025-01-06",0.6797903],["2025-01-07",-6.9598323],["2025-01-08",-1.7047763],["2025-01-09",1.58337995],["2025-01-10",0.3182701],["2025-01-11",0.0],["2025-01-12",0.0],["2025-01-13",-5.89588981],["2025-01-14",0.299136],["2025-01-15",0.300768],["2025-01-16",0.301712],["2025-01-17",1.3073446],["2025-01-18",0.0],["2025-01-19",-2.215951],["2025-01-20",0.9008718],["2025-01-21",0.0],["2025-01-22",0.3028425],["2025-01-23",0.63471709],["2025-01-24",0.9161838],["2025-01-25",0.3088316]],"wins":39,"losses":6,"draws":0,"winrate":0.8666666666666667,"holding_avg":"9:10:00","holding_avg_s":33000.0,"winner_holding_avg":"6:15:00","winner_holding_avg_s":22500.0,"loser_holding_avg":"1 day, 4:11:00","loser_holding_avg_s":101460.0,"max_consecutive_wins":12,"max_consecutive_losses":3,"max_drawdown_account":0.1292342155819695,"max_relative_drawdown":0.1292342155819695,"max_drawdown_abs":13.27124776,"drawdown_start":"2025-01-06 16:00:00","drawdown_start_ts":1736179200000.0,"drawdown_end":"2025-01-19 09:00:00","drawdown_end_ts":1737277200000.0,"max_drawdown_low":-10.579807259999999,"max_drawdown_high":2.6914405,"csum_min":89.42019274,"csum_max":102.6914405}},"strategy_comparison":[{"key":"ReinforcementLearner","trades":45,"profit_mean":-0.004286991023166027,"profit_mean_pct":-0.43,"profit_sum":-0.19291459604247121,"profit_sum_pct":-19.29,"profit_total_abs":-6.910951470000002,"profit_total":-0.06910951470000003,"profit_total_pct":-6.91,"duration_avg":"9:10:00","wins":39,"draws":0,"losses":6,"winrate":0.8666666666666667,"max_drawdown_account":0.1292342155819695,"max_drawdown_abs":"13.271"}]}