{"strategy":{"c":{"trades":[{"pair":"ACX/USDT","stake_amount":33.29142,"max_stake_amount":33.29142,"amount":72.2,"open_date":"2025-01-08 17:45:00+00:00","close_date":"2025-01-08 18:30:00+00:00","open_rate":0.4611,"close_rate":0.4749,"fee_open":0.001,"fee_close":0.001,"trade_duration":45,"profit_ratio":0.027870632945454023,"profit_abs":0.9287808,"exit_reason":"roi","initial_stop_loss_abs":0.415,"initial_stop_loss_ratio":-0.1,"stop_loss_abs":0.415,"stop_loss_ratio":-0.1,"min_rate":0.4592,"max_rate":0.4769,"is_open":false,"enter_tag":"","leverage":1.0,"is_short":false,"open_timestamp":1736358300000,"close_timestamp":1736361000000,"orders":[{"amount":72.2,"safe_price":0.4611,"ft_order_side":"buy","order_filled_timestamp":1736358300000,"ft_is_entry":true,"ft_order_tag":"","cost":33.32471142},{"amount":72.2,"safe_price":0.4749,"ft_order_side":"sell","order_filled_timestamp":1736361000000,"ft_is_entry":false,"ft_order_tag":"roi","cost":34.32206778}]},{"pair":"LTC/USDT","stake_amount":33.28714,"max_stake_amount":33.28714,"amount":0.314,"open_date":"2025-01-07 15:50:00+00:00","close_date":"2025-01-10 19:35:00+00:00","open_rate":106.01,"close_rate":106.22223223223222,"fee_open":0.001,"fee_close":0.001,"trade_duration":4545,"profit_ratio":0.0,"profit_abs":0.0,"exit_reason":"roi","initial_stop_loss_abs":95.41,"initial_stop_loss_ratio":-0.1,"stop_loss_abs":95.41,"stop_loss_ratio":-0.1,"min_rate":97.21,"max_rate":106.62,"is_open":false,"enter_tag":"","leverage":1.0,"is_short":false,"open_timestamp":1736265000000,"close_timestamp":1736537700000,"orders":[{"amount":0.314,"safe_price":106.01,"ft_order_side":"buy","order_filled_timestamp":1736265000000,"ft_is_entry":true,"ft_order_tag":"","cost":33.32042714},{"amount":0.314,"safe_price":106.22223223223222,"ft_order_side":"sell","order_filled_timestamp":1736537700000,"ft_is_entry":false,"ft_order_tag":"roi","cost":33.38713470184184}]},{"pair":"ACX/USDT","stake_amount":33.62727,"max_stake_amount":33.62727,"amount":84.3,"open_date":"2025-01-13 09:40:00+00:00","close_date":"2025-01-13 20:50:00+00:00","open_rate":0.3989,"close_rate":0.3996985985985986,"fee_open":0.001,"fee_close":0.001,"trade_duration":670,"profit_ratio":0.0,"profit_abs":0.0,"exit_reason":"roi","initial_stop_loss_abs":0.3591,"initial_stop_loss_ratio":-0.1,"stop_loss_abs":0.3591,"stop_loss_ratio":-0.1,"min_rate":0.3697,"max_rate":0.4018,"is_open":false,"enter_tag":"","leverage":1.0,"is_short":false,"open_timestamp":1736761200000,"close_timestamp":1736801400000,"orders":[{"amount":84.3,"safe_price":0.3989,"ft_order_side":"buy","order_filled_timestamp":1736761200000,"ft_is_entry":true,"ft_order_tag":"","cost":33.66089726999999},{"amount":84.3,"safe_price":0.3996985985985986,"ft_order_side":"sell","order_filled_timestamp":1736801400000,"ft_is_entry":false,"ft_order_tag":"roi","cost":33.72828645372372}]},{"pair":"ACX/USDT","stake_amount":33.62,"max_stake_amount":33.62,"amount":82.0,"open_date":"2025-01-18 06:05:00+00:00","close_date":"2025-01-19 00:15:00+00:00","open_rate":0.41,"close_rate":0.4108208208208208,"fee_open":0.001,"fee_close":0.001,"trade_duration":1090,"profit_ratio":0.0,"profit_abs":0.0,"exit_reason":"roi","initial_stop_loss_abs":0.369,"initial_stop_loss_ratio":-0.1,"stop_loss_abs":0.369,"stop_loss_ratio":-0.1,"min_rate":0.3857,"max_rate":0.4142,"is_open":false,"enter_tag":"","leverage":1.0,"is_short":false,"open_timestamp":1737180300000,"close_timestamp":1737245700000,"orders":[{"amount":82.0,"safe_price":0.41,"ft_order_side":"buy","order_filled_timestamp":1737180300000,"ft_is_entry":true,"ft_order_tag":"","cost":33.65362},{"amount":82.0,"safe_price":0.4108208208208208,"ft_order_side":"sell","order_filled_timestamp":1737245700000,"ft_is_entry":false,"ft_order_tag":"roi","cost":33.720994614614604}]}],"locks":[],"best_pair":{"key":"ACX/USDT","trades":3,"profit_mean":0.009290210981818007,"profit_mean_pct":0.93,"profit_sum":0.027870632945454023,"profit_sum_pct":2.79,"profit_total_abs":0.9287808,"profit_total":0.009287808,"profit_total_pct":0.93,"duration_avg":"10:02:00","wins":1,"draws":2,"losses":0,"winrate":0.3333333333333333},"worst_pair":{"key":"LTC/USDT","trades":1,"profit_mean":0.0,"profit_mean_pct":0.0,"profit_sum":0.0,"profit_sum_pct":0.0,"profit_total_abs":0.0,"profit_total":0.0,"profit_total_pct":0.0,"duration_avg":"3 days, 3:45:00","wins":0,"draws":1,"losses":0,"winrate":0.0},"results_per_pair":[{"key":"ACX/USDT","trades":3,"profit_mean":0.009290210981818007,"profit_mean_pct":0.93,"profit_sum":0.027870632945454023,"profit_sum_pct":2.79,"profit_total_abs":0.9287808,"profit_total":0.009287808,"profit_total_pct":0.93,"duration_avg":"10:02:00","wins":1,"draws":2,"losses":0,"winrate":0.3333333333333333},{"key":"LTC/USDT","trades":1,"profit_mean":0.0,"profit_mean_pct":0.0,"profit_sum":0.0,"profit_sum_pct":0.0,"profit_total_abs":0.0,"profit_total":0.0,"profit_total_pct":0.0,"duration_avg":"3 days, 3:45:00","wins":0,"draws":1,"losses":0,"winrate":0.0},{"key":"TOTAL","trades":4,"profit_mean":0.006967658236363506,"profit_mean_pct":0.7,"profit_sum":0.027870632945454023,"profit_sum_pct":2.79,"profit_total_abs":0.9287808,"profit_total":0.009287808,"profit_total_pct":0.93,"duration_avg":"1 day, 2:28:00","wins":1,"draws":3,"losses":0,"winrate":0.25}],"results_per_enter_tag":[{"key":"","trades":4,"profit_mean":0.006967658236363506,"profit_mean_pct":0.7,"profit_sum":0.027870632945454023,"profit_sum_pct":2.79,"profit_total_abs":0.9287808,"profit_total":0.009287808,"profit_total_pct":0.93,"duration_avg":"1 day, 2:28:00","wins":1,"draws":3,"losses":0,"winrate":0.25},{"key":"TOTAL","trades":4,"profit_mean":0.006967658236363506,"profit_mean_pct":0.7,"profit_sum":0.027870632945454023,"profit_sum_pct":2.79,"profit_total_abs":0.9287808,"profit_total":0.009287808,"profit_total_pct":0.93,"duration_avg":"1 day, 2:28:00","wins":1,"draws":3,"losses":0,"winrate":0.25}],"exit_reason_summary":[{"key":"roi","trades":4,"profit_mean":0.006967658236363506,"profit_mean_pct":0.7,"profit_sum":0.027870632945454023,"profit_sum_pct":2.79,"profit_total_abs":0.9287808,"profit_total":0.009287808,"profit_total_pct":0.93,"duration_avg":"1 day, 2:28:00","wins":1,"draws":3,"losses":0,"winrate":0.25},{"key":"TOTAL","trades":4,"profit_mean":0.006967658236363506,"profit_mean_pct":0.7,"profit_sum":0.027870632945454023,"profit_sum_pct":2.79,"profit_total_abs":0.9287808,"profit_total":0.009287808,"profit_total_pct":0.93,"duration_avg":"1 day, 2:28:00","wins":1,"draws":3,"losses":0,"winrate":0.25}],"mix_tag_stats":[{"key":["","roi"],"trades":4,"profit_mean":0.006967658236363506,"profit_mean_pct":0.7,"profit_sum":0.027870632945454023,"profit_sum_pct":2.79,"profit_total_abs":0.9287808,"profit_total":0.009287808,"profit_total_pct":0.93,"duration_avg":"1 day, 2:28:00","wins":1,"draws":3,"losses":0,"winrate":0.25},{"key":"TOTAL","trades":4,"profit_mean":0.006967658236363506,"profit_mean_pct":0.7,"profit_sum":0.027870632945454023,"profit_sum_pct":2.79,"profit_total_abs":0.9287808,"profit_total":0.009287808,"profit_total_pct":0.93,"duration_avg":"1 day, 2:28:00","wins":1,"draws":3,"losses":0,"winrate":0.25}],"left_open_trades":[{"key":"TOTAL","trades":0,"profit_mean":0.0,"profit_mean_pct":0.0,"profit_sum":0.0,"profit_sum_pct":0.0,"profit_total_abs":0.0,"profit_total":0.0,"profit_total_pct":0.0,"duration_avg":"0:00","wins":0,"draws":0,"losses":0,"winrate":0.0}],"total_trades":4,"trade_count_long":4,"trade_count_short":0,"total_volume":269.11813938018014,"avg_stake_amount":33.456457500000006,"profit_mean":0.006967658236363506,"profit_median":0.0,"profit_total":0.009287808,"profit_total_long":0.009287808,"profit_total_short":0.0,"profit_total_abs":0.9287808,"profit_total_long_abs":0.9287808,"profit_total_short_abs":0.0,"cagr":0.1509643456845402,"expectancy":0.2321952,"expectancy_ratio":100.0,"sortino":-100,"sharpe":1.8383769008638107,"calmar":-100,"profit_factor":0.0,"backtest_start":"2025-01-01 00:00:00","backtest_start_ts":1735689600000,"backtest_end":"2025-01-25 17:40:00","backtest_end_ts":1737826800000,"backtest_days":24,"backtest_run_start_ts":1737835604,"backtest_run_end_ts":1737835604,"trades_per_day":0.17,"market_change":-0.02151131695272479,"pairlist":["LTC/USDT","ACX/USDT"],"stake_amount":"unlimited","stake_currency":"USDT","stake_currency_decimals":3,"starting_balance":100,"dry_run_wallet":100,"final_balance":100.9287808,"rejected_signals":0,"timedout_entry_orders":0,"timedout_exit_orders":0,"canceled_trade_entries":0,"canceled_entry_orders":0,"replaced_entry_orders":0,"max_open_trades":2,"max_open_trades_setting":3,"timeframe":"5m","timeframe_detail":"","timerange":"20250101-","enable_protections":false,"strategy_name":"c","stoploss":-0.1,"trailing_stop":false,"trailing_stop_positive":null,"trailing_stop_positive_offset":0.0,"trailing_only_offset_is_reached":false,"use_custom_stoploss":false,"minimal_roi":{"0":0.239,"26":0.065,"45":0.019,"147":0},"use_exit_signal":true,"exit_profit_only":false,"exit_profit_offset":0.0,"ignore_roi_if_entry_signal":false,"trading_mode":"spot","margin_mode":"","periodic_breakdown":{"day":[{"date":"08/01/2025","date_ts":1736294400000,"profit_abs":0.9287808,"wins":1,"draws":0,"loses":0,"winrate":1.0},{"date":"09/01/2025","date_ts":1736380800000,"profit_abs":0.0,"wins":0,"draws":0,"loses":0,"winrate":0.0},{"date":"10/01/2025","date_ts":1736467200000,"profit_abs":0.0,"wins":0,"draws":1,"loses":0,"winrate":0.0},{"date":"11/01/2025","date_ts":1736553600000,"profit_abs":0.0,"wins":0,"draws":0,"loses":0,"winrate":0.0},{"date":"12/01/2025","date_ts":1736640000000,"profit_abs":0.0,"wins":0,"draws":0,"loses":0,"winrate":0.0},{"date":"13/01/2025","date_ts":1736726400000,"profit_abs":0.0,"wins":0,"draws":1,"loses":0,"winrate":0.0},{"date":"14/01/2025","date_ts":1736812800000,"profit_abs":0.0,"wins":0,"draws":0,"loses":0,"winrate":0.0},{"date":"15/01/2025","date_ts":1736899200000,"profit_abs":0.0,"wins":0,"draws":0,"loses":0,"winrate":0.0},{"date":"16/01/2025","date_ts":1736985600000,"profit_abs":0.0,"wins":0,"draws":0,"loses":0,"winrate":0.0},{"date":"17/01/2025","date_ts":1737072000000,"profit_abs":0.0,"wins":0,"draws":0,"loses":0,"winrate":0.0},{"date":"18/01/2025","date_ts":1737158400000,"profit_abs":0.0,"wins":0,"draws":0,"loses":0,"winrate":0.0},{"date":"19/01/2025","date_ts":1737244800000,"profit_abs":0.0,"wins":0,"draws":1,"loses":0,"winrate":0.0}],"week":[{"date":"13/01/2025","date_ts":1736726400000,"profit_abs":0.9287808,"wins":1,"draws":2,"loses":0,"winrate":0.3333333333333333},{"date":"20/01/2025","date_ts":1737331200000,"profit_abs":0.0,"wins":0,"draws":1,"loses":0,"winrate":0.0}],"month":[{"date":"31/01/2025","date_ts":1738281600000,"profit_abs":0.9287808,"wins":1,"draws":3,"loses":0,"winrate":0.25}]},"backtest_best_day":0.027870632945454023,"backtest_worst_day":0.0,"backtest_best_day_abs":0.9287808,"backtest_worst_day_abs":0.0,"winning_days":1,"draw_days":11,"losing_days":0,"daily_profit":[["2025-01-08",0.9287808],["2025-01-09",0.0],["2025-01-10",0.0],["2025-01-11",0.0],["2025-01-12",0.0],["2025-01-13",0.0],["2025-01-14",0.0],["2025-01-15",0.0],["2025-01-16",0.0],["2025-01-17",0.0],["2025-01-18",0.0],["2025-01-19",0.0]],"wins":1,"losses":0,"draws":3,"winrate":0.25,"holding_avg":"1 day, 2:28:00","holding_avg_s":95280.0,"winner_holding_avg":"0:45:00","winner_holding_avg_s":2700.0,"loser_holding_avg":"0:00:00","loser_holding_avg_s":0.0,"max_consecutive_wins":1,"max_consecutive_losses":3,"max_drawdown_account":0.0,"max_relative_drawdown":0.0,"max_drawdown_abs":0.0,"max_drawdown_low":0.0,"max_drawdown_high":0.0,"drawdown_start":"1970-01-01 00:00:00+00:00","drawdown_start_ts":0,"drawdown_end":"1970-01-01 00:00:00+00:00","drawdown_end_ts":0,"csum_min":0,"csum_max":0}},"strategy_comparison":[{"key":"c","trades":4,"profit_mean":0.006967658236363506,"profit_mean_pct":0.7,"profit_sum":0.027870632945454023,"profit_sum_pct":2.79,"profit_total_abs":0.9287808,"profit_total":0.009287808,"profit_total_pct":0.93,"duration_avg":"1 day, 2:28:00","wins":1,"draws":3,"losses":0,"winrate":0.25,"max_drawdown_account":0.0,"max_drawdown_abs":"0"}]}