{"strategy":{"ReinforcementLearner":{"trades":[{"pair":"LTC/USDT","stake_amount":33.27226,"max_stake_amount":33.27226,"amount":0.322,"open_date":"2025-01-01 09:05:00+00:00","close_date":"2025-01-01 11:30:00+00:00","open_rate":103.33,"close_rate":103.53686686686684,"fee_open":0.001,"fee_close":0.001,"trade_duration":145,"profit_ratio":0.0,"profit_abs":0.0,"exit_reason":"roi","initial_stop_loss_abs":93.0,"initial_stop_loss_ratio":-0.1,"stop_loss_abs":93.0,"stop_loss_ratio":-0.1,"min_rate":102.03,"max_rate":103.59,"is_open":false,"enter_tag":"","leverage":1.0,"is_short":false,"open_timestamp":1735722300000,"close_timestamp":1735731000000,"orders":[{"amount":0.322,"safe_price":103.33,"ft_order_side":"buy","order_filled_timestamp":1735722300000,"ft_is_entry":true,"ft_order_tag":"","cost":33.30553226},{"amount":0.322,"safe_price":103.53686686686684,"ft_order_side":"sell","order_filled_timestamp":1735731000000,"ft_is_entry":false,"ft_order_tag":"roi","cost":33.37221000226226}]},{"pair":"ACX/USDT","stake_amount":33.28192,"max_stake_amount":33.28192,"amount":60.8,"open_date":"2025-01-01 09:55:00+00:00","close_date":"2025-01-01 11:50:00+00:00","open_rate":0.5474,"close_rate":0.5518,"fee_open":0.001,"fee_close":0.001,"trade_duration":115,"profit_ratio":0.006023935874136824,"profit_abs":0.20068864,"exit_reason":"roi","initial_stop_loss_abs":0.4927,"initial_stop_loss_ratio":-0.1,"stop_loss_abs":0.4927,"stop_loss_ratio":-0.1,"min_rate":0.5436,"max_rate":0.555,"is_open":false,"enter_tag":"","leverage":1.0,"is_short":false,"open_timestamp":1735725300000,"close_timestamp":1735732200000,"orders":[{"amount":60.8,"safe_price":0.5474,"ft_order_side":"buy","order_filled_timestamp":1735725300000,"ft_is_entry":true,"ft_order_tag":"","cost":33.31520191999999},{"amount":60.8,"safe_price":0.5518,"ft_order_side":"sell","order_filled_timestamp":1735732200000,"ft_is_entry":false,"ft_order_tag":"roi","cost":33.58298943999999}]},{"pair":"ACX/USDT","stake_amount":33.35775,"max_stake_amount":33.35775,"amount":56.3,"open_date":"2025-01-02 11:30:00+00:00","close_date":"2025-01-02 14:30:00+00:00","open_rate":0.5925,"close_rate":0.5936861861861861,"fee_open":0.001,"fee_close":0.001,"trade_duration":180,"profit_ratio":0.0,"profit_abs":0.0,"exit_reason":"roi","initial_stop_loss_abs":0.5333,"initial_stop_loss_ratio":-0.1,"stop_loss_abs":0.5333,"stop_loss_ratio":-0.1,"min_rate":0.5797,"max_rate":0.6014,"is_open":false,"enter_tag":"","leverage":1.0,"is_short":false,"open_timestamp":1735817400000,"close_timestamp":1735828200000,"orders":[{"amount":56.3,"safe_price":0.5925,"ft_order_side":"buy","order_filled_timestamp":1735817400000,"ft_is_entry":true,"ft_order_tag":"","cost":33.391107749999996},{"amount":56.3,"safe_price":0.5936861861861861,"ft_order_side":"sell","order_filled_timestamp":1735828200000,"ft_is_entry":false,"ft_order_tag":"roi","cost":33.45795681456455}]},{"pair":"ACX/USDT","stake_amount":33.39007,"max_stake_amount":33.39007,"amount":58.1,"open_date":"2025-01-03 01:55:00+00:00","close_date":"2025-01-03 03:50:00+00:00","open_rate":0.5747,"close_rate":0.5758505505505505,"fee_open":0.001,"fee_close":0.001,"trade_duration":115,"profit_ratio":0.0,"profit_abs":0.0,"exit_reason":"roi","initial_stop_loss_abs":0.5173,"initial_stop_loss_ratio":-0.1,"stop_loss_abs":0.5173,"stop_loss_ratio":-0.1,"min_rate":0.5711,"max_rate":0.5811,"is_open":false,"enter_tag":"","leverage":1.0,"is_short":false,"open_timestamp":1735869300000,"close_timestamp":1735876200000,"orders":[{"amount":58.1,"safe_price":0.5747,"ft_order_side":"buy","order_filled_timestamp":1735869300000,"ft_is_entry":true,"ft_order_tag":"","cost":33.42346007},{"amount":58.1,"safe_price":0.5758505505505505,"ft_order_side":"sell","order_filled_timestamp":1735876200000,"ft_is_entry":false,"ft_order_tag":"roi","cost":33.49037390397397}]},{"pair":"LTC/USDT","stake_amount":33.37302,"max_stake_amount":33.37302,"amount":0.298,"open_date":"2025-01-04 00:45:00+00:00","close_date":"2025-01-04 03:00:00+00:00","open_rate":111.99,"close_rate":112.2142042042042,"fee_open":0.001,"fee_close":0.001,"trade_duration":135,"profit_ratio":0.0,"profit_abs":0.0,"exit_reason":"roi","initial_stop_loss_abs":100.8,"initial_stop_loss_ratio":-0.1,"stop_loss_abs":100.8,"stop_loss_ratio":-0.1,"min_rate":110.7,"max_rate":112.25,"is_open":false,"enter_tag":"","leverage":1.0,"is_short":false,"open_timestamp":1735951500000,"close_timestamp":1735959600000,"orders":[{"amount":0.298,"safe_price":111.99,"ft_order_side":"buy","order_filled_timestamp":1735951500000,"ft_is_entry":true,"ft_order_tag":"","cost":33.406393019999996},{"amount":0.298,"safe_price":112.2142042042042,"ft_order_side":"sell","order_filled_timestamp":1735959600000,"ft_is_entry":false,"ft_order_tag":"roi","cost":33.473272685705695}]},{"pair":"LTC/USDT","stake_amount":33.35983,"max_stake_amount":33.35983,"amount":0.301,"open_date":"2025-01-04 09:15:00+00:00","close_date":"2025-01-04 11:10:00+00:00","open_rate":110.83,"close_rate":112.2,"fee_open":0.001,"fee_close":0.001,"trade_duration":115,"profit_ratio":0.010338574175080537,"profit_abs":0.34523797,"exit_reason":"roi","initial_stop_loss_abs":99.75,"initial_stop_loss_ratio":-0.1,"stop_loss_abs":99.75,"stop_loss_ratio":-0.1,"min_rate":110.71,"max_rate":112.26,"is_open":false,"enter_tag":"","leverage":1.0,"is_short":false,"open_timestamp":1735982100000,"close_timestamp":1735989000000,"orders":[{"amount":0.301,"safe_price":110.83,"ft_order_side":"buy","order_filled_timestamp":1735982100000,"ft_is_entry":true,"ft_order_tag":"","cost":33.39318982999999},{"amount":0.301,"safe_price":112.2,"ft_order_side":"sell","order_filled_timestamp":1735989000000,"ft_is_entry":false,"ft_order_tag":"roi","cost":33.80597219999999}]},{"pair":"ACX/USDT","stake_amount":33.49872,"max_stake_amount":33.49872,"amount":54.1,"open_date":"2025-01-04 16:05:00+00:00","close_date":"2025-01-04 18:00:00+00:00","open_rate":0.6192,"close_rate":0.6231,"fee_open":0.001,"fee_close":0.001,"trade_duration":115,"profit_ratio":0.004287863299491206,"profit_abs":0.14378157,"exit_reason":"roi","initial_stop_loss_abs":0.5573,"initial_stop_loss_ratio":-0.1,"stop_loss_abs":0.5573,"stop_loss_ratio":-0.1,"min_rate":0.6145,"max_rate":0.6254,"is_open":false,"enter_tag":"","leverage":1.0,"is_short":false,"open_timestamp":1736006700000,"close_timestamp":1736013600000,"orders":[{"amount":54.1,"safe_price":0.6192,"ft_order_side":"buy","order_filled_timestamp":1736006700000,"ft_is_entry":true,"ft_order_tag":"","cost":33.532218719999996},{"amount":54.1,"safe_price":0.6231,"ft_order_side":"sell","order_filled_timestamp":1736013600000,"ft_is_entry":false,"ft_order_tag":"roi","cost":33.74341971}]},{"pair":"LTC/USDT","stake_amount":33.47421,"max_stake_amount":33.47421,"amount":0.301,"open_date":"2025-01-05 08:25:00+00:00","close_date":"2025-01-05 11:05:00+00:00","open_rate":111.21,"close_rate":111.43264264264262,"fee_open":0.001,"fee_close":0.001,"trade_duration":160,"profit_ratio":0.0,"profit_abs":0.0,"exit_reason":"roi","initial_stop_loss_abs":100.09,"initial_stop_loss_ratio":-0.1,"stop_loss_abs":100.09,"stop_loss_ratio":-0.1,"min_rate":110.71,"max_rate":111.46,"is_open":false,"enter_tag":"","leverage":1.0,"is_short":false,"open_timestamp":1736065500000,"close_timestamp":1736075100000,"orders":[{"amount":0.301,"safe_price":111.21,"ft_order_side":"buy","order_filled_timestamp":1736065500000,"ft_is_entry":true,"ft_order_tag":"","cost":33.507684209999994},{"amount":0.301,"safe_price":111.43264264264262,"ft_order_side":"sell","order_filled_timestamp":1736075100000,"ft_is_entry":false,"ft_order_tag":"roi","cost":33.574766660870864}]},{"pair":"ACX/USDT","stake_amount":33.50496,"max_stake_amount":33.50496,"amount":54.4,"open_date":"2025-01-06 00:25:00+00:00","close_date":"2025-01-06 02:35:00+00:00","open_rate":0.6159,"close_rate":0.6171330330330329,"fee_open":0.001,"fee_close":0.001,"trade_duration":130,"profit_ratio":0.0,"profit_abs":0.0,"exit_reason":"roi","initial_stop_loss_abs":0.5544,"initial_stop_loss_ratio":-0.1,"stop_loss_abs":0.5544,"stop_loss_ratio":-0.1,"min_rate":0.5955,"max_rate":0.6191,"is_open":false,"enter_tag":"","leverage":1.0,"is_short":false,"open_timestamp":1736123100000,"close_timestamp":1736130900000,"orders":[{"amount":54.4,"safe_price":0.6159,"ft_order_side":"buy","order_filled_timestamp":1736123100000,"ft_is_entry":true,"ft_order_tag":"","cost":33.53846495999999},{"amount":54.4,"safe_price":0.6171330330330329,"ft_order_side":"sell","order_filled_timestamp":1736130900000,"ft_is_entry":false,"ft_order_tag":"roi","cost":33.605609033993986}]},{"pair":"LTC/USDT","stake_amount":33.52675,"max_stake_amount":33.52675,"amount":0.295,"open_date":"2025-01-06 07:35:00+00:00","close_date":"2025-01-06 11:25:00+00:00","open_rate":113.65,"close_rate":113.87752752752752,"fee_open":0.001,"fee_close":0.001,"trade_duration":230,"profit_ratio":0.0,"profit_abs":0.0,"exit_reason":"roi","initial_stop_loss_abs":102.29,"initial_stop_loss_ratio":-0.1,"stop_loss_abs":102.29,"stop_loss_ratio":-0.1,"min_rate":112.56,"max_rate":114.1,"is_open":false,"enter_tag":"","leverage":1.0,"is_short":false,"open_timestamp":1736148900000,"close_timestamp":1736162700000,"orders":[{"amount":0.295,"safe_price":113.65,"ft_order_side":"buy","order_filled_timestamp":1736148900000,"ft_is_entry":true,"ft_order_tag":"","cost":33.56027674999999},{"amount":0.295,"safe_price":113.87752752752752,"ft_order_side":"sell","order_filled_timestamp":1736162700000,"ft_is_entry":false,"ft_order_tag":"roi","cost":33.62746449124123}]},{"pair":"LTC/USDT","stake_amount":33.45646,"max_stake_amount":33.45646,"amount":0.298,"open_date":"2025-01-06 13:25:00+00:00","close_date":"2025-01-06 14:55:00+00:00","open_rate":112.27,"close_rate":114.63003003003,"fee_open":0.001,"fee_close":0.001,"trade_duration":90,"profit_ratio":0.018981018981018977,"profit_abs":0.63567274,"exit_reason":"roi","initial_stop_loss_abs":101.05,"initial_stop_loss_ratio":-0.1,"stop_loss_abs":101.05,"stop_loss_ratio":-0.1,"min_rate":111.91,"max_rate":114.69,"is_open":false,"enter_tag":"","leverage":1.0,"is_short":false,"open_timestamp":1736169900000,"close_timestamp":1736175300000,"orders":[{"amount":0.298,"safe_price":112.27,"ft_order_side":"buy","order_filled_timestamp":1736169900000,"ft_is_entry":true,"ft_order_tag":"","cost":33.489916459999996},{"amount":0.298,"safe_price":114.63003003003,"ft_order_side":"sell","order_filled_timestamp":1736175300000,"ft_is_entry":false,"ft_order_tag":"roi","cost":34.19390869789788}]},{"pair":"LTC/USDT","stake_amount":33.70848,"max_stake_amount":33.70848,"amount":0.296,"open_date":"2025-01-06 20:55:00+00:00","close_date":"2025-01-07 00:35:00+00:00","open_rate":113.88,"close_rate":114.10798798798797,"fee_open":0.001,"fee_close":0.001,"trade_duration":220,"profit_ratio":0.0,"profit_abs":0.0,"exit_reason":"roi","initial_stop_loss_abs":102.5,"initial_stop_loss_ratio":-0.1,"stop_loss_abs":102.5,"stop_loss_ratio":-0.1,"min_rate":113.01,"max_rate":114.13,"is_open":false,"enter_tag":"","leverage":1.0,"is_short":false,"open_timestamp":1736196900000,"close_timestamp":1736210100000,"orders":[{"amount":0.296,"safe_price":113.88,"ft_order_side":"buy","order_filled_timestamp":1736196900000,"ft_is_entry":true,"ft_order_tag":"","cost":33.74218847999999},{"amount":0.296,"safe_price":114.10798798798797,"ft_order_side":"sell","order_filled_timestamp":1736210100000,"ft_is_entry":false,"ft_order_tag":"roi","cost":33.80974040888888}]},{"pair":"ACX/USDT","stake_amount":33.76323,"max_stake_amount":33.76323,"amount":57.1,"open_date":"2025-01-07 05:20:00+00:00","close_date":"2025-01-07 07:15:00+00:00","open_rate":0.5913,"close_rate":0.5955,"fee_open":0.001,"fee_close":0.001,"trade_duration":115,"profit_ratio":0.005090799611347557,"profit_abs":0.17205372,"exit_reason":"roi","initial_stop_loss_abs":0.5322,"initial_stop_loss_ratio":-0.1,"stop_loss_abs":0.5322,"stop_loss_ratio":-0.1,"min_rate":0.5879,"max_rate":0.5977,"is_open":false,"enter_tag":"","leverage":1.0,"is_short":false,"open_timestamp":1736227200000,"close_timestamp":1736234100000,"orders":[{"amount":57.1,"safe_price":0.5913,"ft_order_side":"buy","order_filled_timestamp":1736227200000,"ft_is_entry":true,"ft_order_tag":"","cost":33.79699323},{"amount":57.1,"safe_price":0.5955,"ft_order_side":"sell","order_filled_timestamp":1736234100000,"ft_is_entry":false,"ft_order_tag":"roi","cost":34.03705305}]},{"pair":"ACX/USDT","stake_amount":33.79677,"max_stake_amount":33.79677,"amount":58.1,"open_date":"2025-01-07 08:35:00+00:00","close_date":"2025-01-07 10:40:00+00:00","open_rate":0.5817,"close_rate":0.5828645645645645,"fee_open":0.001,"fee_close":0.001,"trade_duration":125,"profit_ratio":0.0,"profit_abs":0.0,"exit_reason":"roi","initial_stop_loss_abs":0.5236,"initial_stop_loss_ratio":-0.1,"stop_loss_abs":0.5236,"stop_loss_ratio":-0.1,"min_rate":0.5771,"max_rate":0.5863,"is_open":false,"enter_tag":"","leverage":1.0,"is_short":false,"open_timestamp":1736238900000,"close_timestamp":1736246400000,"orders":[{"amount":58.1,"safe_price":0.5817,"ft_order_side":"buy","order_filled_timestamp":1736238900000,"ft_is_entry":true,"ft_order_tag":"","cost":33.83056677},{"amount":58.1,"safe_price":0.5828645645645645,"ft_order_side":"sell","order_filled_timestamp":1736246400000,"ft_is_entry":false,"ft_order_tag":"roi","cost":33.898295632402395}]},{"pair":"ACX/USDT","stake_amount":33.80271,"max_stake_amount":33.80271,"amount":58.9,"open_date":"2025-01-07 11:55:00+00:00","close_date":"2025-01-07 13:50:00+00:00","open_rate":0.5739,"close_rate":0.5763,"fee_open":0.001,"fee_close":0.001,"trade_duration":115,"profit_ratio":0.0021755557563189554,"profit_abs":0.07361322,"exit_reason":"roi","initial_stop_loss_abs":0.5166,"initial_stop_loss_ratio":-0.1,"stop_loss_abs":0.5166,"stop_loss_ratio":-0.1,"min_rate":0.5726,"max_rate":0.5793,"is_open":false,"enter_tag":"","leverage":1.0,"is_short":false,"open_timestamp":1736250900000,"close_timestamp":1736257800000,"orders":[{"amount":58.9,"safe_price":0.5739,"ft_order_side":"buy","order_filled_timestamp":1736250900000,"ft_is_entry":true,"ft_order_tag":"","cost":33.836512709999994},{"amount":58.9,"safe_price":0.5763,"ft_order_side":"sell","order_filled_timestamp":1736257800000,"ft_is_entry":false,"ft_order_tag":"roi","cost":33.97801407}]},{"pair":"ACX/USDT","stake_amount":33.84302,"max_stake_amount":33.84302,"amount":62.2,"open_date":"2025-01-07 15:55:00+00:00","close_date":"2025-01-08 06:30:00+00:00","open_rate":0.5441,"close_rate":0.4897,"fee_open":0.001,"fee_close":0.001,"trade_duration":875,"profit_ratio":-0.10177985954497624,"profit_abs":-3.44798236,"exit_reason":"stop_loss","initial_stop_loss_abs":0.4897,"initial_stop_loss_ratio":-0.1,"stop_loss_abs":0.4897,"stop_loss_ratio":-0.1,"min_rate":0.4891,"max_rate":0.5447,"is_open":false,"enter_tag":"","leverage":1.0,"is_short":false,"open_timestamp":1736265300000,"close_timestamp":1736317800000,"orders":[{"amount":62.2,"safe_price":0.5441,"ft_order_side":"buy","order_filled_timestamp":1736265300000,"ft_is_entry":true,"ft_order_tag":"","cost":33.87686302},{"amount":62.2,"safe_price":0.4897,"ft_order_side":"sell","order_filled_timestamp":1736317800000,"ft_is_entry":false,"ft_order_tag":"stop_loss","cost":30.48979934}]},{"pair":"ACX/USDT","stake_amount":32.6928,"max_stake_amount":32.6928,"amount":67.2,"open_date":"2025-01-08 07:05:00+00:00","close_date":"2025-01-08 09:00:00+00:00","open_rate":0.4865,"close_rate":0.4936,"fee_open":0.001,"fee_close":0.001,"trade_duration":115,"profit_ratio":0.01256687813727896,"profit_abs":0.41125728,"exit_reason":"roi","initial_stop_loss_abs":0.4379,"initial_stop_loss_ratio":-0.1,"stop_loss_abs":0.4379,"stop_loss_ratio":-0.1,"min_rate":0.4858,"max_rate":0.4961,"is_open":false,"enter_tag":"","leverage":1.0,"is_short":false,"open_timestamp":1736319900000,"close_timestamp":1736326800000,"orders":[{"amount":67.2,"safe_price":0.4865,"ft_order_side":"buy","order_filled_timestamp":1736319900000,"ft_is_entry":true,"ft_order_tag":"","cost":32.7254928},{"amount":67.2,"safe_price":0.4936,"ft_order_side":"sell","order_filled_timestamp":1736326800000,"ft_is_entry":false,"ft_order_tag":"roi","cost":33.20308992}]},{"pair":"LTC/USDT","stake_amount":33.76026,"max_stake_amount":33.76026,"amount":0.303,"open_date":"2025-01-07 11:55:00+00:00","close_date":"2025-01-08 17:05:00+00:00","open_rate":111.42,"close_rate":100.28,"fee_open":0.001,"fee_close":0.001,"trade_duration":1750,"profit_ratio":-0.10178028756380936,"profit_abs":-3.4395651,"exit_reason":"stop_loss","initial_stop_loss_abs":100.28,"initial_stop_loss_ratio":-0.1,"stop_loss_abs":100.28,"stop_loss_ratio":-0.1,"min_rate":99.75,"max_rate":111.66,"is_open":false,"enter_tag":"","leverage":1.0,"is_short":false,"open_timestamp":1736250900000,"close_timestamp":1736355900000,"orders":[{"amount":0.303,"safe_price":111.42,"ft_order_side":"buy","order_filled_timestamp":1736250900000,"ft_is_entry":true,"ft_order_tag":"","cost":33.794020259999996},{"amount":0.303,"safe_price":100.28,"ft_order_side":"sell","order_filled_timestamp":1736355900000,"ft_is_entry":false,"ft_order_tag":"stop_loss","cost":30.415224839999997}]},{"pair":"LTC/USDT","stake_amount":31.67032,"max_stake_amount":31.67032,"amount":0.319,"open_date":"2025-01-08 17:45:00+00:00","close_date":"2025-01-08 18:25:00+00:00","open_rate":99.28,"close_rate":101.67,"fee_open":0.001,"fee_close":0.001,"trade_duration":40,"profit_ratio":0.02202722740595424,"profit_abs":0.69830695,"exit_reason":"roi","initial_stop_loss_abs":89.36,"initial_stop_loss_ratio":-0.1,"stop_loss_abs":89.36,"stop_loss_ratio":-0.1,"min_rate":99.05,"max_rate":102.17,"is_open":false,"enter_tag":"","leverage":1.0,"is_short":false,"open_timestamp":1736358300000,"close_timestamp":1736360700000,"orders":[{"amount":0.319,"safe_price":99.28,"ft_order_side":"buy","order_filled_timestamp":1736358300000,"ft_is_entry":true,"ft_order_tag":"","cost":31.701990319999997},{"amount":0.319,"safe_price":101.67,"ft_order_side":"sell","order_filled_timestamp":1736360700000,"ft_is_entry":false,"ft_order_tag":"roi","cost":32.465162729999996}]},{"pair":"ACX/USDT","stake_amount":31.67757,"max_stake_amount":31.67757,"amount":68.7,"open_date":"2025-01-08 17:45:00+00:00","close_date":"2025-01-08 18:25:00+00:00","open_rate":0.4611,"close_rate":0.4731,"fee_open":0.001,"fee_close":0.001,"trade_duration":40,"profit_ratio":0.023974724039785848,"profit_abs":0.76022046,"exit_reason":"roi","initial_stop_loss_abs":0.415,"initial_stop_loss_ratio":-0.1,"stop_loss_abs":0.415,"stop_loss_ratio":-0.1,"min_rate":0.4592,"max_rate":0.4769,"is_open":false,"enter_tag":"","leverage":1.0,"is_short":false,"open_timestamp":1736358300000,"close_timestamp":1736360700000,"orders":[{"amount":68.7,"safe_price":0.4611,"ft_order_side":"buy","order_filled_timestamp":1736358300000,"ft_is_entry":true,"ft_order_tag":"","cost":31.70924757},{"amount":68.7,"safe_price":0.4731,"ft_order_side":"sell","order_filled_timestamp":1736360700000,"ft_is_entry":false,"ft_order_tag":"roi","cost":32.53447197}]},{"pair":"ACX/USDT","stake_amount":32.1786,"max_stake_amount":32.1786,"amount":70.8,"open_date":"2025-01-09 08:00:00+00:00","close_date":"2025-01-09 09:55:00+00:00","open_rate":0.4545,"close_rate":0.4595,"fee_open":0.001,"fee_close":0.001,"trade_duration":115,"profit_ratio":0.008981117892008983,"profit_abs":0.2892888,"exit_reason":"roi","initial_stop_loss_abs":0.4091,"initial_stop_loss_ratio":-0.1,"stop_loss_abs":0.4091,"stop_loss_ratio":-0.1,"min_rate":0.4501,"max_rate":0.4639,"is_open":false,"enter_tag":"","leverage":1.0,"is_short":false,"open_timestamp":1736409600000,"close_timestamp":1736416500000,"orders":[{"amount":70.8,"safe_price":0.4545,"ft_order_side":"buy","order_filled_timestamp":1736409600000,"ft_is_entry":true,"ft_order_tag":"","cost":32.2107786},{"amount":70.8,"safe_price":0.4595,"ft_order_side":"sell","order_filled_timestamp":1736416500000,"ft_is_entry":false,"ft_order_tag":"roi","cost":32.5651326}]},{"pair":"LTC/USDT","stake_amount":32.25158,"max_stake_amount":32.25158,"amount":0.317,"open_date":"2025-01-09 14:15:00+00:00","close_date":"2025-01-09 15:25:00+00:00","open_rate":101.74,"close_rate":103.87867867867867,"fee_open":0.001,"fee_close":0.001,"trade_duration":70,"profit_ratio":0.018981018981018984,"profit_abs":0.61278002,"exit_reason":"roi","initial_stop_loss_abs":91.57,"initial_stop_loss_ratio":-0.1,"stop_loss_abs":91.57,"stop_loss_ratio":-0.1,"min_rate":100.96,"max_rate":104.42,"is_open":false,"enter_tag":"","leverage":1.0,"is_short":false,"open_timestamp":1736432100000,"close_timestamp":1736436300000,"orders":[{"amount":0.317,"safe_price":101.74,"ft_order_side":"buy","order_filled_timestamp":1736432100000,"ft_is_entry":true,"ft_order_tag":"","cost":32.28383157999999},{"amount":0.317,"safe_price":103.87867867867867,"ft_order_side":"sell","order_filled_timestamp":1736436300000,"ft_is_entry":false,"ft_order_tag":"roi","cost":32.96247068228227}]},{"pair":"ACX/USDT","stake_amount":32.2733,"max_stake_amount":32.2733,"amount":73.0,"open_date":"2025-01-09 14:15:00+00:00","close_date":"2025-01-09 15:30:00+00:00","open_rate":0.4421,"close_rate":0.45139339339339335,"fee_open":0.001,"fee_close":0.001,"trade_duration":75,"profit_ratio":0.018981018981018984,"profit_abs":0.6131927,"exit_reason":"roi","initial_stop_loss_abs":0.3979,"initial_stop_loss_ratio":-0.1,"stop_loss_abs":0.3979,"stop_loss_ratio":-0.1,"min_rate":0.432,"max_rate":0.4536,"is_open":false,"enter_tag":"","leverage":1.0,"is_short":false,"open_timestamp":1736432100000,"close_timestamp":1736436600000,"orders":[{"amount":73.0,"safe_price":0.4421,"ft_order_side":"buy","order_filled_timestamp":1736432100000,"ft_is_entry":true,"ft_order_tag":"","cost":32.3055733},{"amount":73.0,"safe_price":0.45139339339339335,"ft_order_side":"sell","order_filled_timestamp":1736436600000,"ft_is_entry":false,"ft_order_tag":"roi","cost":32.98466943543543}]},{"pair":"ACX/USDT","stake_amount":32.68872,"max_stake_amount":32.68872,"amount":74.7,"open_date":"2025-01-09 20:00:00+00:00","close_date":"2025-01-09 22:25:00+00:00","open_rate":0.4376,"close_rate":0.43847607607607597,"fee_open":0.001,"fee_close":0.001,"trade_duration":145,"profit_ratio":0.0,"profit_abs":0.0,"exit_reason":"roi","initial_stop_loss_abs":0.3939,"initial_stop_loss_ratio":-0.1,"stop_loss_abs":0.3939,"stop_loss_ratio":-0.1,"min_rate":0.4301,"max_rate":0.4411,"is_open":false,"enter_tag":"","leverage":1.0,"is_short":false,"open_timestamp":1736452800000,"close_timestamp":1736461500000,"orders":[{"amount":74.7,"safe_price":0.4376,"ft_order_side":"buy","order_filled_timestamp":1736452800000,"ft_is_entry":true,"ft_order_tag":"","cost":32.72140872},{"amount":74.7,"safe_price":0.43847607607607597,"ft_order_side":"sell","order_filled_timestamp":1736461500000,"ft_is_entry":false,"ft_order_tag":"roi","cost":32.786917045765755}]},{"pair":"LTC/USDT","stake_amount":32.62965,"max_stake_amount":32.62965,"amount":0.321,"open_date":"2025-01-09 20:45:00+00:00","close_date":"2025-01-09 22:40:00+00:00","open_rate":101.65,"close_rate":103.03,"fee_open":0.001,"fee_close":0.001,"trade_duration":115,"profit_ratio":0.011550869199664082,"profit_abs":0.37727772,"exit_reason":"roi","initial_stop_loss_abs":91.49,"initial_stop_loss_ratio":-0.1,"stop_loss_abs":91.49,"stop_loss_ratio":-0.1,"min_rate":101.31,"max_rate":103.26,"is_open":false,"enter_tag":"","leverage":1.0,"is_short":false,"open_timestamp":1736455500000,"close_timestamp":1736462400000,"orders":[{"amount":0.321,"safe_price":101.65,"ft_order_side":"buy","order_filled_timestamp":1736455500000,"ft_is_entry":true,"ft_order_tag":"","cost":32.66227965},{"amount":0.321,"safe_price":103.03,"ft_order_side":"sell","order_filled_timestamp":1736462400000,"ft_is_entry":false,"ft_order_tag":"roi","cost":33.10570263}]},{"pair":"ACX/USDT","stake_amount":32.81459,"max_stake_amount":32.81459,"amount":73.1,"open_date":"2025-01-10 13:55:00+00:00","close_date":"2025-01-10 17:40:00+00:00","open_rate":0.4489,"close_rate":0.4497986986986987,"fee_open":0.001,"fee_close":0.001,"trade_duration":225,"profit_ratio":0.0,"profit_abs":0.0,"exit_reason":"roi","initial_stop_loss_abs":0.4041,"initial_stop_loss_ratio":-0.1,"stop_loss_abs":0.4041,"stop_loss_ratio":-0.1,"min_rate":0.4328,"max_rate":0.4572,"is_open":false,"enter_tag":"","leverage":1.0,"is_short":false,"open_timestamp":1736517300000,"close_timestamp":1736530800000,"orders":[{"amount":73.1,"safe_price":0.4489,"ft_order_side":"buy","order_filled_timestamp":1736517300000,"ft_is_entry":true,"ft_order_tag":"","cost":32.84740458999999},{"amount":73.1,"safe_price":0.4497986986986987,"ft_order_side":"sell","order_filled_timestamp":1736530800000,"ft_is_entry":false,"ft_order_tag":"roi","cost":32.913165159749745}]},{"pair":"LTC/USDT","stake_amount":32.76945,"max_stake_amount":32.76945,"amount":0.315,"open_date":"2025-01-11 00:15:00+00:00","close_date":"2025-01-11 10:30:00+00:00","open_rate":104.03,"close_rate":104.23826826826826,"fee_open":0.001,"fee_close":0.001,"trade_duration":615,"profit_ratio":0.0,"profit_abs":0.0,"exit_reason":"roi","initial_stop_loss_abs":93.63,"initial_stop_loss_ratio":-0.1,"stop_loss_abs":93.63,"stop_loss_ratio":-0.1,"min_rate":102.85,"max_rate":104.44,"is_open":false,"enter_tag":"","leverage":1.0,"is_short":false,"open_timestamp":1736554500000,"close_timestamp":1736591400000,"orders":[{"amount":0.315,"safe_price":104.03,"ft_order_side":"buy","order_filled_timestamp":1736554500000,"ft_is_entry":true,"ft_order_tag":"","cost":32.802219449999996},{"amount":0.315,"safe_price":104.23826826826826,"ft_order_side":"sell","order_filled_timestamp":1736591400000,"ft_is_entry":false,"ft_order_tag":"roi","cost":32.867889559009}]},{"pair":"LTC/USDT","stake_amount":32.74293,"max_stake_amount":32.74293,"amount":0.317,"open_date":"2025-01-11 12:15:00+00:00","close_date":"2025-01-11 14:40:00+00:00","open_rate":103.29,"close_rate":103.49678678678679,"fee_open":0.001,"fee_close":0.001,"trade_duration":145,"profit_ratio":0.0,"profit_abs":0.0,"exit_reason":"roi","initial_stop_loss_abs":92.97,"initial_stop_loss_ratio":-0.1,"stop_loss_abs":92.97,"stop_loss_ratio":-0.1,"min_rate":102.67,"max_rate":103.67,"is_open":false,"enter_tag":"","leverage":1.0,"is_short":false,"open_timestamp":1736597700000,"close_timestamp":1736606400000,"orders":[{"amount":0.317,"safe_price":103.29,"ft_order_side":"buy","order_filled_timestamp":1736597700000,"ft_is_entry":true,"ft_order_tag":"","cost":32.77567293},{"amount":0.317,"safe_price":103.49678678678679,"ft_order_side":"sell","order_filled_timestamp":1736606400000,"ft_is_entry":false,"ft_order_tag":"roi","cost":32.84128989282282}]},{"pair":"ACX/USDT","stake_amount":32.77414,"max_stake_amount":32.77414,"amount":74.2,"open_date":"2025-01-12 00:35:00+00:00","close_date":"2025-01-12 02:30:00+00:00","open_rate":0.4417,"close_rate":0.4425842842842842,"fee_open":0.001,"fee_close":0.001,"trade_duration":115,"profit_ratio":0.0,"profit_abs":0.0,"exit_reason":"roi","initial_stop_loss_abs":0.3976,"initial_stop_loss_ratio":-0.1,"stop_loss_abs":0.3976,"stop_loss_ratio":-0.1,"min_rate":0.4403,"max_rate":0.4443,"is_open":false,"enter_tag":"","leverage":1.0,"is_short":false,"open_timestamp":1736642100000,"close_timestamp":1736649000000,"orders":[{"amount":74.2,"safe_price":0.4417,"ft_order_side":"buy","order_filled_timestamp":1736642100000,"ft_is_entry":true,"ft_order_tag":"","cost":32.806914139999996},{"amount":74.2,"safe_price":0.4425842842842842,"ft_order_side":"sell","order_filled_timestamp":1736649000000,"ft_is_entry":false,"ft_order_tag":"roi","cost":32.87259364778778}]},{"pair":"ACX/USDT","stake_amount":32.78772,"max_stake_amount":32.78772,"amount":75.6,"open_date":"2025-01-12 09:40:00+00:00","close_date":"2025-01-12 11:35:00+00:00","open_rate":0.4337,"close_rate":0.4367,"fee_open":0.001,"fee_close":0.001,"trade_duration":115,"profit_ratio":0.004905401262330015,"profit_abs":0.16099776,"exit_reason":"roi","initial_stop_loss_abs":0.3904,"initial_stop_loss_ratio":-0.1,"stop_loss_abs":0.3904,"stop_loss_ratio":-0.1,"min_rate":0.4318,"max_rate":0.438,"is_open":false,"enter_tag":"","leverage":1.0,"is_short":false,"open_timestamp":1736674800000,"close_timestamp":1736681700000,"orders":[{"amount":75.6,"safe_price":0.4337,"ft_order_side":"buy","order_filled_timestamp":1736674800000,"ft_is_entry":true,"ft_order_tag":"","cost":32.82050771999999},{"amount":75.6,"safe_price":0.4367,"ft_order_side":"sell","order_filled_timestamp":1736681700000,"ft_is_entry":false,"ft_order_tag":"roi","cost":33.04753451999999}]},{"pair":"LTC/USDT","stake_amount":32.74425,"max_stake_amount":32.74425,"amount":0.315,"open_date":"2025-01-12 06:40:00+00:00","close_date":"2025-01-12 17:15:00+00:00","open_rate":103.95,"close_rate":104.1581081081081,"fee_open":0.001,"fee_close":0.001,"trade_duration":635,"profit_ratio":0.0,"profit_abs":0.0,"exit_reason":"roi","initial_stop_loss_abs":93.56,"initial_stop_loss_ratio":-0.1,"stop_loss_abs":93.56,"stop_loss_ratio":-0.1,"min_rate":102.3,"max_rate":104.45,"is_open":false,"enter_tag":"","leverage":1.0,"is_short":false,"open_timestamp":1736664000000,"close_timestamp":1736702100000,"orders":[{"amount":0.315,"safe_price":103.95,"ft_order_side":"buy","order_filled_timestamp":1736664000000,"ft_is_entry":true,"ft_order_tag":"","cost":32.776994249999994},{"amount":0.315,"safe_price":104.1581081081081,"ft_order_side":"sell","order_filled_timestamp":1736702100000,"ft_is_entry":false,"ft_order_tag":"roi","cost":32.8426138581081}]},{"pair":"ACX/USDT","stake_amount":32.84623,"max_stake_amount":32.84623,"amount":75.7,"open_date":"2025-01-12 21:30:00+00:00","close_date":"2025-01-13 00:25:00+00:00","open_rate":0.4339,"close_rate":0.4347686686686686,"fee_open":0.001,"fee_close":0.001,"trade_duration":175,"profit_ratio":0.0,"profit_abs":0.0,"exit_reason":"roi","initial_stop_loss_abs":0.3906,"initial_stop_loss_ratio":-0.1,"stop_loss_abs":0.3906,"stop_loss_ratio":-0.1,"min_rate":0.4258,"max_rate":0.4391,"is_open":false,"enter_tag":"","leverage":1.0,"is_short":false,"open_timestamp":1736717400000,"close_timestamp":1736727900000,"orders":[{"amount":75.7,"safe_price":0.4339,"ft_order_side":"buy","order_filled_timestamp":1736717400000,"ft_is_entry":true,"ft_order_tag":"","cost":32.879076229999995},{"amount":75.7,"safe_price":0.4347686686686686,"ft_order_side":"sell","order_filled_timestamp":1736727900000,"ft_is_entry":false,"ft_order_tag":"roi","cost":32.94490020643643}]},{"pair":"LTC/USDT","stake_amount":32.79248,"max_stake_amount":32.79248,"amount":0.322,"open_date":"2025-01-12 23:05:00+00:00","close_date":"2025-01-13 00:30:00+00:00","open_rate":101.84,"close_rate":103.98078078078079,"fee_open":0.001,"fee_close":0.001,"trade_duration":85,"profit_ratio":0.01898101898101898,"profit_abs":0.62305712,"exit_reason":"roi","initial_stop_loss_abs":91.66,"initial_stop_loss_ratio":-0.1,"stop_loss_abs":91.66,"stop_loss_ratio":-0.1,"min_rate":101.68,"max_rate":104.47,"is_open":false,"enter_tag":"","leverage":1.0,"is_short":false,"open_timestamp":1736723100000,"close_timestamp":1736728200000,"orders":[{"amount":0.322,"safe_price":101.84,"ft_order_side":"buy","order_filled_timestamp":1736723100000,"ft_is_entry":true,"ft_order_tag":"","cost":32.82527248},{"amount":0.322,"safe_price":103.98078078078079,"ft_order_side":"sell","order_filled_timestamp":1736728200000,"ft_is_entry":false,"ft_order_tag":"roi","cost":33.51529322282282}]},{"pair":"LTC/USDT","stake_amount":33.05912,"max_stake_amount":33.05912,"amount":0.328,"open_date":"2025-01-13 03:00:00+00:00","close_date":"2025-01-13 04:55:00+00:00","open_rate":100.79,"close_rate":101.15,"fee_open":0.001,"fee_close":0.001,"trade_duration":115,"profit_ratio":0.0015666444875691828,"profit_abs":0.05184368,"exit_reason":"roi","initial_stop_loss_abs":90.72,"initial_stop_loss_ratio":-0.1,"stop_loss_abs":90.72,"stop_loss_ratio":-0.1,"min_rate":99.91,"max_rate":101.81,"is_open":false,"enter_tag":"","leverage":1.0,"is_short":false,"open_timestamp":1736737200000,"close_timestamp":1736744100000,"orders":[{"amount":0.328,"safe_price":100.79,"ft_order_side":"buy","order_filled_timestamp":1736737200000,"ft_is_entry":true,"ft_order_tag":"","cost":33.09217912},{"amount":0.328,"safe_price":101.15,"ft_order_side":"sell","order_filled_timestamp":1736744100000,"ft_is_entry":false,"ft_order_tag":"roi","cost":33.2103772}]},{"pair":"ACX/USDT","stake_amount":33.05297,"max_stake_amount":33.05297,"amount":77.9,"open_date":"2025-01-13 03:00:00+00:00","close_date":"2025-01-13 10:45:00+00:00","open_rate":0.4243,"close_rate":0.3819,"fee_open":0.001,"fee_close":0.001,"trade_duration":465,"profit_ratio":-0.10172763837623607,"profit_abs":-3.36576298,"exit_reason":"stop_loss","initial_stop_loss_abs":0.3819,"initial_stop_loss_ratio":-0.1,"stop_loss_abs":0.3819,"stop_loss_ratio":-0.1,"min_rate":0.3808,"max_rate":0.4277,"is_open":false,"enter_tag":"","leverage":1.0,"is_short":false,"open_timestamp":1736737200000,"close_timestamp":1736765100000,"orders":[{"amount":77.9,"safe_price":0.4243,"ft_order_side":"buy","order_filled_timestamp":1736737200000,"ft_is_entry":true,"ft_order_tag":"","cost":33.086022969999995},{"amount":77.9,"safe_price":0.3819,"ft_order_side":"sell","order_filled_timestamp":1736765100000,"ft_is_entry":false,"ft_order_tag":"stop_loss","cost":29.77976001}]},{"pair":"ACX/USDT","stake_amount":31.94127,"max_stake_amount":31.94127,"amount":84.3,"open_date":"2025-01-13 12:10:00+00:00","close_date":"2025-01-13 14:05:00+00:00","open_rate":0.3789,"close_rate":0.3796585585585585,"fee_open":0.001,"fee_close":0.001,"trade_duration":115,"profit_ratio":0.0,"profit_abs":0.0,"exit_reason":"roi","initial_stop_loss_abs":0.3411,"initial_stop_loss_ratio":-0.1,"stop_loss_abs":0.3411,"stop_loss_ratio":-0.1,"min_rate":0.3759,"max_rate":0.386,"is_open":false,"enter_tag":"","leverage":1.0,"is_short":false,"open_timestamp":1736770200000,"close_timestamp":1736777100000,"orders":[{"amount":84.3,"safe_price":0.3789,"ft_order_side":"buy","order_filled_timestamp":1736770200000,"ft_is_entry":true,"ft_order_tag":"","cost":31.973211269999997},{"amount":84.3,"safe_price":0.3796585585585585,"ft_order_side":"sell","order_filled_timestamp":1736777100000,"ft_is_entry":false,"ft_order_tag":"roi","cost":32.037221702972964}]},{"pair":"LTC/USDT","stake_amount":33.09318,"max_stake_amount":33.09318,"amount":0.339,"open_date":"2025-01-13 09:40:00+00:00","close_date":"2025-01-13 21:35:00+00:00","open_rate":97.62,"close_rate":97.81543543543543,"fee_open":0.001,"fee_close":0.001,"trade_duration":715,"profit_ratio":0.0,"profit_abs":0.0,"exit_reason":"roi","initial_stop_loss_abs":87.86,"initial_stop_loss_ratio":-0.1,"stop_loss_abs":87.86,"stop_loss_ratio":-0.1,"min_rate":92.57,"max_rate":97.87,"is_open":false,"enter_tag":"","leverage":1.0,"is_short":false,"open_timestamp":1736761200000,"close_timestamp":1736804100000,"orders":[{"amount":0.339,"safe_price":97.62,"ft_order_side":"buy","order_filled_timestamp":1736761200000,"ft_is_entry":true,"ft_order_tag":"","cost":33.12627318},{"amount":0.339,"safe_price":97.81543543543543,"ft_order_side":"sell","order_filled_timestamp":1736804100000,"ft_is_entry":false,"ft_order_tag":"roi","cost":33.19259204522522}]},{"pair":"LTC/USDT","stake_amount":31.8816,"max_stake_amount":31.8816,"amount":0.324,"open_date":"2025-01-14 08:05:00+00:00","close_date":"2025-01-14 09:35:00+00:00","open_rate":98.4,"close_rate":100.46846846846846,"fee_open":0.001,"fee_close":0.001,"trade_duration":90,"profit_ratio":0.01898101898101898,"profit_abs":0.6057504,"exit_reason":"roi","initial_stop_loss_abs":88.56,"initial_stop_loss_ratio":-0.1,"stop_loss_abs":88.56,"stop_loss_ratio":-0.1,"min_rate":98.4,"max_rate":100.49,"is_open":false,"enter_tag":"","leverage":1.0,"is_short":false,"open_timestamp":1736841900000,"close_timestamp":1736847300000,"orders":[{"amount":0.324,"safe_price":98.4,"ft_order_side":"buy","order_filled_timestamp":1736841900000,"ft_is_entry":true,"ft_order_tag":"","cost":31.913481599999997},{"amount":0.324,"safe_price":100.46846846846846,"ft_order_side":"sell","order_filled_timestamp":1736847300000,"ft_is_entry":false,"ft_order_tag":"roi","cost":32.584335567567564}]},{"pair":"ACX/USDT","stake_amount":32.1568,"max_stake_amount":32.1568,"amount":77.3,"open_date":"2025-01-15 10:10:00+00:00","close_date":"2025-01-15 12:35:00+00:00","open_rate":0.416,"close_rate":0.4168328328328328,"fee_open":0.001,"fee_close":0.001,"trade_duration":145,"profit_ratio":0.0,"profit_abs":0.0,"exit_reason":"roi","initial_stop_loss_abs":0.3744,"initial_stop_loss_ratio":-0.1,"stop_loss_abs":0.3744,"stop_loss_ratio":-0.1,"min_rate":0.4115,"max_rate":0.4188,"is_open":false,"enter_tag":"","leverage":1.0,"is_short":false,"open_timestamp":1736935800000,"close_timestamp":1736944500000,"orders":[{"amount":77.3,"safe_price":0.416,"ft_order_side":"buy","order_filled_timestamp":1736935800000,"ft_is_entry":true,"ft_order_tag":"","cost":32.18895679999999},{"amount":77.3,"safe_price":0.4168328328328328,"ft_order_side":"sell","order_filled_timestamp":1736944500000,"ft_is_entry":false,"ft_order_tag":"roi","cost":32.25339915595595}]},{"pair":"ACX/USDT","stake_amount":32.1332,"max_stake_amount":32.1332,"amount":73.7,"open_date":"2025-01-16 09:10:00+00:00","close_date":"2025-01-16 11:10:00+00:00","open_rate":0.436,"close_rate":0.4368728728728728,"fee_open":0.001,"fee_close":0.001,"trade_duration":120,"profit_ratio":0.0,"profit_abs":0.0,"exit_reason":"roi","initial_stop_loss_abs":0.3924,"initial_stop_loss_ratio":-0.1,"stop_loss_abs":0.3924,"stop_loss_ratio":-0.1,"min_rate":0.4323,"max_rate":0.4387,"is_open":false,"enter_tag":"","leverage":1.0,"is_short":false,"open_timestamp":1737018600000,"close_timestamp":1737025800000,"orders":[{"amount":73.7,"safe_price":0.436,"ft_order_side":"buy","order_filled_timestamp":1737018600000,"ft_is_entry":true,"ft_order_tag":"","cost":32.1653332},{"amount":73.7,"safe_price":0.4368728728728728,"ft_order_side":"sell","order_filled_timestamp":1737025800000,"ft_is_entry":false,"ft_order_tag":"roi","cost":32.22972826146145}]},{"pair":"LTC/USDT","stake_amount":32.13413,"max_stake_amount":32.13413,"amount":0.259,"open_date":"2025-01-16 22:50:00+00:00","close_date":"2025-01-17 00:40:00+00:00","open_rate":124.07,"close_rate":126.67807807807806,"fee_open":0.001,"fee_close":0.001,"trade_duration":110,"profit_ratio":0.01898101898101898,"profit_abs":0.61054847,"exit_reason":"roi","initial_stop_loss_abs":111.67,"initial_stop_loss_ratio":-0.1,"stop_loss_abs":111.67,"stop_loss_ratio":-0.1,"min_rate":122.36,"max_rate":127.04,"is_open":false,"enter_tag":"","leverage":1.0,"is_short":false,"open_timestamp":1737067800000,"close_timestamp":1737074400000,"orders":[{"amount":0.259,"safe_price":124.07,"ft_order_side":"buy","order_filled_timestamp":1737067800000,"ft_is_entry":true,"ft_order_tag":"","cost":32.166264129999995},{"amount":0.259,"safe_price":126.67807807807806,"ft_order_side":"sell","order_filled_timestamp":1737074400000,"ft_is_entry":false,"ft_order_tag":"roi","cost":32.842431844444434}]},{"pair":"ACX/USDT","stake_amount":32.33776,"max_stake_amount":32.33776,"amount":72.8,"open_date":"2025-01-17 12:45:00+00:00","close_date":"2025-01-17 14:40:00+00:00","open_rate":0.4442,"close_rate":0.4450892892892892,"fee_open":0.001,"fee_close":0.001,"trade_duration":115,"profit_ratio":0.0,"profit_abs":0.0,"exit_reason":"roi","initial_stop_loss_abs":0.3998,"initial_stop_loss_ratio":-0.1,"stop_loss_abs":0.3998,"stop_loss_ratio":-0.1,"min_rate":0.4401,"max_rate":0.4477,"is_open":false,"enter_tag":"","leverage":1.0,"is_short":false,"open_timestamp":1737117900000,"close_timestamp":1737124800000,"orders":[{"amount":72.8,"safe_price":0.4442,"ft_order_side":"buy","order_filled_timestamp":1737117900000,"ft_is_entry":true,"ft_order_tag":"","cost":32.37009775999999},{"amount":72.8,"safe_price":0.4450892892892892,"ft_order_side":"sell","order_filled_timestamp":1737124800000,"ft_is_entry":false,"ft_order_tag":"roi","cost":32.43490276052051}]},{"pair":"LTC/USDT","stake_amount":32.26261,"max_stake_amount":32.26261,"amount":0.239,"open_date":"2025-01-17 13:25:00+00:00","close_date":"2025-01-17 16:05:00+00:00","open_rate":134.99,"close_rate":135.26025025025024,"fee_open":0.001,"fee_close":0.001,"trade_duration":160,"profit_ratio":0.0,"profit_abs":0.0,"exit_reason":"roi","initial_stop_loss_abs":121.5,"initial_stop_loss_ratio":-0.1,"stop_loss_abs":121.5,"stop_loss_ratio":-0.1,"min_rate":133.21,"max_rate":136.51,"is_open":false,"enter_tag":"","leverage":1.0,"is_short":false,"open_timestamp":1737120300000,"close_timestamp":1737129900000,"orders":[{"amount":0.239,"safe_price":134.99,"ft_order_side":"buy","order_filled_timestamp":1737120300000,"ft_is_entry":true,"ft_order_tag":"","cost":32.29487261},{"amount":0.239,"safe_price":135.26025025025024,"ft_order_side":"sell","order_filled_timestamp":1737129900000,"ft_is_entry":false,"ft_order_tag":"roi","cost":32.35952700961961}]},{"pair":"ACX/USDT","stake_amount":32.3547,"max_stake_amount":32.3547,"amount":73.5,"open_date":"2025-01-17 19:05:00+00:00","close_date":"2025-01-17 20:10:00+00:00","open_rate":0.4402,"close_rate":0.44945345345345333,"fee_open":0.001,"fee_close":0.001,"trade_duration":65,"profit_ratio":0.01898101898101898,"profit_abs":0.6147393,"exit_reason":"roi","initial_stop_loss_abs":0.3962,"initial_stop_loss_ratio":-0.1,"stop_loss_abs":0.3962,"stop_loss_ratio":-0.1,"min_rate":0.439,"max_rate":0.4525,"is_open":false,"enter_tag":"","leverage":1.0,"is_short":false,"open_timestamp":1737140700000,"close_timestamp":1737144600000,"orders":[{"amount":73.5,"safe_price":0.4402,"ft_order_side":"buy","order_filled_timestamp":1737140700000,"ft_is_entry":true,"ft_order_tag":"","cost":32.3870547},{"amount":73.5,"safe_price":0.44945345345345333,"ft_order_side":"sell","order_filled_timestamp":1737144600000,"ft_is_entry":false,"ft_order_tag":"roi","cost":33.06786365765765}]},{"pair":"LTC/USDT","stake_amount":32.5206,"max_stake_amount":32.5206,"amount":0.252,"open_date":"2025-01-18 05:05:00+00:00","close_date":"2025-01-18 13:40:00+00:00","open_rate":129.05,"close_rate":129.30835835835836,"fee_open":0.001,"fee_close":0.001,"trade_duration":515,"profit_ratio":0.0,"profit_abs":0.0,"exit_reason":"roi","initial_stop_loss_abs":116.15,"initial_stop_loss_ratio":-0.1,"stop_loss_abs":116.15,"stop_loss_ratio":-0.1,"min_rate":123.52,"max_rate":129.79,"is_open":false,"enter_tag":"","leverage":1.0,"is_short":false,"open_timestamp":1737176700000,"close_timestamp":1737207600000,"orders":[{"amount":0.252,"safe_price":129.05,"ft_order_side":"buy","order_filled_timestamp":1737176700000,"ft_is_entry":true,"ft_order_tag":"","cost":32.5531206},{"amount":0.252,"safe_price":129.30835835835836,"ft_order_side":"sell","order_filled_timestamp":1737207600000,"ft_is_entry":false,"ft_order_tag":"roi","cost":32.618292012612606}]},{"pair":"LTC/USDT","stake_amount":32.49414,"max_stake_amount":32.49414,"amount":0.259,"open_date":"2025-01-18 16:25:00+00:00","close_date":"2025-01-18 18:25:00+00:00","open_rate":125.46,"close_rate":125.71117117117116,"fee_open":0.001,"fee_close":0.001,"trade_duration":120,"profit_ratio":0.0,"profit_abs":0.0,"exit_reason":"roi","initial_stop_loss_abs":112.92,"initial_stop_loss_ratio":-0.1,"stop_loss_abs":112.92,"stop_loss_ratio":-0.1,"min_rate":123.58,"max_rate":125.9,"is_open":false,"enter_tag":"","leverage":1.0,"is_short":false,"open_timestamp":1737217500000,"close_timestamp":1737224700000,"orders":[{"amount":0.259,"safe_price":125.46,"ft_order_side":"buy","order_filled_timestamp":1737217500000,"ft_is_entry":true,"ft_order_tag":"","cost":32.52663414},{"amount":0.259,"safe_price":125.71117117117116,"ft_order_side":"sell","order_filled_timestamp":1737224700000,"ft_is_entry":false,"ft_order_tag":"roi","cost":32.59175252666666}]},{"pair":"ACX/USDT","stake_amount":32.57781,"max_stake_amount":32.57781,"amount":78.9,"open_date":"2025-01-18 06:20:00+00:00","close_date":"2025-01-19 01:10:00+00:00","open_rate":0.4129,"close_rate":0.41372662662662657,"fee_open":0.001,"fee_close":0.001,"trade_duration":1130,"profit_ratio":0.0,"profit_abs":0.0,"exit_reason":"roi","initial_stop_loss_abs":0.3717,"initial_stop_loss_ratio":-0.1,"stop_loss_abs":0.3717,"stop_loss_ratio":-0.1,"min_rate":0.3857,"max_rate":0.4159,"is_open":false,"enter_tag":"","leverage":1.0,"is_short":false,"open_timestamp":1737181200000,"close_timestamp":1737249000000,"orders":[{"amount":78.9,"safe_price":0.4129,"ft_order_side":"buy","order_filled_timestamp":1737181200000,"ft_is_entry":true,"ft_order_tag":"","cost":32.61038781},{"amount":78.9,"safe_price":0.41372662662662657,"ft_order_side":"sell","order_filled_timestamp":1737249000000,"ft_is_entry":false,"ft_order_tag":"roi","cost":32.675673871681674}]},{"pair":"ACX/USDT","stake_amount":32.562,"max_stake_amount":32.562,"amount":81.0,"open_date":"2025-01-19 07:05:00+00:00","close_date":"2025-01-19 09:55:00+00:00","open_rate":0.402,"close_rate":0.4028048048048048,"fee_open":0.001,"fee_close":0.001,"trade_duration":170,"profit_ratio":0.0,"profit_abs":0.0,"exit_reason":"roi","initial_stop_loss_abs":0.3618,"initial_stop_loss_ratio":-0.1,"stop_loss_abs":0.3618,"stop_loss_ratio":-0.1,"min_rate":0.3869,"max_rate":0.4038,"is_open":false,"enter_tag":"","leverage":1.0,"is_short":false,"open_timestamp":1737270300000,"close_timestamp":1737280500000,"orders":[{"amount":81.0,"safe_price":0.402,"ft_order_side":"buy","order_filled_timestamp":1737270300000,"ft_is_entry":true,"ft_order_tag":"","cost":32.594562},{"amount":81.0,"safe_price":0.4028048048048048,"ft_order_side":"sell","order_filled_timestamp":1737280500000,"ft_is_entry":false,"ft_order_tag":"roi","cost":32.65981637837837}]},{"pair":"LTC/USDT","stake_amount":32.5208,"max_stake_amount":32.5208,"amount":0.26,"open_date":"2025-01-19 03:50:00+00:00","close_date":"2025-01-19 16:10:00+00:00","open_rate":125.08,"close_rate":125.3304104104104,"fee_open":0.001,"fee_close":0.001,"trade_duration":740,"profit_ratio":0.0,"profit_abs":0.0,"exit_reason":"roi","initial_stop_loss_abs":112.58,"initial_stop_loss_ratio":-0.1,"stop_loss_abs":112.58,"stop_loss_ratio":-0.1,"min_rate":114.21,"max_rate":125.46,"is_open":false,"enter_tag":"","leverage":1.0,"is_short":false,"open_timestamp":1737258600000,"close_timestamp":1737303000000,"orders":[{"amount":0.26,"safe_price":125.08,"ft_order_side":"buy","order_filled_timestamp":1737258600000,"ft_is_entry":true,"ft_order_tag":"","cost":32.553320799999995},{"amount":0.26,"safe_price":125.3304104104104,"ft_order_side":"sell","order_filled_timestamp":1737303000000,"ft_is_entry":false,"ft_order_tag":"roi","cost":32.6184926134134}]},{"pair":"ACX/USDT","stake_amount":32.5818,"max_stake_amount":32.5818,"amount":82.8,"open_date":"2025-01-19 22:15:00+00:00","close_date":"2025-01-20 04:45:00+00:00","open_rate":0.3935,"close_rate":0.3942877877877877,"fee_open":0.001,"fee_close":0.001,"trade_duration":390,"profit_ratio":0.0,"profit_abs":0.0,"exit_reason":"roi","initial_stop_loss_abs":0.3542,"initial_stop_loss_ratio":-0.1,"stop_loss_abs":0.3542,"stop_loss_ratio":-0.1,"min_rate":0.3692,"max_rate":0.3974,"is_open":false,"enter_tag":"","leverage":1.0,"is_short":false,"open_timestamp":1737324900000,"close_timestamp":1737348300000,"orders":[{"amount":82.8,"safe_price":0.3935,"ft_order_side":"buy","order_filled_timestamp":1737324900000,"ft_is_entry":true,"ft_order_tag":"","cost":32.6143818},{"amount":82.8,"safe_price":0.3942877877877877,"ft_order_side":"sell","order_filled_timestamp":1737348300000,"ft_is_entry":false,"ft_order_tag":"roi","cost":32.67967585765765}]},{"pair":"LTC/USDT","stake_amount":32.57312,"max_stake_amount":32.57312,"amount":0.274,"open_date":"2025-01-19 22:05:00+00:00","close_date":"2025-01-20 06:45:00+00:00","open_rate":118.88,"close_rate":119.11799799799799,"fee_open":0.001,"fee_close":0.001,"trade_duration":520,"profit_ratio":0.0,"profit_abs":0.0,"exit_reason":"roi","initial_stop_loss_abs":107.0,"initial_stop_loss_ratio":-0.1,"stop_loss_abs":107.0,"stop_loss_ratio":-0.1,"min_rate":111.0,"max_rate":120.34,"is_open":false,"enter_tag":"","leverage":1.0,"is_short":false,"open_timestamp":1737324300000,"close_timestamp":1737355500000,"orders":[{"amount":0.274,"safe_price":118.88,"ft_order_side":"buy","order_filled_timestamp":1737324300000,"ft_is_entry":true,"ft_order_tag":"","cost":32.60569312},{"amount":0.274,"safe_price":119.11799799799799,"ft_order_side":"sell","order_filled_timestamp":1737355500000,"ft_is_entry":false,"ft_order_tag":"roi","cost":32.670969782902894}]},{"pair":"LTC/USDT","stake_amount":32.51832,"max_stake_amount":32.51832,"amount":0.274,"open_date":"2025-01-20 16:20:00+00:00","close_date":"2025-01-20 17:00:00+00:00","open_rate":118.68,"close_rate":121.17477477477476,"fee_open":0.001,"fee_close":0.001,"trade_duration":40,"profit_ratio":0.018981018981018984,"profit_abs":0.61784808,"exit_reason":"roi","initial_stop_loss_abs":106.82,"initial_stop_loss_ratio":-0.1,"stop_loss_abs":106.82,"stop_loss_ratio":-0.1,"min_rate":118.22,"max_rate":121.24,"is_open":false,"enter_tag":"","leverage":1.0,"is_short":false,"open_timestamp":1737390000000,"close_timestamp":1737392400000,"orders":[{"amount":0.274,"safe_price":118.68,"ft_order_side":"buy","order_filled_timestamp":1737390000000,"ft_is_entry":true,"ft_order_tag":"","cost":32.55083832},{"amount":0.274,"safe_price":121.17477477477476,"ft_order_side":"sell","order_filled_timestamp":1737392400000,"ft_is_entry":false,"ft_order_tag":"roi","cost":33.23509017657657}]},{"pair":"ACX/USDT","stake_amount":32.7639,"max_stake_amount":32.7639,"amount":80.6,"open_date":"2025-01-22 02:10:00+00:00","close_date":"2025-01-22 04:05:00+00:00","open_rate":0.4065,"close_rate":0.4107,"fee_open":0.001,"fee_close":0.001,"trade_duration":115,"profit_ratio":0.008313457759952226,"profit_abs":0.27265368,"exit_reason":"roi","initial_stop_loss_abs":0.3659,"initial_stop_loss_ratio":-0.1,"stop_loss_abs":0.3659,"stop_loss_ratio":-0.1,"min_rate":0.4061,"max_rate":0.4146,"is_open":false,"enter_tag":"","leverage":1.0,"is_short":false,"open_timestamp":1737511800000,"close_timestamp":1737518700000,"orders":[{"amount":80.6,"safe_price":0.4065,"ft_order_side":"buy","order_filled_timestamp":1737511800000,"ft_is_entry":true,"ft_order_tag":"","cost":32.79666389999999},{"amount":80.6,"safe_price":0.4107,"ft_order_side":"sell","order_filled_timestamp":1737518700000,"ft_is_entry":false,"ft_order_tag":"roi","cost":33.135522419999994}]},{"pair":"LTC/USDT","stake_amount":32.77971,"max_stake_amount":32.77971,"amount":0.279,"open_date":"2025-01-22 04:50:00+00:00","close_date":"2025-01-22 19:35:00+00:00","open_rate":117.49,"close_rate":117.7252152152152,"fee_open":0.001,"fee_close":0.001,"trade_duration":885,"profit_ratio":0.0,"profit_abs":0.0,"exit_reason":"roi","initial_stop_loss_abs":105.75,"initial_stop_loss_ratio":-0.1,"stop_loss_abs":105.75,"stop_loss_ratio":-0.1,"min_rate":114.67,"max_rate":117.94,"is_open":false,"enter_tag":"","leverage":1.0,"is_short":false,"open_timestamp":1737521400000,"close_timestamp":1737574500000,"orders":[{"amount":0.279,"safe_price":117.49,"ft_order_side":"buy","order_filled_timestamp":1737521400000,"ft_is_entry":true,"ft_order_tag":"","cost":32.81248971},{"amount":0.279,"safe_price":117.7252152152152,"ft_order_side":"sell","order_filled_timestamp":1737574500000,"ft_is_entry":false,"ft_order_tag":"roi","cost":32.878180380090086}]},{"pair":"LTC/USDT","stake_amount":32.85568,"max_stake_amount":32.85568,"amount":0.286,"open_date":"2025-01-22 23:15:00+00:00","close_date":"2025-01-23 01:25:00+00:00","open_rate":114.88,"close_rate":115.10998998998997,"fee_open":0.001,"fee_close":0.001,"trade_duration":130,"profit_ratio":0.0,"profit_abs":0.0,"exit_reason":"roi","initial_stop_loss_abs":103.4,"initial_stop_loss_ratio":-0.1,"stop_loss_abs":103.4,"stop_loss_ratio":-0.1,"min_rate":114.54,"max_rate":115.66,"is_open":false,"enter_tag":"","leverage":1.0,"is_short":false,"open_timestamp":1737587700000,"close_timestamp":1737595500000,"orders":[{"amount":0.286,"safe_price":114.88,"ft_order_side":"buy","order_filled_timestamp":1737587700000,"ft_is_entry":true,"ft_order_tag":"","cost":32.88853567999999},{"amount":0.286,"safe_price":115.10998998998997,"ft_order_side":"sell","order_filled_timestamp":1737595500000,"ft_is_entry":false,"ft_order_tag":"roi","cost":32.95437859427427}]},{"pair":"ACX/USDT","stake_amount":32.86112,"max_stake_amount":32.86112,"amount":82.4,"open_date":"2025-01-22 21:30:00+00:00","close_date":"2025-01-23 03:35:00+00:00","open_rate":0.3988,"close_rate":0.3995983983983984,"fee_open":0.001,"fee_close":0.001,"trade_duration":365,"profit_ratio":0.0,"profit_abs":0.0,"exit_reason":"roi","initial_stop_loss_abs":0.359,"initial_stop_loss_ratio":-0.1,"stop_loss_abs":0.359,"stop_loss_ratio":-0.1,"min_rate":0.3867,"max_rate":0.4018,"is_open":false,"enter_tag":"","leverage":1.0,"is_short":false,"open_timestamp":1737581400000,"close_timestamp":1737603300000,"orders":[{"amount":82.4,"safe_price":0.3988,"ft_order_side":"buy","order_filled_timestamp":1737581400000,"ft_is_entry":true,"ft_order_tag":"","cost":32.89398112},{"amount":82.4,"safe_price":0.3995983983983984,"ft_order_side":"sell","order_filled_timestamp":1737603300000,"ft_is_entry":false,"ft_order_tag":"roi","cost":32.959834936056055}]},{"pair":"LTC/USDT","stake_amount":32.8752,"max_stake_amount":32.8752,"amount":0.288,"open_date":"2025-01-23 19:30:00+00:00","close_date":"2025-01-23 20:25:00+00:00","open_rate":114.15,"close_rate":116.54954954954954,"fee_open":0.001,"fee_close":0.001,"trade_duration":55,"profit_ratio":0.01898101898101898,"profit_abs":0.6246288,"exit_reason":"roi","initial_stop_loss_abs":102.74,"initial_stop_loss_ratio":-0.1,"stop_loss_abs":102.74,"stop_loss_ratio":-0.1,"min_rate":113.13,"max_rate":116.72,"is_open":false,"enter_tag":"","leverage":1.0,"is_short":false,"open_timestamp":1737660600000,"close_timestamp":1737663900000,"orders":[{"amount":0.288,"safe_price":114.15,"ft_order_side":"buy","order_filled_timestamp":1737660600000,"ft_is_entry":true,"ft_order_tag":"","cost":32.9080752},{"amount":0.288,"safe_price":116.54954954954954,"ft_order_side":"sell","order_filled_timestamp":1737663900000,"ft_is_entry":false,"ft_order_tag":"roi","cost":33.59983654054053}]},{"pair":"ACX/USDT","stake_amount":32.86156,"max_stake_amount":32.86156,"amount":82.9,"open_date":"2025-01-23 19:30:00+00:00","close_date":"2025-01-23 20:25:00+00:00","open_rate":0.3964,"close_rate":0.40473273273273264,"fee_open":0.001,"fee_close":0.001,"trade_duration":55,"profit_ratio":0.01898101898101898,"profit_abs":0.62436964,"exit_reason":"roi","initial_stop_loss_abs":0.3568,"initial_stop_loss_ratio":-0.1,"stop_loss_abs":0.3568,"stop_loss_ratio":-0.1,"min_rate":0.3901,"max_rate":0.4051,"is_open":false,"enter_tag":"","leverage":1.0,"is_short":false,"open_timestamp":1737660600000,"close_timestamp":1737663900000,"orders":[{"amount":82.9,"safe_price":0.3964,"ft_order_side":"buy","order_filled_timestamp":1737660600000,"ft_is_entry":true,"ft_order_tag":"","cost":32.89442155999999},{"amount":82.9,"safe_price":0.40473273273273264,"ft_order_side":"sell","order_filled_timestamp":1737663900000,"ft_is_entry":false,"ft_order_tag":"roi","cost":33.58589588708708}]},{"pair":"ACX/USDT","stake_amount":33.27584,"max_stake_amount":33.27584,"amount":84.2,"open_date":"2025-01-24 01:05:00+00:00","close_date":"2025-01-24 03:00:00+00:00","open_rate":0.3952,"close_rate":0.39599119119119114,"fee_open":0.001,"fee_close":0.001,"trade_duration":115,"profit_ratio":0.0,"profit_abs":0.0,"exit_reason":"roi","initial_stop_loss_abs":0.3557,"initial_stop_loss_ratio":-0.1,"stop_loss_abs":0.3557,"stop_loss_ratio":-0.1,"min_rate":0.391,"max_rate":0.4011,"is_open":false,"enter_tag":"","leverage":1.0,"is_short":false,"open_timestamp":1737680700000,"close_timestamp":1737687600000,"orders":[{"amount":84.2,"safe_price":0.3952,"ft_order_side":"buy","order_filled_timestamp":1737680700000,"ft_is_entry":true,"ft_order_tag":"","cost":33.30911584},{"amount":84.2,"safe_price":0.39599119119119114,"ft_order_side":"sell","order_filled_timestamp":1737687600000,"ft_is_entry":false,"ft_order_tag":"roi","cost":33.37580075659659}]},{"pair":"LTC/USDT","stake_amount":33.2734,"max_stake_amount":33.2734,"amount":0.292,"open_date":"2025-01-24 01:00:00+00:00","close_date":"2025-01-24 03:25:00+00:00","open_rate":113.95,"close_rate":114.17812812812812,"fee_open":0.001,"fee_close":0.001,"trade_duration":145,"profit_ratio":0.0,"profit_abs":0.0,"exit_reason":"roi","initial_stop_loss_abs":102.56,"initial_stop_loss_ratio":-0.1,"stop_loss_abs":102.56,"stop_loss_ratio":-0.1,"min_rate":112.82,"max_rate":114.83,"is_open":false,"enter_tag":"","leverage":1.0,"is_short":false,"open_timestamp":1737680400000,"close_timestamp":1737689100000,"orders":[{"amount":0.292,"safe_price":113.95,"ft_order_side":"buy","order_filled_timestamp":1737680400000,"ft_is_entry":true,"ft_order_tag":"","cost":33.3066734},{"amount":0.292,"safe_price":114.17812812812812,"ft_order_side":"sell","order_filled_timestamp":1737689100000,"ft_is_entry":false,"ft_order_tag":"roi","cost":33.37335342682682}]},{"pair":"LTC/USDT","stake_amount":33.21774,"max_stake_amount":33.21774,"amount":0.279,"open_date":"2025-01-24 19:15:00+00:00","close_date":"2025-01-24 21:20:00+00:00","open_rate":119.06,"close_rate":119.29835835835836,"fee_open":0.001,"fee_close":0.001,"trade_duration":125,"profit_ratio":0.0,"profit_abs":0.0,"exit_reason":"roi","initial_stop_loss_abs":107.16,"initial_stop_loss_ratio":-0.1,"stop_loss_abs":107.16,"stop_loss_ratio":-0.1,"min_rate":116.44,"max_rate":121.93,"is_open":false,"enter_tag":"","leverage":1.0,"is_short":false,"open_timestamp":1737746100000,"close_timestamp":1737753600000,"orders":[{"amount":0.279,"safe_price":119.06,"ft_order_side":"buy","order_filled_timestamp":1737746100000,"ft_is_entry":true,"ft_order_tag":"","cost":33.250957740000004},{"amount":0.279,"safe_price":119.29835835835836,"ft_order_side":"sell","order_filled_timestamp":1737753600000,"ft_is_entry":false,"ft_order_tag":"roi","cost":33.31752622396397}]},{"pair":"LTC/USDT","stake_amount":33.26796,"max_stake_amount":33.26796,"amount":0.279,"open_date":"2025-01-24 21:25:00+00:00","close_date":"2025-01-25 00:40:00+00:00","open_rate":119.24,"close_rate":119.47871871871871,"fee_open":0.001,"fee_close":0.001,"trade_duration":195,"profit_ratio":0.0,"profit_abs":0.0,"exit_reason":"roi","initial_stop_loss_abs":107.32,"initial_stop_loss_ratio":-0.1,"stop_loss_abs":107.32,"stop_loss_ratio":-0.1,"min_rate":117.8,"max_rate":122.9,"is_open":false,"enter_tag":"","leverage":1.0,"is_short":false,"open_timestamp":1737753900000,"close_timestamp":1737765600000,"orders":[{"amount":0.279,"safe_price":119.24,"ft_order_side":"buy","order_filled_timestamp":1737753900000,"ft_is_entry":true,"ft_order_tag":"","cost":33.30122796},{"amount":0.279,"safe_price":119.47871871871871,"ft_order_side":"sell","order_filled_timestamp":1737765600000,"ft_is_entry":false,"ft_order_tag":"roi","cost":33.367897085045044}]}],"locks":[],"best_pair":{"key":"LTC/USDT","trades":31,"profit_mean":0.0024700051797287596,"profit_mean_pct":0.25,"profit_sum":0.07657016057159155,"profit_sum_pct":7.66,"profit_total_abs":2.3633868500000004,"profit_total":0.023633868500000002,"profit_total_pct":2.36,"duration_avg":"4:57:00","wins":11,"draws":19,"losses":1,"winrate":0.3548387096774194},"worst_pair":{"key":"ACX/USDT","trades":31,"profit_mean":-0.002265958301467897,"profit_mean_pct":-0.23,"profit_sum":-0.07024470734550481,"profit_sum_pct":-7.02,"profit_total_abs":-2.4768885700000003,"profit_total":-0.024768885700000003,"profit_total_pct":-2.48,"duration_avg":"3:25:00","wins":12,"draws":17,"losses":2,"winrate":0.3870967741935484},"results_per_pair":[{"key":"LTC/USDT","trades":31,"profit_mean":0.0024700051797287596,"profit_mean_pct":0.25,"profit_sum":0.07657016057159155,"profit_sum_pct":7.66,"profit_total_abs":2.3633868500000004,"profit_total":0.023633868500000002,"profit_total_pct":2.36,"duration_avg":"4:57:00","wins":11,"draws":19,"losses":1,"winrate":0.3548387096774194},{"key":"ACX/USDT","trades":31,"profit_mean":-0.002265958301467897,"profit_mean_pct":-0.23,"profit_sum":-0.07024470734550481,"profit_sum_pct":-7.02,"profit_total_abs":-2.4768885700000003,"profit_total":-0.024768885700000003,"profit_total_pct":-2.48,"duration_avg":"3:25:00","wins":12,"draws":17,"losses":2,"winrate":0.3870967741935484},{"key":"TOTAL","trades":62,"profit_mean":0.00010202343913043165,"profit_mean_pct":0.01,"profit_sum":0.006325453226086762,"profit_sum_pct":0.63,"profit_total_abs":-0.11350172000000025,"profit_total":-0.0011350172000000026,"profit_total_pct":-0.11,"duration_avg":"4:11:00","wins":23,"draws":36,"losses":3,"winrate":0.3709677419354839}],"results_per_enter_tag":[{"key":"","trades":62,"profit_mean":0.00010202343913043165,"profit_mean_pct":0.01,"profit_sum":0.006325453226086762,"profit_sum_pct":0.63,"profit_total_abs":-0.11350172000000025,"profit_total":-0.0011350172000000026,"profit_total_pct":-0.11,"duration_avg":"4:11:00","wins":23,"draws":36,"losses":3,"winrate":0.3709677419354839},{"key":"TOTAL","trades":62,"profit_mean":0.00010202343913043165,"profit_mean_pct":0.01,"profit_sum":0.006325453226086762,"profit_sum_pct":0.63,"profit_total_abs":-0.11350172000000025,"profit_total":-0.0011350172000000026,"profit_total_pct":-0.11,"duration_avg":"4:11:00","wins":23,"draws":36,"losses":3,"winrate":0.3709677419354839}],"exit_reason_summary":[{"key":"roi","trades":59,"profit_mean":0.005281580317137431,"profit_mean_pct":0.53,"profit_sum":0.3116132387111084,"profit_sum_pct":31.16,"profit_total_abs":10.13980872,"profit_total":0.1013980872,"profit_total_pct":10.14,"duration_avg":"3:32:00","wins":23,"draws":36,"losses":0,"winrate":0.3898305084745763},{"key":"stop_loss","trades":3,"profit_mean":-0.1017625951616739,"profit_mean_pct":-10.18,"profit_sum":-0.30528778548502167,"profit_sum_pct":-30.53,"profit_total_abs":-10.25331044,"profit_total":-0.1025331044,"profit_total_pct":-10.25,"duration_avg":"17:10:00","wins":0,"draws":0,"losses":3,"winrate":0.0},{"key":"TOTAL","trades":62,"profit_mean":0.00010202343913043165,"profit_mean_pct":0.01,"profit_sum":0.006325453226086762,"profit_sum_pct":0.63,"profit_total_abs":-0.11350172000000025,"profit_total":-0.0011350172000000026,"profit_total_pct":-0.11,"duration_avg":"4:11:00","wins":23,"draws":36,"losses":3,"winrate":0.3709677419354839}],"mix_tag_stats":[{"key":["","roi"],"trades":59,"profit_mean":0.005281580317137431,"profit_mean_pct":0.53,"profit_sum":0.3116132387111084,"profit_sum_pct":31.16,"profit_total_abs":10.13980872,"profit_total":0.1013980872,"profit_total_pct":10.14,"duration_avg":"3:32:00","wins":23,"draws":36,"losses":0,"winrate":0.3898305084745763},{"key":["","stop_loss"],"trades":3,"profit_mean":-0.1017625951616739,"profit_mean_pct":-10.18,"profit_sum":-0.30528778548502167,"profit_sum_pct":-30.53,"profit_total_abs":-10.25331044,"profit_total":-0.1025331044,"profit_total_pct":-10.25,"duration_avg":"17:10:00","wins":0,"draws":0,"losses":3,"winrate":0.0},{"key":"TOTAL","trades":62,"profit_mean":0.00010202343913043165,"profit_mean_pct":0.01,"profit_sum":0.006325453226086762,"profit_sum_pct":0.63,"profit_total_abs":-0.11350172000000025,"profit_total":-0.0011350172000000026,"profit_total_pct":-0.11,"duration_avg":"4:11:00","wins":23,"draws":36,"losses":3,"winrate":0.3709677419354839}],"left_open_trades":[{"key":"TOTAL","trades":0,"profit_mean":0.0,"profit_mean_pct":0.0,"profit_sum":0.0,"profit_sum_pct":0.0,"profit_total_abs":0.0,"profit_total":0.0,"profit_total_pct":0.0,"duration_avg":"0:00","wins":0,"draws":0,"losses":0,"winrate":0.0}],"total_trades":62,"trade_count_long":62,"trade_count_short":0,"total_volume":4082.629179537816,"avg_stake_amount":32.85956112903226,"profit_mean":0.00010202343913043165,"profit_median":0.0,"profit_total":-0.0011350172000000026,"profit_total_long":-0.0011350172000000026,"profit_total_short":0.0,"profit_total_abs":-0.11350172000000025,"profit_total_long_abs":-0.11350172000000025,"profit_total_short_abs":0.0,"cagr":-0.0171232257513505,"expectancy":-0.0018306729032258329,"expectancy_ratio":-0.581180795000217,"sortino":-2.4462544235026584,"sharpe":-0.11158528276933827,"calmar":-1.4170372490780359,"profit_factor":0.9889302366621797,"backtest_start":"2025-01-01 00:00:00","backtest_start_ts":1735689600000,"backtest_end":"2025-01-25 17:40:00","backtest_end_ts":1737826800000,"backtest_days":24,"backtest_run_start_ts":1737835609,"backtest_run_end_ts":1737835609,"trades_per_day":2.58,"market_change":-0.02151131695272479,"pairlist":["LTC/USDT","ACX/USDT"],"stake_amount":"unlimited","stake_currency":"USDT","stake_currency_decimals":3,"starting_balance":100,"dry_run_wallet":100,"final_balance":99.88649828,"rejected_signals":0,"timedout_entry_orders":0,"timedout_exit_orders":0,"canceled_trade_entries":0,"canceled_entry_orders":0,"replaced_entry_orders":0,"max_open_trades":2,"max_open_trades_setting":3,"timeframe":"5m","timeframe_detail":"","timerange":"20250101-","enable_protections":false,"strategy_name":"ReinforcementLearner","stoploss":-0.1,"trailing_stop":false,"trailing_stop_positive":null,"trailing_stop_positive_offset":0.0,"trailing_only_offset_is_reached":false,"use_custom_stoploss":false,"minimal_roi":{"0":0.117,"11":0.031,"38":0.019,"115":0},"use_exit_signal":true,"exit_profit_only":false,"exit_profit_offset":0.0,"ignore_roi_if_entry_signal":false,"trading_mode":"spot","margin_mode":"","periodic_breakdown":{"day":[{"date":"01/01/2025","date_ts":1735689600000,"profit_abs":0.20068864,"wins":1,"draws":1,"loses":0,"winrate":0.5},{"date":"02/01/2025","date_ts":1735776000000,"profit_abs":0.0,"wins":0,"draws":1,"loses":0,"winrate":0.0},{"date":"03/01/2025","date_ts":1735862400000,"profit_abs":0.0,"wins":0,"draws":1,"loses":0,"winrate":0.0},{"date":"04/01/2025","date_ts":1735948800000,"profit_abs":0.48901954,"wins":2,"draws":1,"loses":0,"winrate":0.6666666666666666},{"date":"05/01/2025","date_ts":1736035200000,"profit_abs":0.0,"wins":0,"draws":1,"loses":0,"winrate":0.0},{"date":"06/01/2025","date_ts":1736121600000,"profit_abs":0.63567274,"wins":1,"draws":2,"loses":0,"winrate":0.3333333333333333},{"date":"07/01/2025","date_ts":1736208000000,"profit_abs":0.24566694,"wins":2,"draws":2,"loses":0,"winrate":0.5},{"date":"08/01/2025","date_ts":1736294400000,"profit_abs":-5.01776277,"wins":3,"draws":0,"loses":2,"winrate":0.6},{"date":"09/01/2025","date_ts":1736380800000,"profit_abs":1.89253924,"wins":4,"draws":1,"loses":0,"winrate":0.8},{"date":"10/01/2025","date_ts":1736467200000,"profit_abs":0.0,"wins":0,"draws":1,"loses":0,"winrate":0.0},{"date":"11/01/2025","date_ts":1736553600000,"profit_abs":0.0,"wins":0,"draws":2,"loses":0,"winrate":0.0},{"date":"12/01/2025","date_ts":1736640000000,"profit_abs":0.16099776,"wins":1,"draws":2,"loses":0,"winrate":0.3333333333333333},{"date":"13/01/2025","date_ts":1736726400000,"profit_abs":-2.69086218,"wins":2,"draws":3,"loses":1,"winrate":0.3333333333333333},{"date":"14/01/2025","date_ts":1736812800000,"profit_abs":0.6057504,"wins":1,"draws":0,"loses":0,"winrate":1.0},{"date":"15/01/2025","date_ts":1736899200000,"profit_abs":0.0,"wins":0,"draws":1,"loses":0,"winrate":0.0},{"date":"16/01/2025","date_ts":1736985600000,"profit_abs":0.0,"wins":0,"draws":1,"loses":0,"winrate":0.0},{"date":"17/01/2025","date_ts":1737072000000,"profit_abs":1.22528777,"wins":2,"draws":2,"loses":0,"winrate":0.5},{"date":"18/01/2025","date_ts":1737158400000,"profit_abs":0.0,"wins":0,"draws":2,"loses":0,"winrate":0.0},{"date":"19/01/2025","date_ts":1737244800000,"profit_abs":0.0,"wins":0,"draws":3,"loses":0,"winrate":0.0},{"date":"20/01/2025","date_ts":1737331200000,"profit_abs":0.61784808,"wins":1,"draws":2,"loses":0,"winrate":0.3333333333333333},{"date":"21/01/2025","date_ts":1737417600000,"profit_abs":0.0,"wins":0,"draws":0,"loses":0,"winrate":0.0},{"date":"22/01/2025","date_ts":1737504000000,"profit_abs":0.27265368,"wins":1,"draws":1,"loses":0,"winrate":0.5},{"date":"23/01/2025","date_ts":1737590400000,"profit_abs":1.24899844,"wins":2,"draws":2,"loses":0,"winrate":0.5},{"date":"24/01/2025","date_ts":1737676800000,"profit_abs":0.0,"wins":0,"draws":3,"loses":0,"winrate":0.0},{"date":"25/01/2025","date_ts":1737763200000,"profit_abs":0.0,"wins":0,"draws":1,"loses":0,"winrate":0.0}],"week":[{"date":"06/01/2025","date_ts":1736121600000,"profit_abs":1.32538092,"wins":4,"draws":7,"loses":0,"winrate":0.36363636363636365},{"date":"13/01/2025","date_ts":1736726400000,"profit_abs":-5.40942101,"wins":12,"draws":11,"loses":3,"winrate":0.46153846153846156},{"date":"20/01/2025","date_ts":1737331200000,"profit_abs":2.44888625,"wins":4,"draws":11,"loses":0,"winrate":0.26666666666666666},{"date":"27/01/2025","date_ts":1737936000000,"profit_abs":1.52165212,"wins":3,"draws":7,"loses":0,"winrate":0.3}],"month":[{"date":"31/01/2025","date_ts":1738281600000,"profit_abs":-0.11350172,"wins":23,"draws":36,"loses":3,"winrate":0.3709677419354839}]},"backtest_best_day":0.058494025053711034,"backtest_worst_day":-0.14499131752576655,"backtest_best_day_abs":1.89253924,"backtest_worst_day_abs":-5.01776277,"winning_days":11,"draw_days":12,"losing_days":2,"daily_profit":[["2025-01-01",0.20068864],["2025-01-02",0.0],["2025-01-03",0.0],["2025-01-04",0.48901954],["2025-01-05",0.0],["2025-01-06",0.63567274],["2025-01-07",0.24566694],["2025-01-08",-5.01776277],["2025-01-09",1.89253924],["2025-01-10",0.0],["2025-01-11",0.0],["2025-01-12",0.16099776],["2025-01-13",-2.69086218],["2025-01-14",0.6057504],["2025-01-15",0.0],["2025-01-16",0.0],["2025-01-17",1.22528777],["2025-01-18",0.0],["2025-01-19",0.0],["2025-01-20",0.61784808],["2025-01-21",0.0],["2025-01-22",0.27265368],["2025-01-23",1.24899844],["2025-01-24",0.0],["2025-01-25",0.0]],"wins":23,"losses":3,"draws":36,"winrate":0.3709677419354839,"holding_avg":"4:11:00","holding_avg_s":15060.0,"winner_holding_avg":"1:30:00","winner_holding_avg_s":5400.0,"loser_holding_avg":"17:10:00","loser_holding_avg_s":61800.0,"max_consecutive_wins":5,"max_consecutive_losses":7,"max_drawdown_account":0.06376118309743696,"max_relative_drawdown":0.06376118309743696,"max_drawdown_abs":6.47629018,"drawdown_start":"2025-01-07 13:50:00","drawdown_start_ts":1736257800000.0,"drawdown_end":"2025-01-08 17:05:00","drawdown_end_ts":1736355900000.0,"max_drawdown_low":-4.90524232,"max_drawdown_high":1.57104786,"csum_min":95.09475768,"csum_max":101.57104786}},"strategy_comparison":[{"key":"ReinforcementLearner","trades":62,"profit_mean":0.00010202343913043165,"profit_mean_pct":0.01,"profit_sum":0.006325453226086762,"profit_sum_pct":0.63,"profit_total_abs":-0.11350172000000025,"profit_total":-0.0011350172000000026,"profit_total_pct":-0.11,"duration_avg":"4:11:00","wins":23,"draws":36,"losses":3,"winrate":0.3709677419354839,"max_drawdown_account":0.06376118309743696,"max_drawdown_abs":"6.476"}]}