{"strategy":{"b":{"trades":[{"pair":"ACX/USDT","stake_amount":49.97762,"max_stake_amount":49.97762,"amount":91.3,"open_date":"2025-01-01 09:55:00+00:00","close_date":"2025-01-01 12:25:00+00:00","open_rate":0.5474,"close_rate":0.557811011011011,"fee_open":0.001,"fee_close":0.001,"trade_duration":150,"profit_ratio":0.01698301698301698,"profit_abs":0.84961954,"exit_reason":"roi","initial_stop_loss_abs":0.4533,"initial_stop_loss_ratio":-0.172,"stop_loss_abs":0.4636,"stop_loss_ratio":-0.172,"min_rate":0.5436,"max_rate":0.5598,"is_open":false,"enter_tag":"","leverage":1.0,"is_short":false,"open_timestamp":1735725300000,"close_timestamp":1735734300000,"orders":[{"amount":91.3,"safe_price":0.5474,"ft_order_side":"buy","order_filled_timestamp":1735725300000,"ft_is_entry":true,"ft_order_tag":"","cost":50.027597619999995},{"amount":91.3,"safe_price":0.557811011011011,"ft_order_side":"sell","order_filled_timestamp":1735734300000,"ft_is_entry":false,"ft_order_tag":"roi","cost":50.979073450610606}]},{"pair":"LTC/USDT","stake_amount":49.90839,"max_stake_amount":49.90839,"amount":0.483,"open_date":"2025-01-01 09:05:00+00:00","close_date":"2025-01-01 12:30:00+00:00","open_rate":103.33,"close_rate":104.06,"fee_open":0.001,"fee_close":0.001,"trade_duration":205,"profit_ratio":0.005052626653323449,"profit_abs":0.25242063,"exit_reason":"roi","initial_stop_loss_abs":85.56,"initial_stop_loss_ratio":-0.172,"stop_loss_abs":86.39,"stop_loss_ratio":-0.172,"min_rate":102.03,"max_rate":104.33,"is_open":false,"enter_tag":"","leverage":1.0,"is_short":false,"open_timestamp":1735722300000,"close_timestamp":1735734600000,"orders":[{"amount":0.483,"safe_price":103.33,"ft_order_side":"buy","order_filled_timestamp":1735722300000,"ft_is_entry":true,"ft_order_tag":"","cost":49.95829838999999},{"amount":0.483,"safe_price":104.06,"ft_order_side":"sell","order_filled_timestamp":1735734600000,"ft_is_entry":false,"ft_order_tag":"roi","cost":50.311240979999994}]},{"pair":"ACX/USDT","stake_amount":50.54025,"max_stake_amount":50.54025,"amount":85.3,"open_date":"2025-01-02 11:30:00+00:00","close_date":"2025-01-02 14:55:00+00:00","open_rate":0.5925,"close_rate":0.5946,"fee_open":0.001,"fee_close":0.001,"trade_duration":205,"profit_ratio":0.0015392202733974885,"profit_abs":0.07787037,"exit_reason":"roi","initial_stop_loss_abs":0.4906,"initial_stop_loss_ratio":-0.172,"stop_loss_abs":0.498,"stop_loss_ratio":-0.172,"min_rate":0.5797,"max_rate":0.6014,"is_open":false,"enter_tag":"","leverage":1.0,"is_short":false,"open_timestamp":1735817400000,"close_timestamp":1735829700000,"orders":[{"amount":85.3,"safe_price":0.5925,"ft_order_side":"buy","order_filled_timestamp":1735817400000,"ft_is_entry":true,"ft_order_tag":"","cost":50.59079025},{"amount":85.3,"safe_price":0.5946,"ft_order_side":"sell","order_filled_timestamp":1735829700000,"ft_is_entry":false,"ft_order_tag":"roi","cost":50.77009938}]},{"pair":"ACX/USDT","stake_amount":50.5736,"max_stake_amount":50.5736,"amount":88.0,"open_date":"2025-01-03 01:55:00+00:00","close_date":"2025-01-03 06:05:00+00:00","open_rate":0.5747,"close_rate":0.5758505505505505,"fee_open":0.001,"fee_close":0.001,"trade_duration":250,"profit_ratio":0.0,"profit_abs":0.0,"exit_reason":"roi","initial_stop_loss_abs":0.4759,"initial_stop_loss_ratio":-0.172,"stop_loss_abs":0.4812,"stop_loss_ratio":-0.172,"min_rate":0.5695,"max_rate":0.5811,"is_open":false,"enter_tag":"","leverage":1.0,"is_short":false,"open_timestamp":1735869300000,"close_timestamp":1735884300000,"orders":[{"amount":88.0,"safe_price":0.5747,"ft_order_side":"buy","order_filled_timestamp":1735869300000,"ft_is_entry":true,"ft_order_tag":"","cost":50.62417359999999},{"amount":88.0,"safe_price":0.5758505505505505,"ft_order_side":"sell","order_filled_timestamp":1735884300000,"ft_is_entry":false,"ft_order_tag":"roi","cost":50.72552329689689}]},{"pair":"LTC/USDT","stake_amount":50.50749,"max_stake_amount":50.50749,"amount":0.451,"open_date":"2025-01-04 00:45:00+00:00","close_date":"2025-01-04 10:55:00+00:00","open_rate":111.99,"close_rate":112.2142042042042,"fee_open":0.001,"fee_close":0.001,"trade_duration":610,"profit_ratio":0.0,"profit_abs":0.0,"exit_reason":"roi","initial_stop_loss_abs":92.73,"initial_stop_loss_ratio":-0.172,"stop_loss_abs":92.95,"stop_loss_ratio":-0.172,"min_rate":110.52,"max_rate":112.25,"is_open":false,"enter_tag":"","leverage":1.0,"is_short":false,"open_timestamp":1735951500000,"close_timestamp":1735988100000,"orders":[{"amount":0.451,"safe_price":111.99,"ft_order_side":"buy","order_filled_timestamp":1735951500000,"ft_is_entry":true,"ft_order_tag":"","cost":50.55799748999999},{"amount":0.451,"safe_price":112.2142042042042,"ft_order_side":"sell","order_filled_timestamp":1735988100000,"ft_is_entry":false,"ft_order_tag":"roi","cost":50.65921470219218}]},{"pair":"ACX/USDT","stake_amount":50.58864,"max_stake_amount":50.58864,"amount":81.7,"open_date":"2025-01-04 16:05:00+00:00","close_date":"2025-01-04 19:30:00+00:00","open_rate":0.6192,"close_rate":0.6255,"fee_open":0.001,"fee_close":0.001,"trade_duration":205,"profit_ratio":0.008156088097948563,"profit_abs":0.41301801,"exit_reason":"roi","initial_stop_loss_abs":0.5127,"initial_stop_loss_ratio":-0.172,"stop_loss_abs":0.5209,"stop_loss_ratio":-0.172,"min_rate":0.6145,"max_rate":0.629,"is_open":false,"enter_tag":"","leverage":1.0,"is_short":false,"open_timestamp":1736006700000,"close_timestamp":1736019000000,"orders":[{"amount":81.7,"safe_price":0.6192,"ft_order_side":"buy","order_filled_timestamp":1736006700000,"ft_is_entry":true,"ft_order_tag":"","cost":50.63922863999999},{"amount":81.7,"safe_price":0.6255,"ft_order_side":"sell","order_filled_timestamp":1736019000000,"ft_is_entry":false,"ft_order_tag":"roi","cost":51.15445334999999}]},{"pair":"LTC/USDT","stake_amount":50.71176,"max_stake_amount":50.71176,"amount":0.456,"open_date":"2025-01-05 08:25:00+00:00","close_date":"2025-01-05 11:50:00+00:00","open_rate":111.21,"close_rate":111.72,"fee_open":0.001,"fee_close":0.001,"trade_duration":205,"profit_ratio":0.0025787538601134505,"profit_abs":0.13090392,"exit_reason":"roi","initial_stop_loss_abs":92.09,"initial_stop_loss_ratio":-0.172,"stop_loss_abs":92.88,"stop_loss_ratio":-0.172,"min_rate":110.71,"max_rate":112.17,"is_open":false,"enter_tag":"","leverage":1.0,"is_short":false,"open_timestamp":1736065500000,"close_timestamp":1736077800000,"orders":[{"amount":0.456,"safe_price":111.21,"ft_order_side":"buy","order_filled_timestamp":1736065500000,"ft_is_entry":true,"ft_order_tag":"","cost":50.76247175999999},{"amount":0.456,"safe_price":111.72,"ft_order_side":"sell","order_filled_timestamp":1736077800000,"ft_is_entry":false,"ft_order_tag":"roi","cost":50.99526432}]},{"pair":"ACX/USDT","stake_amount":50.81175,"max_stake_amount":50.81175,"amount":82.5,"open_date":"2025-01-06 00:25:00+00:00","close_date":"2025-01-06 04:00:00+00:00","open_rate":0.6159,"close_rate":0.6171330330330329,"fee_open":0.001,"fee_close":0.001,"trade_duration":215,"profit_ratio":0.0,"profit_abs":0.0,"exit_reason":"roi","initial_stop_loss_abs":0.51,"initial_stop_loss_ratio":-0.172,"stop_loss_abs":0.5138,"stop_loss_ratio":-0.172,"min_rate":0.5955,"max_rate":0.6205,"is_open":false,"enter_tag":"","leverage":1.0,"is_short":false,"open_timestamp":1736123100000,"close_timestamp":1736136000000,"orders":[{"amount":82.5,"safe_price":0.6159,"ft_order_side":"buy","order_filled_timestamp":1736123100000,"ft_is_entry":true,"ft_order_tag":"","cost":50.86256175},{"amount":82.5,"safe_price":0.6171330330330329,"ft_order_side":"sell","order_filled_timestamp":1736136000000,"ft_is_entry":false,"ft_order_tag":"roi","cost":50.964388700450435}]},{"pair":"LTC/USDT","stake_amount":50.80155,"max_stake_amount":50.80155,"amount":0.447,"open_date":"2025-01-06 07:35:00+00:00","close_date":"2025-01-06 11:25:00+00:00","open_rate":113.65,"close_rate":113.87752752752752,"fee_open":0.001,"fee_close":0.001,"trade_duration":230,"profit_ratio":0.0,"profit_abs":0.0,"exit_reason":"roi","initial_stop_loss_abs":94.11,"initial_stop_loss_ratio":-0.172,"stop_loss_abs":94.48,"stop_loss_ratio":-0.172,"min_rate":112.56,"max_rate":114.1,"is_open":false,"enter_tag":"","leverage":1.0,"is_short":false,"open_timestamp":1736148900000,"close_timestamp":1736162700000,"orders":[{"amount":0.447,"safe_price":113.65,"ft_order_side":"buy","order_filled_timestamp":1736148900000,"ft_is_entry":true,"ft_order_tag":"","cost":50.85235155},{"amount":0.447,"safe_price":113.87752752752752,"ft_order_side":"sell","order_filled_timestamp":1736162700000,"ft_is_entry":false,"ft_order_tag":"roi","cost":50.954158059609604}]},{"pair":"LTC/USDT","stake_amount":50.85831,"max_stake_amount":50.85831,"amount":0.453,"open_date":"2025-01-06 13:25:00+00:00","close_date":"2025-01-06 14:55:00+00:00","open_rate":112.27,"close_rate":114.40526526526524,"fee_open":0.001,"fee_close":0.001,"trade_duration":90,"profit_ratio":0.016983016983016984,"profit_abs":0.86459127,"exit_reason":"roi","initial_stop_loss_abs":92.96,"initial_stop_loss_ratio":-0.172,"stop_loss_abs":94.97,"stop_loss_ratio":-0.172,"min_rate":111.91,"max_rate":114.69,"is_open":false,"enter_tag":"","leverage":1.0,"is_short":false,"open_timestamp":1736169900000,"close_timestamp":1736175300000,"orders":[{"amount":0.453,"safe_price":112.27,"ft_order_side":"buy","order_filled_timestamp":1736169900000,"ft_is_entry":true,"ft_order_tag":"","cost":50.90916831},{"amount":0.453,"safe_price":114.40526526526524,"ft_order_side":"sell","order_filled_timestamp":1736175300000,"ft_is_entry":false,"ft_order_tag":"roi","cost":51.87741075033032}]},{"pair":"LTC/USDT","stake_amount":51.246,"max_stake_amount":51.246,"amount":0.45,"open_date":"2025-01-06 20:55:00+00:00","close_date":"2025-01-07 00:35:00+00:00","open_rate":113.88,"close_rate":114.10798798798797,"fee_open":0.001,"fee_close":0.001,"trade_duration":220,"profit_ratio":0.0,"profit_abs":0.0,"exit_reason":"roi","initial_stop_loss_abs":94.3,"initial_stop_loss_ratio":-0.172,"stop_loss_abs":94.5,"stop_loss_ratio":-0.172,"min_rate":113.01,"max_rate":114.13,"is_open":false,"enter_tag":"","leverage":1.0,"is_short":false,"open_timestamp":1736196900000,"close_timestamp":1736210100000,"orders":[{"amount":0.45,"safe_price":113.88,"ft_order_side":"buy","order_filled_timestamp":1736196900000,"ft_is_entry":true,"ft_order_tag":"","cost":51.297245999999994},{"amount":0.45,"safe_price":114.10798798798797,"ft_order_side":"sell","order_filled_timestamp":1736210100000,"ft_is_entry":false,"ft_order_tag":"roi","cost":51.39994318918917}]},{"pair":"ACX/USDT","stake_amount":51.26571,"max_stake_amount":51.26571,"amount":86.7,"open_date":"2025-01-07 05:20:00+00:00","close_date":"2025-01-08 03:40:00+00:00","open_rate":0.5913,"close_rate":0.4949,"fee_open":0.001,"fee_close":0.001,"trade_duration":1340,"profit_ratio":-0.16470287703164416,"profit_abs":-8.45205354,"exit_reason":"trailing_stop_loss","initial_stop_loss_abs":0.4896,"initial_stop_loss_ratio":-0.172,"stop_loss_abs":0.4949,"stop_loss_ratio":-0.172,"min_rate":0.4924,"max_rate":0.5977,"is_open":false,"enter_tag":"","leverage":1.0,"is_short":false,"open_timestamp":1736227200000,"close_timestamp":1736307600000,"orders":[{"amount":86.7,"safe_price":0.5913,"ft_order_side":"buy","order_filled_timestamp":1736227200000,"ft_is_entry":true,"ft_order_tag":"","cost":51.31697571},{"amount":86.7,"safe_price":0.4949,"ft_order_side":"sell","order_filled_timestamp":1736307600000,"ft_is_entry":false,"ft_order_tag":"trailing_stop_loss","cost":42.95073783}]},{"pair":"ACX/USDT","stake_amount":42.86065,"max_stake_amount":42.86065,"amount":88.1,"open_date":"2025-01-08 07:05:00+00:00","close_date":"2025-01-08 09:15:00+00:00","open_rate":0.4865,"close_rate":0.4957527527527527,"fee_open":0.001,"fee_close":0.001,"trade_duration":130,"profit_ratio":0.01698301698301698,"profit_abs":0.72863105,"exit_reason":"roi","initial_stop_loss_abs":0.4029,"initial_stop_loss_ratio":-0.172,"stop_loss_abs":0.4112,"stop_loss_ratio":-0.172,"min_rate":0.4858,"max_rate":0.4966,"is_open":false,"enter_tag":"","leverage":1.0,"is_short":false,"open_timestamp":1736319900000,"close_timestamp":1736327700000,"orders":[{"amount":88.1,"safe_price":0.4865,"ft_order_side":"buy","order_filled_timestamp":1736319900000,"ft_is_entry":true,"ft_order_tag":"","cost":42.903510649999994},{"amount":88.1,"safe_price":0.4957527527527527,"ft_order_side":"sell","order_filled_timestamp":1736327700000,"ft_is_entry":false,"ft_order_tag":"roi","cost":43.71949333503502}]},{"pair":"ACX/USDT","stake_amount":43.57395,"max_stake_amount":43.57395,"amount":94.5,"open_date":"2025-01-08 17:45:00+00:00","close_date":"2025-01-08 18:25:00+00:00","open_rate":0.4611,"close_rate":0.4749468468468468,"fee_open":0.001,"fee_close":0.001,"trade_duration":40,"profit_ratio":0.027972027972027972,"profit_abs":1.2200706,"exit_reason":"roi","initial_stop_loss_abs":0.3818,"initial_stop_loss_ratio":-0.172,"stop_loss_abs":0.3949,"stop_loss_ratio":-0.172,"min_rate":0.4592,"max_rate":0.4769,"is_open":false,"enter_tag":"","leverage":1.0,"is_short":false,"open_timestamp":1736358300000,"close_timestamp":1736360700000,"orders":[{"amount":94.5,"safe_price":0.4611,"ft_order_side":"buy","order_filled_timestamp":1736358300000,"ft_is_entry":true,"ft_order_tag":"","cost":43.61752395},{"amount":94.5,"safe_price":0.4749468468468468,"ft_order_side":"sell","order_filled_timestamp":1736360700000,"ft_is_entry":false,"ft_order_tag":"roi","cost":44.927359504054046}]},{"pair":"ACX/USDT","stake_amount":44.8137,"max_stake_amount":44.8137,"amount":98.6,"open_date":"2025-01-09 08:00:00+00:00","close_date":"2025-01-09 09:35:00+00:00","open_rate":0.4545,"close_rate":0.4631441441441442,"fee_open":0.001,"fee_close":0.001,"trade_duration":95,"profit_ratio":0.016983016983016984,"profit_abs":0.7618329,"exit_reason":"roi","initial_stop_loss_abs":0.3764,"initial_stop_loss_ratio":-0.172,"stop_loss_abs":0.3842,"stop_loss_ratio":-0.172,"min_rate":0.4501,"max_rate":0.4639,"is_open":false,"enter_tag":"","leverage":1.0,"is_short":false,"open_timestamp":1736409600000,"close_timestamp":1736415300000,"orders":[{"amount":98.6,"safe_price":0.4545,"ft_order_side":"buy","order_filled_timestamp":1736409600000,"ft_is_entry":true,"ft_order_tag":"","cost":44.85851369999999},{"amount":98.6,"safe_price":0.4631441441441442,"ft_order_side":"sell","order_filled_timestamp":1736415300000,"ft_is_entry":false,"ft_order_tag":"roi","cost":45.71167862522522}]},{"pair":"ACX/USDT","stake_amount":45.58051,"max_stake_amount":45.58051,"amount":103.1,"open_date":"2025-01-09 14:15:00+00:00","close_date":"2025-01-09 15:45:00+00:00","open_rate":0.4421,"close_rate":0.4531,"fee_open":0.001,"fee_close":0.001,"trade_duration":90,"profit_ratio":0.0228335338039025,"profit_abs":1.04180488,"exit_reason":"roi","initial_stop_loss_abs":0.3661,"initial_stop_loss_ratio":-0.172,"stop_loss_abs":0.3771,"stop_loss_ratio":-0.172,"min_rate":0.432,"max_rate":0.4554,"is_open":false,"enter_tag":"","leverage":1.0,"is_short":false,"open_timestamp":1736432100000,"close_timestamp":1736437500000,"orders":[{"amount":103.1,"safe_price":0.4421,"ft_order_side":"buy","order_filled_timestamp":1736432100000,"ft_is_entry":true,"ft_order_tag":"","cost":45.62609050999999},{"amount":103.1,"safe_price":0.4531,"ft_order_side":"sell","order_filled_timestamp":1736437500000,"ft_is_entry":false,"ft_order_tag":"roi","cost":46.761324609999996}]},{"pair":"ACX/USDT","stake_amount":46.6044,"max_stake_amount":46.6044,"amount":106.5,"open_date":"2025-01-09 20:00:00+00:00","close_date":"2025-01-09 23:25:00+00:00","open_rate":0.4376,"close_rate":0.4388,"fee_open":0.001,"fee_close":0.001,"trade_duration":205,"profit_ratio":0.0007387493676341939,"profit_abs":0.0344634,"exit_reason":"roi","initial_stop_loss_abs":0.3624,"initial_stop_loss_ratio":-0.172,"stop_loss_abs":0.3678,"stop_loss_ratio":-0.172,"min_rate":0.4301,"max_rate":0.4441,"is_open":false,"enter_tag":"","leverage":1.0,"is_short":false,"open_timestamp":1736452800000,"close_timestamp":1736465100000,"orders":[{"amount":106.5,"safe_price":0.4376,"ft_order_side":"buy","order_filled_timestamp":1736452800000,"ft_is_entry":true,"ft_order_tag":"","cost":46.65100439999999},{"amount":106.5,"safe_price":0.4388,"ft_order_side":"sell","order_filled_timestamp":1736465100000,"ft_is_entry":false,"ft_order_tag":"roi","cost":46.7789322}]},{"pair":"ACX/USDT","stake_amount":46.64071,"max_stake_amount":46.64071,"amount":103.9,"open_date":"2025-01-10 13:55:00+00:00","close_date":"2025-01-10 17:40:00+00:00","open_rate":0.4489,"close_rate":0.4497986986986987,"fee_open":0.001,"fee_close":0.001,"trade_duration":225,"profit_ratio":0.0,"profit_abs":0.0,"exit_reason":"roi","initial_stop_loss_abs":0.3717,"initial_stop_loss_ratio":-0.172,"stop_loss_abs":0.3786,"stop_loss_ratio":-0.172,"min_rate":0.4328,"max_rate":0.4572,"is_open":false,"enter_tag":"","leverage":1.0,"is_short":false,"open_timestamp":1736517300000,"close_timestamp":1736530800000,"orders":[{"amount":103.9,"safe_price":0.4489,"ft_order_side":"buy","order_filled_timestamp":1736517300000,"ft_is_entry":true,"ft_order_tag":"","cost":46.687350710000004},{"amount":103.9,"safe_price":0.4497986986986987,"ft_order_side":"sell","order_filled_timestamp":1736530800000,"ft_is_entry":false,"ft_order_tag":"roi","cost":46.78081887958959}]},{"pair":"ACX/USDT","stake_amount":46.64352,"max_stake_amount":46.64352,"amount":105.6,"open_date":"2025-01-12 00:35:00+00:00","close_date":"2025-01-12 04:00:00+00:00","open_rate":0.4417,"close_rate":0.4434,"fee_open":0.001,"fee_close":0.001,"trade_duration":205,"profit_ratio":0.0018430742904367535,"profit_abs":0.08605344,"exit_reason":"roi","initial_stop_loss_abs":0.3658,"initial_stop_loss_ratio":-0.172,"stop_loss_abs":0.37,"stop_loss_ratio":-0.172,"min_rate":0.4403,"max_rate":0.4468,"is_open":false,"enter_tag":"","leverage":1.0,"is_short":false,"open_timestamp":1736642100000,"close_timestamp":1736654400000,"orders":[{"amount":105.6,"safe_price":0.4417,"ft_order_side":"buy","order_filled_timestamp":1736642100000,"ft_is_entry":true,"ft_order_tag":"","cost":46.69016351999999},{"amount":105.6,"safe_price":0.4434,"ft_order_side":"sell","order_filled_timestamp":1736654400000,"ft_is_entry":false,"ft_order_tag":"roi","cost":46.86986303999999}]},{"pair":"ACX/USDT","stake_amount":46.75286,"max_stake_amount":46.75286,"amount":107.8,"open_date":"2025-01-12 09:40:00+00:00","close_date":"2025-01-12 13:05:00+00:00","open_rate":0.4337,"close_rate":0.4353,"fee_open":0.001,"fee_close":0.001,"trade_duration":205,"profit_ratio":0.0016838130741750755,"profit_abs":0.0788018,"exit_reason":"roi","initial_stop_loss_abs":0.3592,"initial_stop_loss_ratio":-0.172,"stop_loss_abs":0.3651,"stop_loss_ratio":-0.172,"min_rate":0.4318,"max_rate":0.4409,"is_open":false,"enter_tag":"","leverage":1.0,"is_short":false,"open_timestamp":1736674800000,"close_timestamp":1736687100000,"orders":[{"amount":107.8,"safe_price":0.4337,"ft_order_side":"buy","order_filled_timestamp":1736674800000,"ft_is_entry":true,"ft_order_tag":"","cost":46.799612859999996},{"amount":107.8,"safe_price":0.4353,"ft_order_side":"sell","order_filled_timestamp":1736687100000,"ft_is_entry":false,"ft_order_tag":"roi","cost":46.97226533999999}]},{"pair":"ACX/USDT","stake_amount":46.81781,"max_stake_amount":46.81781,"amount":107.9,"open_date":"2025-01-12 21:30:00+00:00","close_date":"2025-01-13 00:30:00+00:00","open_rate":0.4339,"close_rate":0.4421523523523523,"fee_open":0.001,"fee_close":0.001,"trade_duration":180,"profit_ratio":0.01698301698301698,"profit_abs":0.79590277,"exit_reason":"roi","initial_stop_loss_abs":0.3593,"initial_stop_loss_ratio":-0.172,"stop_loss_abs":0.3679,"stop_loss_ratio":-0.172,"min_rate":0.4258,"max_rate":0.4443,"is_open":false,"enter_tag":"","leverage":1.0,"is_short":false,"open_timestamp":1736717400000,"close_timestamp":1736728200000,"orders":[{"amount":107.9,"safe_price":0.4339,"ft_order_side":"buy","order_filled_timestamp":1736717400000,"ft_is_entry":true,"ft_order_tag":"","cost":46.864627809999995},{"amount":107.9,"safe_price":0.4421523523523523,"ft_order_side":"sell","order_filled_timestamp":1736728200000,"ft_is_entry":false,"ft_order_tag":"roi","cost":47.75594705763763}]},{"pair":"ACX/USDT","stake_amount":47.60646,"max_stake_amount":47.60646,"amount":112.2,"open_date":"2025-01-13 03:00:00+00:00","close_date":"2025-01-14 05:05:00+00:00","open_rate":0.4243,"close_rate":0.4251494494494494,"fee_open":0.001,"fee_close":0.001,"trade_duration":1565,"profit_ratio":0.0,"profit_abs":0.0,"exit_reason":"roi","initial_stop_loss_abs":0.3514,"initial_stop_loss_ratio":-0.172,"stop_loss_abs":0.3542,"stop_loss_ratio":-0.172,"min_rate":0.3697,"max_rate":0.4277,"is_open":false,"enter_tag":"","leverage":1.0,"is_short":false,"open_timestamp":1736737200000,"close_timestamp":1736831100000,"orders":[{"amount":112.2,"safe_price":0.4243,"ft_order_side":"buy","order_filled_timestamp":1736737200000,"ft_is_entry":true,"ft_order_tag":"","cost":47.65406646},{"amount":112.2,"safe_price":0.4251494494494494,"ft_order_side":"sell","order_filled_timestamp":1736831100000,"ft_is_entry":false,"ft_order_tag":"roi","cost":47.74946999645644}]},{"pair":"ACX/USDT","stake_amount":47.5904,"max_stake_amount":47.5904,"amount":114.4,"open_date":"2025-01-15 10:10:00+00:00","close_date":"2025-01-15 13:30:00+00:00","open_rate":0.416,"close_rate":0.4239119119119119,"fee_open":0.001,"fee_close":0.001,"trade_duration":200,"profit_ratio":0.016983016983016984,"profit_abs":0.8090368,"exit_reason":"roi","initial_stop_loss_abs":0.3445,"initial_stop_loss_ratio":-0.172,"stop_loss_abs":0.3597,"stop_loss_ratio":-0.172,"min_rate":0.4115,"max_rate":0.4343,"is_open":false,"enter_tag":"","leverage":1.0,"is_short":false,"open_timestamp":1736935800000,"close_timestamp":1736947800000,"orders":[{"amount":114.4,"safe_price":0.416,"ft_order_side":"buy","order_filled_timestamp":1736935800000,"ft_is_entry":true,"ft_order_tag":"","cost":47.6379904},{"amount":114.4,"safe_price":0.4239119119119119,"ft_order_side":"sell","order_filled_timestamp":1736947800000,"ft_is_entry":false,"ft_order_tag":"roi","cost":48.54401824544544}]},{"pair":"LTC/USDT","stake_amount":51.2532,"max_stake_amount":51.2532,"amount":0.46,"open_date":"2025-01-07 11:55:00+00:00","close_date":"2025-01-15 22:50:00+00:00","open_rate":111.42,"close_rate":111.64306306306304,"fee_open":0.001,"fee_close":0.001,"trade_duration":12175,"profit_ratio":0.0,"profit_abs":0.0,"exit_reason":"roi","initial_stop_loss_abs":92.26,"initial_stop_loss_ratio":-0.172,"stop_loss_abs":93.28,"stop_loss_ratio":-0.172,"min_rate":92.57,"max_rate":112.65,"is_open":false,"enter_tag":"","leverage":1.0,"is_short":false,"open_timestamp":1736250900000,"close_timestamp":1736981400000,"orders":[{"amount":0.46,"safe_price":111.42,"ft_order_side":"buy","order_filled_timestamp":1736250900000,"ft_is_entry":true,"ft_order_tag":"","cost":51.3044532},{"amount":0.46,"safe_price":111.64306306306304,"ft_order_side":"sell","order_filled_timestamp":1736981400000,"ft_is_entry":false,"ft_order_tag":"roi","cost":51.407164818018}]},{"pair":"ACX/USDT","stake_amount":49.8348,"max_stake_amount":49.8348,"amount":114.3,"open_date":"2025-01-16 09:10:00+00:00","close_date":"2025-01-16 12:20:00+00:00","open_rate":0.436,"close_rate":0.4442922922922922,"fee_open":0.001,"fee_close":0.001,"trade_duration":190,"profit_ratio":0.016983016983016984,"profit_abs":0.8471916,"exit_reason":"roi","initial_stop_loss_abs":0.3611,"initial_stop_loss_ratio":-0.172,"stop_loss_abs":0.3682,"stop_loss_ratio":-0.172,"min_rate":0.4323,"max_rate":0.4446,"is_open":false,"enter_tag":"","leverage":1.0,"is_short":false,"open_timestamp":1737018600000,"close_timestamp":1737030000000,"orders":[{"amount":114.3,"safe_price":0.436,"ft_order_side":"buy","order_filled_timestamp":1737018600000,"ft_is_entry":true,"ft_order_tag":"","cost":49.88463479999999},{"amount":114.3,"safe_price":0.4442922922922922,"ft_order_side":"sell","order_filled_timestamp":1737030000000,"ft_is_entry":false,"ft_order_tag":"roi","cost":50.833391618018005}]},{"pair":"LTC/USDT","stake_amount":50.24835,"max_stake_amount":50.24835,"amount":0.405,"open_date":"2025-01-16 22:50:00+00:00","close_date":"2025-01-17 00:35:00+00:00","open_rate":124.07,"close_rate":126.42968968968967,"fee_open":0.001,"fee_close":0.001,"trade_duration":105,"profit_ratio":0.016983016983016984,"profit_abs":0.85422195,"exit_reason":"roi","initial_stop_loss_abs":102.73,"initial_stop_loss_ratio":-0.172,"stop_loss_abs":104.82,"stop_loss_ratio":-0.172,"min_rate":122.36,"max_rate":126.59,"is_open":false,"enter_tag":"","leverage":1.0,"is_short":false,"open_timestamp":1737067800000,"close_timestamp":1737074100000,"orders":[{"amount":0.405,"safe_price":124.07,"ft_order_side":"buy","order_filled_timestamp":1737067800000,"ft_is_entry":true,"ft_order_tag":"","cost":50.29859835},{"amount":0.405,"safe_price":126.42968968968967,"ft_order_side":"sell","order_filled_timestamp":1737074100000,"ft_is_entry":false,"ft_order_tag":"roi","cost":51.255228348648636}]},{"pair":"ACX/USDT","stake_amount":50.68322,"max_stake_amount":50.68322,"amount":114.1,"open_date":"2025-01-17 12:45:00+00:00","close_date":"2025-01-17 16:10:00+00:00","open_rate":0.4442,"close_rate":0.4452,"fee_open":0.001,"fee_close":0.001,"trade_duration":205,"profit_ratio":0.0002487382046139363,"profit_abs":0.01261946,"exit_reason":"roi","initial_stop_loss_abs":0.3678,"initial_stop_loss_ratio":-0.172,"stop_loss_abs":0.3743,"stop_loss_ratio":-0.172,"min_rate":0.4401,"max_rate":0.452,"is_open":false,"enter_tag":"","leverage":1.0,"is_short":false,"open_timestamp":1737117900000,"close_timestamp":1737130200000,"orders":[{"amount":114.1,"safe_price":0.4442,"ft_order_side":"buy","order_filled_timestamp":1737117900000,"ft_is_entry":true,"ft_order_tag":"","cost":50.733903219999995},{"amount":114.1,"safe_price":0.4452,"ft_order_side":"sell","order_filled_timestamp":1737130200000,"ft_is_entry":false,"ft_order_tag":"roi","cost":50.84811731999999}]},{"pair":"LTC/USDT","stake_amount":50.62125,"max_stake_amount":50.62125,"amount":0.375,"open_date":"2025-01-17 13:25:00+00:00","close_date":"2025-01-17 16:50:00+00:00","open_rate":134.99,"close_rate":136.9,"fee_open":0.001,"fee_close":0.001,"trade_duration":205,"profit_ratio":0.012122924116405113,"profit_abs":0.61429125,"exit_reason":"roi","initial_stop_loss_abs":111.78,"initial_stop_loss_ratio":-0.172,"stop_loss_abs":113.76,"stop_loss_ratio":-0.172,"min_rate":133.21,"max_rate":137.38,"is_open":false,"enter_tag":"","leverage":1.0,"is_short":false,"open_timestamp":1737120300000,"close_timestamp":1737132600000,"orders":[{"amount":0.375,"safe_price":134.99,"ft_order_side":"buy","order_filled_timestamp":1737120300000,"ft_is_entry":true,"ft_order_tag":"","cost":50.671871249999995},{"amount":0.375,"safe_price":136.9,"ft_order_side":"sell","order_filled_timestamp":1737132600000,"ft_is_entry":false,"ft_order_tag":"roi","cost":51.3888375}]},{"pair":"ACX/USDT","stake_amount":50.97516,"max_stake_amount":50.97516,"amount":115.8,"open_date":"2025-01-17 19:05:00+00:00","close_date":"2025-01-17 20:15:00+00:00","open_rate":0.4402,"close_rate":0.4534192192192191,"fee_open":0.001,"fee_close":0.001,"trade_duration":70,"profit_ratio":0.027972027972027972,"profit_abs":1.42730448,"exit_reason":"roi","initial_stop_loss_abs":0.3645,"initial_stop_loss_ratio":-0.172,"stop_loss_abs":0.377,"stop_loss_ratio":-0.172,"min_rate":0.439,"max_rate":0.4553,"is_open":false,"enter_tag":"","leverage":1.0,"is_short":false,"open_timestamp":1737140700000,"close_timestamp":1737144900000,"orders":[{"amount":115.8,"safe_price":0.4402,"ft_order_side":"buy","order_filled_timestamp":1737140700000,"ft_is_entry":true,"ft_order_tag":"","cost":51.02613515999999},{"amount":115.8,"safe_price":0.4534192192192191,"ft_order_side":"sell","order_filled_timestamp":1737144900000,"ft_is_entry":false,"ft_order_tag":"roi","cost":52.55845153117115}]},{"pair":"LTC/USDT","stake_amount":51.62,"max_stake_amount":51.62,"amount":0.4,"open_date":"2025-01-18 05:05:00+00:00","close_date":"2025-01-18 13:40:00+00:00","open_rate":129.05,"close_rate":129.30835835835836,"fee_open":0.001,"fee_close":0.001,"trade_duration":515,"profit_ratio":0.0,"profit_abs":0.0,"exit_reason":"roi","initial_stop_loss_abs":106.86,"initial_stop_loss_ratio":-0.172,"stop_loss_abs":107.47,"stop_loss_ratio":-0.172,"min_rate":123.52,"max_rate":129.79,"is_open":false,"enter_tag":"","leverage":1.0,"is_short":false,"open_timestamp":1737176700000,"close_timestamp":1737207600000,"orders":[{"amount":0.4,"safe_price":129.05,"ft_order_side":"buy","order_filled_timestamp":1737176700000,"ft_is_entry":true,"ft_order_tag":"","cost":51.67162},{"amount":0.4,"safe_price":129.30835835835836,"ft_order_side":"sell","order_filled_timestamp":1737207600000,"ft_is_entry":false,"ft_order_tag":"roi","cost":51.775066686686685}]},{"pair":"LTC/USDT","stake_amount":51.68952,"max_stake_amount":51.68952,"amount":0.412,"open_date":"2025-01-18 16:25:00+00:00","close_date":"2025-01-18 19:50:00+00:00","open_rate":125.46,"close_rate":125.71117117117116,"fee_open":0.001,"fee_close":0.001,"trade_duration":205,"profit_ratio":0.0,"profit_abs":0.0,"exit_reason":"roi","initial_stop_loss_abs":103.89,"initial_stop_loss_ratio":-0.172,"stop_loss_abs":104.39,"stop_loss_ratio":-0.172,"min_rate":123.58,"max_rate":126.07,"is_open":false,"enter_tag":"","leverage":1.0,"is_short":false,"open_timestamp":1737217500000,"close_timestamp":1737229800000,"orders":[{"amount":0.412,"safe_price":125.46,"ft_order_side":"buy","order_filled_timestamp":1737217500000,"ft_is_entry":true,"ft_order_tag":"","cost":51.74120951999999},{"amount":0.412,"safe_price":125.71117117117116,"ft_order_side":"sell","order_filled_timestamp":1737229800000,"ft_is_entry":false,"ft_order_tag":"roi","cost":51.84479552504503}]},{"pair":"ACX/USDT","stake_amount":51.69508,"max_stake_amount":51.69508,"amount":125.2,"open_date":"2025-01-18 06:20:00+00:00","close_date":"2025-01-19 01:10:00+00:00","open_rate":0.4129,"close_rate":0.41372662662662657,"fee_open":0.001,"fee_close":0.001,"trade_duration":1130,"profit_ratio":0.0,"profit_abs":0.0,"exit_reason":"roi","initial_stop_loss_abs":0.3419,"initial_stop_loss_ratio":-0.172,"stop_loss_abs":0.3444,"stop_loss_ratio":-0.172,"min_rate":0.3857,"max_rate":0.4159,"is_open":false,"enter_tag":"","leverage":1.0,"is_short":false,"open_timestamp":1737181200000,"close_timestamp":1737249000000,"orders":[{"amount":125.2,"safe_price":0.4129,"ft_order_side":"buy","order_filled_timestamp":1737181200000,"ft_is_entry":true,"ft_order_tag":"","cost":51.74677507999999},{"amount":125.2,"safe_price":0.41372662662662657,"ft_order_side":"sell","order_filled_timestamp":1737249000000,"ft_is_entry":false,"ft_order_tag":"roi","cost":51.8503722273073}]},{"pair":"ACX/USDT","stake_amount":51.6972,"max_stake_amount":51.6972,"amount":128.6,"open_date":"2025-01-19 07:05:00+00:00","close_date":"2025-01-19 14:00:00+00:00","open_rate":0.402,"close_rate":0.4028048048048048,"fee_open":0.001,"fee_close":0.001,"trade_duration":415,"profit_ratio":0.0,"profit_abs":0.0,"exit_reason":"roi","initial_stop_loss_abs":0.3329,"initial_stop_loss_ratio":-0.172,"stop_loss_abs":0.3361,"stop_loss_ratio":-0.172,"min_rate":0.38,"max_rate":0.4058,"is_open":false,"enter_tag":"","leverage":1.0,"is_short":false,"open_timestamp":1737270300000,"close_timestamp":1737295200000,"orders":[{"amount":128.6,"safe_price":0.402,"ft_order_side":"buy","order_filled_timestamp":1737270300000,"ft_is_entry":true,"ft_order_tag":"","cost":51.748897199999995},{"amount":128.6,"safe_price":0.4028048048048048,"ft_order_side":"sell","order_filled_timestamp":1737295200000,"ft_is_entry":false,"ft_order_tag":"roi","cost":51.85249859579579}]},{"pair":"LTC/USDT","stake_amount":51.65804,"max_stake_amount":51.65804,"amount":0.413,"open_date":"2025-01-19 03:50:00+00:00","close_date":"2025-01-19 16:10:00+00:00","open_rate":125.08,"close_rate":125.3304104104104,"fee_open":0.001,"fee_close":0.001,"trade_duration":740,"profit_ratio":0.0,"profit_abs":0.0,"exit_reason":"roi","initial_stop_loss_abs":103.57,"initial_stop_loss_ratio":-0.172,"stop_loss_abs":103.89,"stop_loss_ratio":-0.172,"min_rate":114.21,"max_rate":125.46,"is_open":false,"enter_tag":"","leverage":1.0,"is_short":false,"open_timestamp":1737258600000,"close_timestamp":1737303000000,"orders":[{"amount":0.413,"safe_price":125.08,"ft_order_side":"buy","order_filled_timestamp":1737258600000,"ft_is_entry":true,"ft_order_tag":"","cost":51.70969803999999},{"amount":0.413,"safe_price":125.3304104104104,"ft_order_side":"sell","order_filled_timestamp":1737303000000,"ft_is_entry":false,"ft_order_tag":"roi","cost":51.81322095899898}]},{"pair":"ACX/USDT","stake_amount":51.7059,"max_stake_amount":51.7059,"amount":131.4,"open_date":"2025-01-19 22:15:00+00:00","close_date":"2025-01-20 04:45:00+00:00","open_rate":0.3935,"close_rate":0.3942877877877877,"fee_open":0.001,"fee_close":0.001,"trade_duration":390,"profit_ratio":0.0,"profit_abs":0.0,"exit_reason":"roi","initial_stop_loss_abs":0.3259,"initial_stop_loss_ratio":-0.172,"stop_loss_abs":0.3291,"stop_loss_ratio":-0.172,"min_rate":0.3692,"max_rate":0.3974,"is_open":false,"enter_tag":"","leverage":1.0,"is_short":false,"open_timestamp":1737324900000,"close_timestamp":1737348300000,"orders":[{"amount":131.4,"safe_price":0.3935,"ft_order_side":"buy","order_filled_timestamp":1737324900000,"ft_is_entry":true,"ft_order_tag":"","cost":51.7576059},{"amount":131.4,"safe_price":0.3942877877877877,"ft_order_side":"sell","order_filled_timestamp":1737348300000,"ft_is_entry":false,"ft_order_tag":"roi","cost":51.86122473063062}]},{"pair":"LTC/USDT","stake_amount":51.7128,"max_stake_amount":51.7128,"amount":0.435,"open_date":"2025-01-19 22:05:00+00:00","close_date":"2025-01-20 06:45:00+00:00","open_rate":118.88,"close_rate":119.11799799799799,"fee_open":0.001,"fee_close":0.001,"trade_duration":520,"profit_ratio":0.0,"profit_abs":0.0,"exit_reason":"roi","initial_stop_loss_abs":98.44,"initial_stop_loss_ratio":-0.172,"stop_loss_abs":99.65,"stop_loss_ratio":-0.172,"min_rate":111.0,"max_rate":120.34,"is_open":false,"enter_tag":"","leverage":1.0,"is_short":false,"open_timestamp":1737324300000,"close_timestamp":1737355500000,"orders":[{"amount":0.435,"safe_price":118.88,"ft_order_side":"buy","order_filled_timestamp":1737324300000,"ft_is_entry":true,"ft_order_tag":"","cost":51.76451279999999},{"amount":0.435,"safe_price":119.11799799799799,"ft_order_side":"sell","order_filled_timestamp":1737355500000,"ft_is_entry":false,"ft_order_tag":"roi","cost":51.86814545825825}]},{"pair":"LTC/USDT","stake_amount":51.6258,"max_stake_amount":51.6258,"amount":0.435,"open_date":"2025-01-20 16:20:00+00:00","close_date":"2025-01-20 18:35:00+00:00","open_rate":118.68,"close_rate":120.93717717717718,"fee_open":0.001,"fee_close":0.001,"trade_duration":135,"profit_ratio":0.016983016983016984,"profit_abs":0.8776386,"exit_reason":"roi","initial_stop_loss_abs":98.27,"initial_stop_loss_ratio":-0.172,"stop_loss_abs":100.39,"stop_loss_ratio":-0.172,"min_rate":113.04,"max_rate":121.24,"is_open":false,"enter_tag":"","leverage":1.0,"is_short":false,"open_timestamp":1737390000000,"close_timestamp":1737398100000,"orders":[{"amount":0.435,"safe_price":118.68,"ft_order_side":"buy","order_filled_timestamp":1737390000000,"ft_is_entry":true,"ft_order_tag":"","cost":51.6774258},{"amount":0.435,"safe_price":120.93717717717718,"ft_order_side":"sell","order_filled_timestamp":1737398100000,"ft_is_entry":false,"ft_order_tag":"roi","cost":52.660279744144134}]},{"pair":"ACX/USDT","stake_amount":52.15395,"max_stake_amount":52.15395,"amount":128.3,"open_date":"2025-01-22 02:10:00+00:00","close_date":"2025-01-22 05:35:00+00:00","open_rate":0.4065,"close_rate":0.4082,"fee_open":0.001,"fee_close":0.001,"trade_duration":205,"profit_ratio":0.0021756840945032826,"profit_abs":0.11358399,"exit_reason":"roi","initial_stop_loss_abs":0.3366,"initial_stop_loss_ratio":-0.172,"stop_loss_abs":0.3433,"stop_loss_ratio":-0.172,"min_rate":0.4047,"max_rate":0.4146,"is_open":false,"enter_tag":"","leverage":1.0,"is_short":false,"open_timestamp":1737511800000,"close_timestamp":1737524100000,"orders":[{"amount":128.3,"safe_price":0.4065,"ft_order_side":"buy","order_filled_timestamp":1737511800000,"ft_is_entry":true,"ft_order_tag":"","cost":52.20610395},{"amount":128.3,"safe_price":0.4082,"ft_order_side":"sell","order_filled_timestamp":1737524100000,"ft_is_entry":false,"ft_order_tag":"roi","cost":52.42443206}]},{"pair":"LTC/USDT","stake_amount":52.04807,"max_stake_amount":52.04807,"amount":0.443,"open_date":"2025-01-22 04:50:00+00:00","close_date":"2025-01-22 19:35:00+00:00","open_rate":117.49,"close_rate":117.7252152152152,"fee_open":0.001,"fee_close":0.001,"trade_duration":885,"profit_ratio":0.0,"profit_abs":0.0,"exit_reason":"roi","initial_stop_loss_abs":97.29,"initial_stop_loss_ratio":-0.172,"stop_loss_abs":97.66,"stop_loss_ratio":-0.172,"min_rate":114.67,"max_rate":117.94,"is_open":false,"enter_tag":"","leverage":1.0,"is_short":false,"open_timestamp":1737521400000,"close_timestamp":1737574500000,"orders":[{"amount":0.443,"safe_price":117.49,"ft_order_side":"buy","order_filled_timestamp":1737521400000,"ft_is_entry":true,"ft_order_tag":"","cost":52.100118069999986},{"amount":0.443,"safe_price":117.7252152152152,"ft_order_side":"sell","order_filled_timestamp":1737574500000,"ft_is_entry":false,"ft_order_tag":"roi","cost":52.20442261068067}]},{"pair":"LTC/USDT","stake_amount":52.15552,"max_stake_amount":52.15552,"amount":0.454,"open_date":"2025-01-22 23:15:00+00:00","close_date":"2025-01-23 03:25:00+00:00","open_rate":114.88,"close_rate":115.10998998998997,"fee_open":0.001,"fee_close":0.001,"trade_duration":250,"profit_ratio":0.0,"profit_abs":0.0,"exit_reason":"roi","initial_stop_loss_abs":95.13,"initial_stop_loss_ratio":-0.172,"stop_loss_abs":95.77,"stop_loss_ratio":-0.172,"min_rate":113.05,"max_rate":115.66,"is_open":false,"enter_tag":"","leverage":1.0,"is_short":false,"open_timestamp":1737587700000,"close_timestamp":1737602700000,"orders":[{"amount":0.454,"safe_price":114.88,"ft_order_side":"buy","order_filled_timestamp":1737587700000,"ft_is_entry":true,"ft_order_tag":"","cost":52.207675519999995},{"amount":0.454,"safe_price":115.10998998998997,"ft_order_side":"sell","order_filled_timestamp":1737602700000,"ft_is_entry":false,"ft_order_tag":"roi","cost":52.3121953909109}]},{"pair":"ACX/USDT","stake_amount":52.20292,"max_stake_amount":52.20292,"amount":130.9,"open_date":"2025-01-22 21:30:00+00:00","close_date":"2025-01-23 03:35:00+00:00","open_rate":0.3988,"close_rate":0.3995983983983984,"fee_open":0.001,"fee_close":0.001,"trade_duration":365,"profit_ratio":0.0,"profit_abs":0.0,"exit_reason":"roi","initial_stop_loss_abs":0.3303,"initial_stop_loss_ratio":-0.172,"stop_loss_abs":0.3327,"stop_loss_ratio":-0.172,"min_rate":0.3867,"max_rate":0.4018,"is_open":false,"enter_tag":"","leverage":1.0,"is_short":false,"open_timestamp":1737581400000,"close_timestamp":1737603300000,"orders":[{"amount":130.9,"safe_price":0.3988,"ft_order_side":"buy","order_filled_timestamp":1737581400000,"ft_is_entry":true,"ft_order_tag":"","cost":52.25512291999999},{"amount":130.9,"safe_price":0.3995983983983984,"ft_order_side":"sell","order_filled_timestamp":1737603300000,"ft_is_entry":false,"ft_order_tag":"roi","cost":52.3597377807007}]},{"pair":"LTC/USDT","stake_amount":52.16655,"max_stake_amount":52.16655,"amount":0.457,"open_date":"2025-01-23 19:30:00+00:00","close_date":"2025-01-23 22:40:00+00:00","open_rate":114.15,"close_rate":116.32102102102101,"fee_open":0.001,"fee_close":0.001,"trade_duration":190,"profit_ratio":0.016983016983016984,"profit_abs":0.88683135,"exit_reason":"roi","initial_stop_loss_abs":94.52,"initial_stop_loss_ratio":-0.172,"stop_loss_abs":96.71,"stop_loss_ratio":-0.172,"min_rate":113.08,"max_rate":116.79,"is_open":false,"enter_tag":"","leverage":1.0,"is_short":false,"open_timestamp":1737660600000,"close_timestamp":1737672000000,"orders":[{"amount":0.457,"safe_price":114.15,"ft_order_side":"buy","order_filled_timestamp":1737660600000,"ft_is_entry":true,"ft_order_tag":"","cost":52.21871655},{"amount":0.457,"safe_price":116.32102102102101,"ft_order_side":"sell","order_filled_timestamp":1737672000000,"ft_is_entry":false,"ft_order_tag":"roi","cost":53.21186531321321}]},{"pair":"ACX/USDT","stake_amount":52.20588,"max_stake_amount":52.20588,"amount":131.7,"open_date":"2025-01-23 19:30:00+00:00","close_date":"2025-01-23 22:55:00+00:00","open_rate":0.3964,"close_rate":0.4004,"fee_open":0.001,"fee_close":0.001,"trade_duration":205,"profit_ratio":0.00807265388496468,"profit_abs":0.42186144,"exit_reason":"roi","initial_stop_loss_abs":0.3283,"initial_stop_loss_ratio":-0.172,"stop_loss_abs":0.3355,"stop_loss_ratio":-0.172,"min_rate":0.3901,"max_rate":0.4051,"is_open":false,"enter_tag":"","leverage":1.0,"is_short":false,"open_timestamp":1737660600000,"close_timestamp":1737672900000,"orders":[{"amount":131.7,"safe_price":0.3964,"ft_order_side":"buy","order_filled_timestamp":1737660600000,"ft_is_entry":true,"ft_order_tag":"","cost":52.25808587999999},{"amount":131.7,"safe_price":0.4004,"ft_order_side":"sell","order_filled_timestamp":1737672900000,"ft_is_entry":false,"ft_order_tag":"roi","cost":52.785412679999986}]},{"pair":"LTC/USDT","stake_amount":52.8728,"max_stake_amount":52.8728,"amount":0.464,"open_date":"2025-01-24 01:00:00+00:00","close_date":"2025-01-24 04:25:00+00:00","open_rate":113.95,"close_rate":114.64,"fee_open":0.001,"fee_close":0.001,"trade_duration":205,"profit_ratio":0.004045186932418174,"profit_abs":0.21409424,"exit_reason":"roi","initial_stop_loss_abs":94.36,"initial_stop_loss_ratio":-0.172,"stop_loss_abs":95.72,"stop_loss_ratio":-0.172,"min_rate":112.82,"max_rate":115.6,"is_open":false,"enter_tag":"","leverage":1.0,"is_short":false,"open_timestamp":1737680400000,"close_timestamp":1737692700000,"orders":[{"amount":0.464,"safe_price":113.95,"ft_order_side":"buy","order_filled_timestamp":1737680400000,"ft_is_entry":true,"ft_order_tag":"","cost":52.9256728},{"amount":0.464,"safe_price":114.64,"ft_order_side":"sell","order_filled_timestamp":1737692700000,"ft_is_entry":false,"ft_order_tag":"roi","cost":53.24615296}]},{"pair":"ACX/USDT","stake_amount":52.83824,"max_stake_amount":52.83824,"amount":133.7,"open_date":"2025-01-24 01:05:00+00:00","close_date":"2025-01-24 04:30:00+00:00","open_rate":0.3952,"close_rate":0.3966,"fee_open":0.001,"fee_close":0.001,"trade_duration":205,"profit_ratio":0.0015374301811548776,"profit_abs":0.08131634,"exit_reason":"roi","initial_stop_loss_abs":0.3273,"initial_stop_loss_ratio":-0.172,"stop_loss_abs":0.3324,"stop_loss_ratio":-0.172,"min_rate":0.391,"max_rate":0.4014,"is_open":false,"enter_tag":"","leverage":1.0,"is_short":false,"open_timestamp":1737680700000,"close_timestamp":1737693000000,"orders":[{"amount":133.7,"safe_price":0.3952,"ft_order_side":"buy","order_filled_timestamp":1737680700000,"ft_is_entry":true,"ft_order_tag":"","cost":52.891078239999985},{"amount":133.7,"safe_price":0.3966,"ft_order_side":"sell","order_filled_timestamp":1737693000000,"ft_is_entry":false,"ft_order_tag":"roi","cost":53.078445419999994}]},{"pair":"LTC/USDT","stake_amount":52.9817,"max_stake_amount":52.9817,"amount":0.445,"open_date":"2025-01-24 19:15:00+00:00","close_date":"2025-01-24 21:20:00+00:00","open_rate":119.06,"close_rate":121.3244044044044,"fee_open":0.001,"fee_close":0.001,"trade_duration":125,"profit_ratio":0.016983016983016984,"profit_abs":0.9006889,"exit_reason":"roi","initial_stop_loss_abs":98.59,"initial_stop_loss_ratio":-0.172,"stop_loss_abs":100.96,"stop_loss_ratio":-0.172,"min_rate":116.44,"max_rate":121.93,"is_open":false,"enter_tag":"","leverage":1.0,"is_short":false,"open_timestamp":1737746100000,"close_timestamp":1737753600000,"orders":[{"amount":0.445,"safe_price":119.06,"ft_order_side":"buy","order_filled_timestamp":1737746100000,"ft_is_entry":true,"ft_order_tag":"","cost":53.0346817},{"amount":0.445,"safe_price":121.3244044044044,"ft_order_side":"sell","order_filled_timestamp":1737753600000,"ft_is_entry":false,"ft_order_tag":"roi","cost":54.04334931991992}]},{"pair":"LTC/USDT","stake_amount":53.41952,"max_stake_amount":53.41952,"amount":0.448,"open_date":"2025-01-24 21:25:00+00:00","close_date":"2025-01-25 00:50:00+00:00","open_rate":119.24,"close_rate":119.67,"fee_open":0.001,"fee_close":0.001,"trade_duration":205,"profit_ratio":0.001600965287647609,"profit_abs":0.08560832,"exit_reason":"roi","initial_stop_loss_abs":98.74,"initial_stop_loss_ratio":-0.172,"stop_loss_abs":101.77,"stop_loss_ratio":-0.172,"min_rate":117.8,"max_rate":122.9,"is_open":false,"enter_tag":"","leverage":1.0,"is_short":false,"open_timestamp":1737753900000,"close_timestamp":1737766200000,"orders":[{"amount":0.448,"safe_price":119.24,"ft_order_side":"buy","order_filled_timestamp":1737753900000,"ft_is_entry":true,"ft_order_tag":"","cost":53.47293951999999},{"amount":0.448,"safe_price":119.67,"ft_order_side":"sell","order_filled_timestamp":1737766200000,"ft_is_entry":false,"ft_order_tag":"roi","cost":53.665772159999996}]}],"locks":[],"best_pair":{"key":"LTC/USDT","trades":20,"profit_mean":0.005515777088249636,"profit_mean_pct":0.55,"profit_sum":0.11031554176499273,"profit_sum_pct":11.03,"profit_total_abs":5.681290430000001,"profit_total":0.05681290430000001,"profit_total_pct":5.68,"duration_avg":"15:01:00","wins":10,"draws":10,"losses":0,"winrate":0.5},"worst_pair":{"key":"ACX/USDT","trades":27,"profit_mean":0.0015543802253053724,"profit_mean_pct":0.16,"profit_sum":0.041968266083245054,"profit_sum_pct":4.2,"profit_total_abs":1.3489293300000011,"profit_total":0.013489293300000012,"profit_total_pct":1.35,"duration_avg":"5:29:00","wins":18,"draws":8,"losses":1,"winrate":0.6666666666666666},"results_per_pair":[{"key":"LTC/USDT","trades":20,"profit_mean":0.005515777088249636,"profit_mean_pct":0.55,"profit_sum":0.11031554176499273,"profit_sum_pct":11.03,"profit_total_abs":5.681290430000001,"profit_total":0.05681290430000001,"profit_total_pct":5.68,"duration_avg":"15:01:00","wins":10,"draws":10,"losses":0,"winrate":0.5},{"key":"ACX/USDT","trades":27,"profit_mean":0.0015543802253053724,"profit_mean_pct":0.16,"profit_sum":0.041968266083245054,"profit_sum_pct":4.2,"profit_total_abs":1.3489293300000011,"profit_total":0.013489293300000012,"profit_total_pct":1.35,"duration_avg":"5:29:00","wins":18,"draws":8,"losses":1,"winrate":0.6666666666666666},{"key":"TOTAL","trades":47,"profit_mean":0.0032400810180476117,"profit_mean_pct":0.32,"profit_sum":0.15228380784823775,"profit_sum_pct":15.23,"profit_total_abs":7.030219760000001,"profit_total":0.07030219760000002,"profit_total_pct":7.03,"duration_avg":"9:32:00","wins":28,"draws":18,"losses":1,"winrate":0.5957446808510638}],"results_per_enter_tag":[{"key":"","trades":47,"profit_mean":0.0032400810180476117,"profit_mean_pct":0.32,"profit_sum":0.15228380784823775,"profit_sum_pct":15.23,"profit_total_abs":7.030219760000001,"profit_total":0.07030219760000002,"profit_total_pct":7.03,"duration_avg":"9:32:00","wins":28,"draws":18,"losses":1,"winrate":0.5957446808510638},{"key":"TOTAL","trades":47,"profit_mean":0.0032400810180476117,"profit_mean_pct":0.32,"profit_sum":0.15228380784823775,"profit_sum_pct":15.23,"profit_total_abs":7.030219760000001,"profit_total":0.07030219760000002,"profit_total_pct":7.03,"duration_avg":"9:32:00","wins":28,"draws":18,"losses":1,"winrate":0.5957446808510638}],"exit_reason_summary":[{"key":"roi","trades":46,"profit_mean":0.0068910148886930835,"profit_mean_pct":0.69,"profit_sum":0.31698668487988185,"profit_sum_pct":31.7,"profit_total_abs":15.4822733,"profit_total":0.154822733,"profit_total_pct":15.48,"duration_avg":"9:16:00","wins":28,"draws":18,"losses":0,"winrate":0.6086956521739131},{"key":"trailing_stop_loss","trades":1,"profit_mean":-0.16470287703164416,"profit_mean_pct":-16.47,"profit_sum":-0.16470287703164416,"profit_sum_pct":-16.47,"profit_total_abs":-8.45205354,"profit_total":-0.0845205354,"profit_total_pct":-8.45,"duration_avg":"22:20:00","wins":0,"draws":0,"losses":1,"winrate":0.0},{"key":"TOTAL","trades":47,"profit_mean":0.0032400810180476117,"profit_mean_pct":0.32,"profit_sum":0.15228380784823775,"profit_sum_pct":15.23,"profit_total_abs":7.030219760000001,"profit_total":0.07030219760000002,"profit_total_pct":7.03,"duration_avg":"9:32:00","wins":28,"draws":18,"losses":1,"winrate":0.5957446808510638}],"mix_tag_stats":[{"key":["","roi"],"trades":46,"profit_mean":0.0068910148886930835,"profit_mean_pct":0.69,"profit_sum":0.31698668487988185,"profit_sum_pct":31.7,"profit_total_abs":15.4822733,"profit_total":0.154822733,"profit_total_pct":15.48,"duration_avg":"9:16:00","wins":28,"draws":18,"losses":0,"winrate":0.6086956521739131},{"key":["","trailing_stop_loss"],"trades":1,"profit_mean":-0.16470287703164416,"profit_mean_pct":-16.47,"profit_sum":-0.16470287703164416,"profit_sum_pct":-16.47,"profit_total_abs":-8.45205354,"profit_total":-0.0845205354,"profit_total_pct":-8.45,"duration_avg":"22:20:00","wins":0,"draws":0,"losses":1,"winrate":0.0},{"key":"TOTAL","trades":47,"profit_mean":0.0032400810180476117,"profit_mean_pct":0.32,"profit_sum":0.15228380784823775,"profit_sum_pct":15.23,"profit_total_abs":7.030219760000001,"profit_total":0.07030219760000002,"profit_total_pct":7.03,"duration_avg":"9:32:00","wins":28,"draws":18,"losses":1,"winrate":0.5957446808510638}],"left_open_trades":[{"key":"TOTAL","trades":0,"profit_mean":0.0,"profit_mean_pct":0.0,"profit_sum":0.0,"profit_sum_pct":0.0,"profit_total_abs":0.0,"profit_total":0.0,"profit_total_pct":0.0,"duration_avg":"0:00","wins":0,"draws":0,"losses":0,"winrate":0.0}],"total_trades":47,"trade_count_long":47,"trade_count_short":0,"total_volume":4727.15811111087,"avg_stake_amount":50.113649148936176,"profit_mean":0.0032400810180476117,"profit_median":0.001600965287647609,"profit_total":0.07030219760000002,"profit_total_long":0.07030219760000002,"profit_total_short":0.0,"profit_total_abs":7.030219760000001,"profit_total_long_abs":7.030219760000001,"profit_total_short_abs":0.0,"cagr":1.8102401054856792,"expectancy":0.14957914382978726,"expectancy_ratio":-0.36528135043780496,"sortino":-100,"sharpe":4.196609085258264,"calmar":67.92665194079501,"profit_factor":1.831776529423168,"backtest_start":"2025-01-01 00:00:00","backtest_start_ts":1735689600000,"backtest_end":"2025-01-25 17:40:00","backtest_end_ts":1737826800000,"backtest_days":24,"backtest_run_start_ts":1737835598,"backtest_run_end_ts":1737835598,"trades_per_day":1.96,"market_change":-0.02151131695272479,"pairlist":["LTC/USDT","ACX/USDT"],"stake_amount":"unlimited","stake_currency":"USDT","stake_currency_decimals":3,"starting_balance":100,"dry_run_wallet":100,"final_balance":107.03021976,"rejected_signals":0,"timedout_entry_orders":0,"timedout_exit_orders":0,"canceled_trade_entries":0,"canceled_entry_orders":0,"replaced_entry_orders":0,"max_open_trades":2,"max_open_trades_setting":2,"timeframe":"5m","timeframe_detail":"","timerange":"20250101-","enable_protections":false,"strategy_name":"b","stoploss":-0.172,"trailing_stop":true,"trailing_stop_positive":0.127,"trailing_stop_positive_offset":0.212,"trailing_only_offset_is_reached":false,"use_custom_stoploss":false,"minimal_roi":{"0":0.116,"28":0.028,"88":0.017,"205":0},"use_exit_signal":true,"exit_profit_only":false,"exit_profit_offset":0.0,"ignore_roi_if_entry_signal":false,"trading_mode":"spot","margin_mode":"","periodic_breakdown":{"day":[{"date":"01/01/2025","date_ts":1735689600000,"profit_abs":1.10204017,"wins":2,"draws":0,"loses":0,"winrate":1.0},{"date":"02/01/2025","date_ts":1735776000000,"profit_abs":0.07787037,"wins":1,"draws":0,"loses":0,"winrate":1.0},{"date":"03/01/2025","date_ts":1735862400000,"profit_abs":0.0,"wins":0,"draws":1,"loses":0,"winrate":0.0},{"date":"04/01/2025","date_ts":1735948800000,"profit_abs":0.41301801,"wins":1,"draws":1,"loses":0,"winrate":0.5},{"date":"05/01/2025","date_ts":1736035200000,"profit_abs":0.13090392,"wins":1,"draws":0,"loses":0,"winrate":1.0},{"date":"06/01/2025","date_ts":1736121600000,"profit_abs":0.86459127,"wins":1,"draws":2,"loses":0,"winrate":0.3333333333333333},{"date":"07/01/2025","date_ts":1736208000000,"profit_abs":0.0,"wins":0,"draws":1,"loses":0,"winrate":0.0},{"date":"08/01/2025","date_ts":1736294400000,"profit_abs":-6.50335189,"wins":2,"draws":0,"loses":1,"winrate":0.6666666666666666},{"date":"09/01/2025","date_ts":1736380800000,"profit_abs":1.83810118,"wins":3,"draws":0,"loses":0,"winrate":1.0},{"date":"10/01/2025","date_ts":1736467200000,"profit_abs":0.0,"wins":0,"draws":1,"loses":0,"winrate":0.0},{"date":"11/01/2025","date_ts":1736553600000,"profit_abs":0.0,"wins":0,"draws":0,"loses":0,"winrate":0.0},{"date":"12/01/2025","date_ts":1736640000000,"profit_abs":0.16485524,"wins":2,"draws":0,"loses":0,"winrate":1.0},{"date":"13/01/2025","date_ts":1736726400000,"profit_abs":0.79590277,"wins":1,"draws":0,"loses":0,"winrate":1.0},{"date":"14/01/2025","date_ts":1736812800000,"profit_abs":0.0,"wins":0,"draws":1,"loses":0,"winrate":0.0},{"date":"15/01/2025","date_ts":1736899200000,"profit_abs":0.8090368,"wins":1,"draws":1,"loses":0,"winrate":0.5},{"date":"16/01/2025","date_ts":1736985600000,"profit_abs":0.8471916,"wins":1,"draws":0,"loses":0,"winrate":1.0},{"date":"17/01/2025","date_ts":1737072000000,"profit_abs":2.90843714,"wins":4,"draws":0,"loses":0,"winrate":1.0},{"date":"18/01/2025","date_ts":1737158400000,"profit_abs":0.0,"wins":0,"draws":2,"loses":0,"winrate":0.0},{"date":"19/01/2025","date_ts":1737244800000,"profit_abs":0.0,"wins":0,"draws":3,"loses":0,"winrate":0.0},{"date":"20/01/2025","date_ts":1737331200000,"profit_abs":0.8776386,"wins":1,"draws":2,"loses":0,"winrate":0.3333333333333333},{"date":"21/01/2025","date_ts":1737417600000,"profit_abs":0.0,"wins":0,"draws":0,"loses":0,"winrate":0.0},{"date":"22/01/2025","date_ts":1737504000000,"profit_abs":0.11358399,"wins":1,"draws":1,"loses":0,"winrate":0.5},{"date":"23/01/2025","date_ts":1737590400000,"profit_abs":1.30869279,"wins":2,"draws":2,"loses":0,"winrate":0.5},{"date":"24/01/2025","date_ts":1737676800000,"profit_abs":1.19609948,"wins":3,"draws":0,"loses":0,"winrate":1.0},{"date":"25/01/2025","date_ts":1737763200000,"profit_abs":0.08560832,"wins":1,"draws":0,"loses":0,"winrate":1.0}],"week":[{"date":"06/01/2025","date_ts":1736121600000,"profit_abs":2.58842374,"wins":6,"draws":4,"loses":0,"winrate":0.6},{"date":"13/01/2025","date_ts":1736726400000,"profit_abs":-3.7044927,"wins":8,"draws":2,"loses":1,"winrate":0.7272727272727273},{"date":"20/01/2025","date_ts":1737331200000,"profit_abs":5.44230414,"wins":7,"draws":9,"loses":0,"winrate":0.4375},{"date":"27/01/2025","date_ts":1737936000000,"profit_abs":2.70398458,"wins":7,"draws":3,"loses":0,"winrate":0.7}],"month":[{"date":"31/01/2025","date_ts":1738281600000,"profit_abs":7.03021976,"wins":28,"draws":18,"loses":1,"winrate":0.5957446808510638}]},"backtest_best_day":0.05732670727606401,"backtest_worst_day":-0.1197478320765992,"backtest_best_day_abs":2.90843714,"backtest_worst_day_abs":-6.50335189,"winning_days":16,"draw_days":8,"losing_days":1,"daily_profit":[["2025-01-01",1.10204017],["2025-01-02",0.07787037],["2025-01-03",0.0],["2025-01-04",0.41301801],["2025-01-05",0.13090392],["2025-01-06",0.86459127],["2025-01-07",0.0],["2025-01-08",-6.50335189],["2025-01-09",1.83810118],["2025-01-10",0.0],["2025-01-11",0.0],["2025-01-12",0.16485524],["2025-01-13",0.79590277],["2025-01-14",0.0],["2025-01-15",0.8090368],["2025-01-16",0.8471916],["2025-01-17",2.90843714],["2025-01-18",0.0],["2025-01-19",0.0],["2025-01-20",0.8776386],["2025-01-21",0.0],["2025-01-22",0.11358399],["2025-01-23",1.30869279],["2025-01-24",1.19609948],["2025-01-25",0.08560832]],"wins":28,"losses":1,"draws":18,"winrate":0.5957446808510638,"holding_avg":"9:32:00","holding_avg_s":34320.0,"winner_holding_avg":"2:46:00","winner_holding_avg_s":9960.0,"loser_holding_avg":"22:20:00","loser_holding_avg_s":80400.0,"max_consecutive_wins":6,"max_consecutive_losses":7,"max_drawdown_account":0.08238798523136363,"max_relative_drawdown":0.08238798523136363,"max_drawdown_abs":8.45205354,"drawdown_start":"2025-01-06 14:55:00","drawdown_start_ts":1736175300000.0,"drawdown_end":"2025-01-08 03:40:00","drawdown_end_ts":1736307600000.0,"max_drawdown_low":-5.8636298,"max_drawdown_high":2.58842374,"csum_min":94.1363702,"csum_max":107.03021976}},"strategy_comparison":[{"key":"b","trades":47,"profit_mean":0.0032400810180476117,"profit_mean_pct":0.32,"profit_sum":0.15228380784823775,"profit_sum_pct":15.23,"profit_total_abs":7.030219760000001,"profit_total":0.07030219760000002,"profit_total_pct":7.03,"duration_avg":"9:32:00","wins":28,"draws":18,"losses":1,"winrate":0.5957446808510638,"max_drawdown_account":0.08238798523136363,"max_drawdown_abs":"8.452"}]}