{"strategy":{"ReinforcementLearner":{"trades":[{"pair":"LTC/USDT","stake_amount":33.26916,"max_stake_amount":33.26916,"amount":0.318,"open_date":"2025-01-01 02:30:00+00:00","close_date":"2025-01-01 16:20:00+00:00","open_rate":104.62,"close_rate":105.87669669669668,"fee_open":0.001,"fee_close":0.001,"trade_duration":830,"profit_ratio":0.009990009990009988,"profit_abs":0.3326916,"exit_reason":"roi","initial_stop_loss_abs":94.16,"initial_stop_loss_ratio":-0.1,"stop_loss_abs":94.16,"stop_loss_ratio":-0.1,"min_rate":102.03,"max_rate":106.04,"is_open":false,"enter_tag":"","leverage":1.0,"is_short":false,"open_timestamp":1735698600000,"close_timestamp":1735748400000,"orders":[{"amount":0.318,"safe_price":104.62,"ft_order_side":"buy","order_filled_timestamp":1735698600000,"ft_is_entry":true,"ft_order_tag":"","cost":33.302429159999996},{"amount":0.318,"safe_price":105.87669669669668,"ft_order_side":"sell","order_filled_timestamp":1735748400000,"ft_is_entry":false,"ft_order_tag":"roi","cost":33.70245833909909}]},{"pair":"LTC/USDT","stake_amount":33.4312,"max_stake_amount":33.4312,"amount":0.319,"open_date":"2025-01-01 17:40:00+00:00","close_date":"2025-01-01 18:45:00+00:00","open_rate":104.8,"close_rate":106.05885885885884,"fee_open":0.001,"fee_close":0.001,"trade_duration":65,"profit_ratio":0.00999000999000999,"profit_abs":0.334312,"exit_reason":"roi","initial_stop_loss_abs":94.32,"initial_stop_loss_ratio":-0.1,"stop_loss_abs":94.32,"stop_loss_ratio":-0.1,"min_rate":104.06,"max_rate":106.5,"is_open":false,"enter_tag":"","leverage":1.0,"is_short":false,"open_timestamp":1735753200000,"close_timestamp":1735757100000,"orders":[{"amount":0.319,"safe_price":104.8,"ft_order_side":"buy","order_filled_timestamp":1735753200000,"ft_is_entry":true,"ft_order_tag":"","cost":33.46463119999999},{"amount":0.319,"safe_price":106.05885885885884,"ft_order_side":"sell","order_filled_timestamp":1735757100000,"ft_is_entry":false,"ft_order_tag":"roi","cost":33.866608751951944}]},{"pair":"ACX/USDT","stake_amount":33.3172,"max_stake_amount":33.3172,"amount":58.4,"open_date":"2025-01-01 02:05:00+00:00","close_date":"2025-01-01 21:05:00+00:00","open_rate":0.5705,"close_rate":0.5773528528528528,"fee_open":0.001,"fee_close":0.001,"trade_duration":1140,"profit_ratio":0.009990009990009992,"profit_abs":0.333172,"exit_reason":"roi","initial_stop_loss_abs":0.5135,"initial_stop_loss_ratio":-0.1,"stop_loss_abs":0.5135,"stop_loss_ratio":-0.1,"min_rate":0.541,"max_rate":0.5788,"is_open":false,"enter_tag":"","leverage":1.0,"is_short":false,"open_timestamp":1735697100000,"close_timestamp":1735765500000,"orders":[{"amount":58.4,"safe_price":0.5705,"ft_order_side":"buy","order_filled_timestamp":1735697100000,"ft_is_entry":true,"ft_order_tag":"","cost":33.3505172},{"amount":58.4,"safe_price":0.5773528528528528,"ft_order_side":"sell","order_filled_timestamp":1735765500000,"ft_is_entry":false,"ft_order_tag":"roi","cost":33.75112401321321}]},{"pair":"LTC/USDT","stake_amount":33.65272,"max_stake_amount":33.65272,"amount":0.317,"open_date":"2025-01-01 21:05:00+00:00","close_date":"2025-01-02 00:20:00+00:00","open_rate":106.16,"close_rate":107.43519519519518,"fee_open":0.001,"fee_close":0.001,"trade_duration":195,"profit_ratio":0.00999000999000999,"profit_abs":0.3365272,"exit_reason":"roi","initial_stop_loss_abs":95.55,"initial_stop_loss_ratio":-0.1,"stop_loss_abs":95.55,"stop_loss_ratio":-0.1,"min_rate":104.67,"max_rate":107.9,"is_open":false,"enter_tag":"","leverage":1.0,"is_short":false,"open_timestamp":1735765500000,"close_timestamp":1735777200000,"orders":[{"amount":0.317,"safe_price":106.16,"ft_order_side":"buy","order_filled_timestamp":1735765500000,"ft_is_entry":true,"ft_order_tag":"","cost":33.68637272},{"amount":0.317,"safe_price":107.43519519519518,"ft_order_side":"sell","order_filled_timestamp":1735777200000,"ft_is_entry":false,"ft_order_tag":"roi","cost":34.09101383375375}]},{"pair":"ACX/USDT","stake_amount":33.73821,"max_stake_amount":33.73821,"amount":58.3,"open_date":"2025-01-02 00:25:00+00:00","close_date":"2025-01-02 03:00:00+00:00","open_rate":0.5787,"close_rate":0.5856513513513513,"fee_open":0.001,"fee_close":0.001,"trade_duration":155,"profit_ratio":0.009990009990009992,"profit_abs":0.3373821,"exit_reason":"roi","initial_stop_loss_abs":0.5209,"initial_stop_loss_ratio":-0.1,"stop_loss_abs":0.5209,"stop_loss_ratio":-0.1,"min_rate":0.5699,"max_rate":0.5895,"is_open":false,"enter_tag":"","leverage":1.0,"is_short":false,"open_timestamp":1735777500000,"close_timestamp":1735786800000,"orders":[{"amount":58.3,"safe_price":0.5787,"ft_order_side":"buy","order_filled_timestamp":1735777500000,"ft_is_entry":true,"ft_order_tag":"","cost":33.77194820999999},{"amount":58.3,"safe_price":0.5856513513513513,"ft_order_side":"sell","order_filled_timestamp":1735786800000,"ft_is_entry":false,"ft_order_tag":"roi","cost":34.177617257567555}]},{"pair":"ACX/USDT","stake_amount":33.87748,"max_stake_amount":33.87748,"amount":57.4,"open_date":"2025-01-02 06:30:00+00:00","close_date":"2025-01-02 07:25:00+00:00","open_rate":0.5902,"close_rate":0.6031973973973974,"fee_open":0.001,"fee_close":0.001,"trade_duration":55,"profit_ratio":0.01998001998001998,"profit_abs":0.6775496,"exit_reason":"roi","initial_stop_loss_abs":0.5312,"initial_stop_loss_ratio":-0.1,"stop_loss_abs":0.5312,"stop_loss_ratio":-0.1,"min_rate":0.5898,"max_rate":0.6076,"is_open":false,"enter_tag":"","leverage":1.0,"is_short":false,"open_timestamp":1735799400000,"close_timestamp":1735802700000,"orders":[{"amount":57.4,"safe_price":0.5902,"ft_order_side":"buy","order_filled_timestamp":1735799400000,"ft_is_entry":true,"ft_order_tag":"","cost":33.91135747999999},{"amount":57.4,"safe_price":0.6031973973973974,"ft_order_side":"sell","order_filled_timestamp":1735802700000,"ft_is_entry":false,"ft_order_tag":"roi","cost":34.65815414122122}]},{"pair":"LTC/USDT","stake_amount":33.81719,"max_stake_amount":33.81719,"amount":0.319,"open_date":"2025-01-02 04:35:00+00:00","close_date":"2025-01-02 13:30:00+00:00","open_rate":106.01,"close_rate":107.28339339339338,"fee_open":0.001,"fee_close":0.001,"trade_duration":535,"profit_ratio":0.009990009990009992,"profit_abs":0.3381719,"exit_reason":"roi","initial_stop_loss_abs":95.41,"initial_stop_loss_ratio":-0.1,"stop_loss_abs":95.41,"stop_loss_ratio":-0.1,"min_rate":105.44,"max_rate":107.31,"is_open":false,"enter_tag":"","leverage":1.0,"is_short":false,"open_timestamp":1735792500000,"close_timestamp":1735824600000,"orders":[{"amount":0.319,"safe_price":106.01,"ft_order_side":"buy","order_filled_timestamp":1735792500000,"ft_is_entry":true,"ft_order_tag":"","cost":33.85100719},{"amount":0.319,"safe_price":107.28339339339338,"ft_order_side":"sell","order_filled_timestamp":1735824600000,"ft_is_entry":false,"ft_order_tag":"roi","cost":34.257625894984976}]},{"pair":"LTC/USDT","stake_amount":34.19999,"max_stake_amount":34.19999,"amount":0.319,"open_date":"2025-01-02 14:30:00+00:00","close_date":"2025-01-03 14:10:00+00:00","open_rate":107.21,"close_rate":108.4978078078078,"fee_open":0.001,"fee_close":0.001,"trade_duration":1420,"profit_ratio":0.009990009990009992,"profit_abs":0.3419999,"exit_reason":"roi","initial_stop_loss_abs":96.49,"initial_stop_loss_ratio":-0.1,"stop_loss_abs":96.49,"stop_loss_ratio":-0.1,"min_rate":104.11,"max_rate":108.75,"is_open":false,"enter_tag":"","leverage":1.0,"is_short":false,"open_timestamp":1735828200000,"close_timestamp":1735913400000,"orders":[{"amount":0.319,"safe_price":107.21,"ft_order_side":"buy","order_filled_timestamp":1735828200000,"ft_is_entry":true,"ft_order_tag":"","cost":34.23418999},{"amount":0.319,"safe_price":108.4978078078078,"ft_order_side":"sell","order_filled_timestamp":1735913400000,"ft_is_entry":false,"ft_order_tag":"roi","cost":34.645411491381374}]},{"pair":"ACX/USDT","stake_amount":34.0887,"max_stake_amount":34.0887,"amount":57.1,"open_date":"2025-01-02 08:45:00+00:00","close_date":"2025-01-03 15:45:00+00:00","open_rate":0.597,"close_rate":0.6041711711711711,"fee_open":0.001,"fee_close":0.001,"trade_duration":1860,"profit_ratio":0.00999000999000999,"profit_abs":0.340887,"exit_reason":"roi","initial_stop_loss_abs":0.5373,"initial_stop_loss_ratio":-0.1,"stop_loss_abs":0.5373,"stop_loss_ratio":-0.1,"min_rate":0.5663,"max_rate":0.6078,"is_open":false,"enter_tag":"","leverage":1.0,"is_short":false,"open_timestamp":1735807500000,"close_timestamp":1735919100000,"orders":[{"amount":57.1,"safe_price":0.597,"ft_order_side":"buy","order_filled_timestamp":1735807500000,"ft_is_entry":true,"ft_order_tag":"","cost":34.1227887},{"amount":57.1,"safe_price":0.6041711711711711,"ft_order_side":"sell","order_filled_timestamp":1735919100000,"ft_is_entry":false,"ft_order_tag":"roi","cost":34.532672047747745}]},{"pair":"LTC/USDT","stake_amount":34.4295,"max_stake_amount":34.4295,"amount":0.315,"open_date":"2025-01-03 16:15:00+00:00","close_date":"2025-01-03 17:20:00+00:00","open_rate":109.3,"close_rate":110.6129129129129,"fee_open":0.001,"fee_close":0.001,"trade_duration":65,"profit_ratio":0.00999000999000999,"profit_abs":0.344295,"exit_reason":"roi","initial_stop_loss_abs":98.37,"initial_stop_loss_ratio":-0.1,"stop_loss_abs":98.37,"stop_loss_ratio":-0.1,"min_rate":109.3,"max_rate":110.92,"is_open":false,"enter_tag":"","leverage":1.0,"is_short":false,"open_timestamp":1735920900000,"close_timestamp":1735924800000,"orders":[{"amount":0.315,"safe_price":109.3,"ft_order_side":"buy","order_filled_timestamp":1735920900000,"ft_is_entry":true,"ft_order_tag":"","cost":34.46392949999999},{"amount":0.315,"safe_price":110.6129129129129,"ft_order_side":"sell","order_filled_timestamp":1735924800000,"ft_is_entry":false,"ft_order_tag":"roi","cost":34.87791063513513}]},{"pair":"ACX/USDT","stake_amount":34.56882,"max_stake_amount":34.56882,"amount":56.1,"open_date":"2025-01-03 21:15:00+00:00","close_date":"2025-01-04 05:25:00+00:00","open_rate":0.6162,"close_rate":0.6236018018018017,"fee_open":0.001,"fee_close":0.001,"trade_duration":490,"profit_ratio":0.00999000999000999,"profit_abs":0.3456882,"exit_reason":"roi","initial_stop_loss_abs":0.5546,"initial_stop_loss_ratio":-0.1,"stop_loss_abs":0.5546,"stop_loss_ratio":-0.1,"min_rate":0.6085,"max_rate":0.6241,"is_open":false,"enter_tag":"","leverage":1.0,"is_short":false,"open_timestamp":1735938900000,"close_timestamp":1735968300000,"orders":[{"amount":56.1,"safe_price":0.6162,"ft_order_side":"buy","order_filled_timestamp":1735938900000,"ft_is_entry":true,"ft_order_tag":"","cost":34.60338882},{"amount":56.1,"safe_price":0.6236018018018017,"ft_order_side":"sell","order_filled_timestamp":1735968300000,"ft_is_entry":false,"ft_order_tag":"roi","cost":35.01904514216215}]},{"pair":"ACX/USDT","stake_amount":34.63439,"max_stake_amount":34.63439,"amount":55.3,"open_date":"2025-01-04 07:40:00+00:00","close_date":"2025-01-04 11:10:00+00:00","open_rate":0.6263,"close_rate":0.6338231231231231,"fee_open":0.001,"fee_close":0.001,"trade_duration":210,"profit_ratio":0.00999000999000999,"profit_abs":0.3463439,"exit_reason":"roi","initial_stop_loss_abs":0.5637,"initial_stop_loss_ratio":-0.1,"stop_loss_abs":0.5637,"stop_loss_ratio":-0.1,"min_rate":0.6145,"max_rate":0.6434,"is_open":false,"enter_tag":"","leverage":1.0,"is_short":false,"open_timestamp":1735976400000,"close_timestamp":1735989000000,"orders":[{"amount":55.3,"safe_price":0.6263,"ft_order_side":"buy","order_filled_timestamp":1735976400000,"ft_is_entry":true,"ft_order_tag":"","cost":34.66902438999999},{"amount":55.3,"safe_price":0.6338231231231231,"ft_order_side":"sell","order_filled_timestamp":1735989000000,"ft_is_entry":false,"ft_order_tag":"roi","cost":35.08546912741741}]},{"pair":"LTC/USDT","stake_amount":34.47752,"max_stake_amount":34.47752,"amount":0.308,"open_date":"2025-01-04 03:40:00+00:00","close_date":"2025-01-05 20:15:00+00:00","open_rate":111.94,"close_rate":113.28462462462461,"fee_open":0.001,"fee_close":0.001,"trade_duration":2435,"profit_ratio":0.00999000999000999,"profit_abs":0.3447752,"exit_reason":"roi","initial_stop_loss_abs":100.75,"initial_stop_loss_ratio":-0.1,"stop_loss_abs":100.75,"stop_loss_ratio":-0.1,"min_rate":110.07,"max_rate":113.78,"is_open":false,"enter_tag":"","leverage":1.0,"is_short":false,"open_timestamp":1735962000000,"close_timestamp":1736108100000,"orders":[{"amount":0.308,"safe_price":111.94,"ft_order_side":"buy","order_filled_timestamp":1735962000000,"ft_is_entry":true,"ft_order_tag":"","cost":34.511997519999994},{"amount":0.308,"safe_price":113.28462462462461,"ft_order_side":"sell","order_filled_timestamp":1736108100000,"ft_is_entry":false,"ft_order_tag":"roi","cost":34.92655604876876}]},{"pair":"LTC/USDT","stake_amount":34.89045,"max_stake_amount":34.89045,"amount":0.303,"open_date":"2025-01-06 01:35:00+00:00","close_date":"2025-01-06 02:35:00+00:00","open_rate":115.15,"close_rate":116.53318318318317,"fee_open":0.001,"fee_close":0.001,"trade_duration":60,"profit_ratio":0.00999000999000999,"profit_abs":0.3489045,"exit_reason":"roi","initial_stop_loss_abs":103.64,"initial_stop_loss_ratio":-0.1,"stop_loss_abs":103.64,"stop_loss_ratio":-0.1,"min_rate":115.14,"max_rate":116.92,"is_open":false,"enter_tag":"","leverage":1.0,"is_short":false,"open_timestamp":1736127300000,"close_timestamp":1736130900000,"orders":[{"amount":0.303,"safe_price":115.15,"ft_order_side":"buy","order_filled_timestamp":1736127300000,"ft_is_entry":true,"ft_order_tag":"","cost":34.92534045},{"amount":0.303,"safe_price":116.53318318318317,"ft_order_side":"sell","order_filled_timestamp":1736130900000,"ft_is_entry":false,"ft_order_tag":"roi","cost":35.344864059009}]},{"pair":"LTC/USDT","stake_amount":34.98368,"max_stake_amount":34.98368,"amount":0.302,"open_date":"2025-01-06 04:10:00+00:00","close_date":"2025-01-06 16:30:00+00:00","open_rate":115.84,"close_rate":117.23147147147147,"fee_open":0.001,"fee_close":0.001,"trade_duration":740,"profit_ratio":0.00999000999000999,"profit_abs":0.3498368,"exit_reason":"roi","initial_stop_loss_abs":104.26,"initial_stop_loss_ratio":-0.1,"stop_loss_abs":104.26,"stop_loss_ratio":-0.1,"min_rate":111.64,"max_rate":117.38,"is_open":false,"enter_tag":"","leverage":1.0,"is_short":false,"open_timestamp":1736136600000,"close_timestamp":1736181000000,"orders":[{"amount":0.302,"safe_price":115.84,"ft_order_side":"buy","order_filled_timestamp":1736136600000,"ft_is_entry":true,"ft_order_tag":"","cost":35.018663679999996},{"amount":0.302,"safe_price":117.23147147147147,"ft_order_side":"sell","order_filled_timestamp":1736181000000,"ft_is_entry":false,"ft_order_tag":"roi","cost":35.439308288768764}]},{"pair":"ACX/USDT","stake_amount":34.7655,"max_stake_amount":34.7655,"amount":53.9,"open_date":"2025-01-04 14:05:00+00:00","close_date":"2025-01-07 08:20:00+00:00","open_rate":0.645,"close_rate":0.5805,"fee_open":0.001,"fee_close":0.001,"trade_duration":3975,"profit_ratio":-0.10179820179820179,"profit_abs":-3.54260445,"exit_reason":"stop_loss","initial_stop_loss_abs":0.5805,"initial_stop_loss_ratio":-0.1,"stop_loss_abs":0.5805,"stop_loss_ratio":-0.1,"min_rate":0.5692,"max_rate":0.65,"is_open":false,"enter_tag":"","leverage":1.0,"is_short":false,"open_timestamp":1735999500000,"close_timestamp":1736238000000,"orders":[{"amount":53.9,"safe_price":0.645,"ft_order_side":"buy","order_filled_timestamp":1735999500000,"ft_is_entry":true,"ft_order_tag":"","cost":34.8002655},{"amount":53.9,"safe_price":0.5805,"ft_order_side":"sell","order_filled_timestamp":1736238000000,"ft_is_entry":false,"ft_order_tag":"stop_loss","cost":31.320238949999997}]},{"pair":"LTC/USDT","stake_amount":35.06013,"max_stake_amount":35.06013,"amount":0.303,"open_date":"2025-01-06 17:25:00+00:00","close_date":"2025-01-07 19:20:00+00:00","open_rate":115.71,"close_rate":104.14,"fee_open":0.001,"fee_close":0.001,"trade_duration":1555,"profit_ratio":-0.1017895767701316,"profit_abs":-3.57232455,"exit_reason":"stop_loss","initial_stop_loss_abs":104.14,"initial_stop_loss_ratio":-0.1,"stop_loss_abs":104.14,"stop_loss_ratio":-0.1,"min_rate":103.73,"max_rate":115.94,"is_open":false,"enter_tag":"","leverage":1.0,"is_short":false,"open_timestamp":1736184300000,"close_timestamp":1736277600000,"orders":[{"amount":0.303,"safe_price":115.71,"ft_order_side":"buy","order_filled_timestamp":1736184300000,"ft_is_entry":true,"ft_order_tag":"","cost":35.09519012999999},{"amount":0.303,"safe_price":104.14,"ft_order_side":"sell","order_filled_timestamp":1736277600000,"ft_is_entry":false,"ft_order_tag":"stop_loss","cost":31.585974419999996}]},{"pair":"ACX/USDT","stake_amount":33.9276,"max_stake_amount":33.9276,"amount":58.8,"open_date":"2025-01-07 12:40:00+00:00","close_date":"2025-01-07 19:35:00+00:00","open_rate":0.577,"close_rate":0.5193,"fee_open":0.001,"fee_close":0.001,"trade_duration":415,"profit_ratio":-0.1017982017982018,"profit_abs":-3.45722244,"exit_reason":"stop_loss","initial_stop_loss_abs":0.5193,"initial_stop_loss_ratio":-0.1,"stop_loss_abs":0.5193,"stop_loss_ratio":-0.1,"min_rate":0.5181,"max_rate":0.5793,"is_open":false,"enter_tag":"","leverage":1.0,"is_short":false,"open_timestamp":1736253600000,"close_timestamp":1736278500000,"orders":[{"amount":58.8,"safe_price":0.577,"ft_order_side":"buy","order_filled_timestamp":1736253600000,"ft_is_entry":true,"ft_order_tag":"","cost":33.9615276},{"amount":58.8,"safe_price":0.5193,"ft_order_side":"sell","order_filled_timestamp":1736278500000,"ft_is_entry":false,"ft_order_tag":"stop_loss","cost":30.565374839999997}]},{"pair":"LTC/USDT","stake_amount":31.60368,"max_stake_amount":31.60368,"amount":0.306,"open_date":"2025-01-08 00:10:00+00:00","close_date":"2025-01-08 02:10:00+00:00","open_rate":103.28,"close_rate":104.52060060060057,"fee_open":0.001,"fee_close":0.001,"trade_duration":120,"profit_ratio":0.00999000999000999,"profit_abs":0.3160368,"exit_reason":"roi","initial_stop_loss_abs":92.96,"initial_stop_loss_ratio":-0.1,"stop_loss_abs":92.96,"stop_loss_ratio":-0.1,"min_rate":103.27,"max_rate":104.85,"is_open":false,"enter_tag":"","leverage":1.0,"is_short":false,"open_timestamp":1736295000000,"close_timestamp":1736302200000,"orders":[{"amount":0.306,"safe_price":103.28,"ft_order_side":"buy","order_filled_timestamp":1736295000000,"ft_is_entry":true,"ft_order_tag":"","cost":31.635283679999997},{"amount":0.306,"safe_price":104.52060060060057,"ft_order_side":"sell","order_filled_timestamp":1736302200000,"ft_is_entry":false,"ft_order_tag":"roi","cost":32.01528708756756}]},{"pair":"ACX/USDT","stake_amount":31.611,"max_stake_amount":31.611,"amount":61.5,"open_date":"2025-01-08 00:15:00+00:00","close_date":"2025-01-08 17:10:00+00:00","open_rate":0.514,"close_rate":0.4626,"fee_open":0.001,"fee_close":0.001,"trade_duration":1015,"profit_ratio":-0.1017982017982018,"profit_abs":-3.2211609,"exit_reason":"stop_loss","initial_stop_loss_abs":0.4626,"initial_stop_loss_ratio":-0.1,"stop_loss_abs":0.4626,"stop_loss_ratio":-0.1,"min_rate":0.4618,"max_rate":0.5154,"is_open":false,"enter_tag":"","leverage":1.0,"is_short":false,"open_timestamp":1736295300000,"close_timestamp":1736356200000,"orders":[{"amount":61.5,"safe_price":0.514,"ft_order_side":"buy","order_filled_timestamp":1736295300000,"ft_is_entry":true,"ft_order_tag":"","cost":31.642611},{"amount":61.5,"safe_price":0.4626,"ft_order_side":"sell","order_filled_timestamp":1736356200000,"ft_is_entry":false,"ft_order_tag":"stop_loss","cost":28.478349899999998}]},{"pair":"ACX/USDT","stake_amount":30.64257,"max_stake_amount":30.64257,"amount":65.1,"open_date":"2025-01-09 00:50:00+00:00","close_date":"2025-01-09 02:00:00+00:00","open_rate":0.4707,"close_rate":0.476354054054054,"fee_open":0.001,"fee_close":0.001,"trade_duration":70,"profit_ratio":0.00999000999000999,"profit_abs":0.3064257,"exit_reason":"roi","initial_stop_loss_abs":0.4237,"initial_stop_loss_ratio":-0.1,"stop_loss_abs":0.4237,"stop_loss_ratio":-0.1,"min_rate":0.4706,"max_rate":0.4801,"is_open":false,"enter_tag":"","leverage":1.0,"is_short":false,"open_timestamp":1736383800000,"close_timestamp":1736388000000,"orders":[{"amount":65.1,"safe_price":0.4707,"ft_order_side":"buy","order_filled_timestamp":1736383800000,"ft_is_entry":true,"ft_order_tag":"","cost":30.673212569999997},{"amount":65.1,"safe_price":0.476354054054054,"ft_order_side":"sell","order_filled_timestamp":1736388000000,"ft_is_entry":false,"ft_order_tag":"roi","cost":31.04165956783783}]},{"pair":"LTC/USDT","stake_amount":31.64336,"max_stake_amount":31.64336,"amount":0.304,"open_date":"2025-01-08 03:25:00+00:00","close_date":"2025-01-09 15:50:00+00:00","open_rate":104.09,"close_rate":105.34033033033032,"fee_open":0.001,"fee_close":0.001,"trade_duration":2185,"profit_ratio":0.009990009990009988,"profit_abs":0.3164336,"exit_reason":"roi","initial_stop_loss_abs":93.69,"initial_stop_loss_ratio":-0.1,"stop_loss_abs":93.69,"stop_loss_ratio":-0.1,"min_rate":97.21,"max_rate":105.5,"is_open":false,"enter_tag":"","leverage":1.0,"is_short":false,"open_timestamp":1736306700000,"close_timestamp":1736437800000,"orders":[{"amount":0.304,"safe_price":104.09,"ft_order_side":"buy","order_filled_timestamp":1736306700000,"ft_is_entry":true,"ft_order_tag":"","cost":31.675003359999998},{"amount":0.304,"safe_price":105.34033033033032,"ft_order_side":"sell","order_filled_timestamp":1736437800000,"ft_is_entry":false,"ft_order_tag":"roi","cost":32.05548388084083}]},{"pair":"LTC/USDT","stake_amount":30.825,"max_stake_amount":30.825,"amount":0.3,"open_date":"2025-01-09 23:10:00+00:00","close_date":"2025-01-10 02:25:00+00:00","open_rate":102.75,"close_rate":103.98423423423422,"fee_open":0.001,"fee_close":0.001,"trade_duration":195,"profit_ratio":0.009990009990009992,"profit_abs":0.30825,"exit_reason":"roi","initial_stop_loss_abs":92.48,"initial_stop_loss_ratio":-0.1,"stop_loss_abs":92.48,"stop_loss_ratio":-0.1,"min_rate":101.86,"max_rate":104.07,"is_open":false,"enter_tag":"","leverage":1.0,"is_short":false,"open_timestamp":1736464200000,"close_timestamp":1736475900000,"orders":[{"amount":0.3,"safe_price":102.75,"ft_order_side":"buy","order_filled_timestamp":1736464200000,"ft_is_entry":true,"ft_order_tag":"","cost":30.855824999999996},{"amount":0.3,"safe_price":103.98423423423422,"ft_order_side":"sell","order_filled_timestamp":1736475900000,"ft_is_entry":false,"ft_order_tag":"roi","cost":31.22646554054053}]},{"pair":"LTC/USDT","stake_amount":30.87018,"max_stake_amount":30.87018,"amount":0.297,"open_date":"2025-01-10 05:05:00+00:00","close_date":"2025-01-10 07:30:00+00:00","open_rate":103.94,"close_rate":105.18852852852852,"fee_open":0.001,"fee_close":0.001,"trade_duration":145,"profit_ratio":0.009990009990009992,"profit_abs":0.3087018,"exit_reason":"roi","initial_stop_loss_abs":93.55,"initial_stop_loss_ratio":-0.1,"stop_loss_abs":93.55,"stop_loss_ratio":-0.1,"min_rate":103.46,"max_rate":105.39,"is_open":false,"enter_tag":"","leverage":1.0,"is_short":false,"open_timestamp":1736485500000,"close_timestamp":1736494200000,"orders":[{"amount":0.297,"safe_price":103.94,"ft_order_side":"buy","order_filled_timestamp":1736485500000,"ft_is_entry":true,"ft_order_tag":"","cost":30.901050179999995},{"amount":0.297,"safe_price":105.18852852852852,"ft_order_side":"sell","order_filled_timestamp":1736494200000,"ft_is_entry":false,"ft_order_tag":"roi","cost":31.272233965945937}]},{"pair":"LTC/USDT","stake_amount":31.0504,"max_stake_amount":31.0504,"amount":0.296,"open_date":"2025-01-10 10:10:00+00:00","close_date":"2025-01-10 19:35:00+00:00","open_rate":104.9,"close_rate":106.16006006006006,"fee_open":0.001,"fee_close":0.001,"trade_duration":565,"profit_ratio":0.00999000999000999,"profit_abs":0.310504,"exit_reason":"roi","initial_stop_loss_abs":94.42,"initial_stop_loss_ratio":-0.1,"stop_loss_abs":94.42,"stop_loss_ratio":-0.1,"min_rate":102.06,"max_rate":106.27,"is_open":false,"enter_tag":"","leverage":1.0,"is_short":false,"open_timestamp":1736503800000,"close_timestamp":1736537700000,"orders":[{"amount":0.296,"safe_price":104.9,"ft_order_side":"buy","order_filled_timestamp":1736503800000,"ft_is_entry":true,"ft_order_tag":"","cost":31.081450399999998},{"amount":0.296,"safe_price":106.16006006006006,"ft_order_side":"sell","order_filled_timestamp":1736537700000,"ft_is_entry":false,"ft_order_tag":"roi","cost":31.45480115555555}]},{"pair":"ACX/USDT","stake_amount":30.72376,"max_stake_amount":30.72376,"amount":64.6,"open_date":"2025-01-09 02:25:00+00:00","close_date":"2025-01-12 22:10:00+00:00","open_rate":0.4756,"close_rate":0.4281,"fee_open":0.001,"fee_close":0.001,"trade_duration":5505,"profit_ratio":-0.10167229742503082,"profit_abs":-3.12687902,"exit_reason":"stop_loss","initial_stop_loss_abs":0.4281,"initial_stop_loss_ratio":-0.1,"stop_loss_abs":0.4281,"stop_loss_ratio":-0.1,"min_rate":0.4263,"max_rate":0.4773,"is_open":false,"enter_tag":"","leverage":1.0,"is_short":false,"open_timestamp":1736389500000,"close_timestamp":1736719800000,"orders":[{"amount":64.6,"safe_price":0.4756,"ft_order_side":"buy","order_filled_timestamp":1736389500000,"ft_is_entry":true,"ft_order_tag":"","cost":30.754483759999996},{"amount":64.6,"safe_price":0.4281,"ft_order_side":"sell","order_filled_timestamp":1736719800000,"ft_is_entry":false,"ft_order_tag":"stop_loss","cost":27.68291525999999}]},{"pair":"LTC/USDT","stake_amount":31.1402,"max_stake_amount":31.1402,"amount":0.295,"open_date":"2025-01-10 20:45:00+00:00","close_date":"2025-01-13 11:30:00+00:00","open_rate":105.56,"close_rate":95.01,"fee_open":0.001,"fee_close":0.001,"trade_duration":3765,"profit_ratio":-0.10174147565204784,"profit_abs":-3.17141815,"exit_reason":"stop_loss","initial_stop_loss_abs":95.01,"initial_stop_loss_ratio":-0.1,"stop_loss_abs":95.01,"stop_loss_ratio":-0.1,"min_rate":94.92,"max_rate":106.0,"is_open":false,"enter_tag":"","leverage":1.0,"is_short":false,"open_timestamp":1736541900000,"close_timestamp":1736767800000,"orders":[{"amount":0.295,"safe_price":105.56,"ft_order_side":"buy","order_filled_timestamp":1736541900000,"ft_is_entry":true,"ft_order_tag":"","cost":31.171340199999996},{"amount":0.295,"safe_price":95.01,"ft_order_side":"sell","order_filled_timestamp":1736767800000,"ft_is_entry":false,"ft_order_tag":"stop_loss","cost":28.05597795}]},{"pair":"LTC/USDT","stake_amount":29.0577,"max_stake_amount":29.0577,"amount":0.303,"open_date":"2025-01-13 14:45:00+00:00","close_date":"2025-01-13 15:45:00+00:00","open_rate":95.9,"close_rate":97.15,"fee_open":0.001,"fee_close":0.001,"trade_duration":60,"profit_ratio":0.011010366067717476,"profit_abs":0.32025585,"exit_reason":"roi","initial_stop_loss_abs":86.31,"initial_stop_loss_ratio":-0.1,"stop_loss_abs":86.31,"stop_loss_ratio":-0.1,"min_rate":95.42,"max_rate":97.32,"is_open":false,"enter_tag":"","leverage":1.0,"is_short":false,"open_timestamp":1736779500000,"close_timestamp":1736783100000,"orders":[{"amount":0.303,"safe_price":95.9,"ft_order_side":"buy","order_filled_timestamp":1736779500000,"ft_is_entry":true,"ft_order_tag":"","cost":29.086757699999996},{"amount":0.303,"safe_price":97.15,"ft_order_side":"sell","order_filled_timestamp":1736783100000,"ft_is_entry":false,"ft_order_tag":"roi","cost":29.465886449999996}]},{"pair":"ACX/USDT","stake_amount":29.15964,"max_stake_amount":29.15964,"amount":75.7,"open_date":"2025-01-13 17:20:00+00:00","close_date":"2025-01-13 20:35:00+00:00","open_rate":0.3852,"close_rate":0.389827027027027,"fee_open":0.001,"fee_close":0.001,"trade_duration":195,"profit_ratio":0.00999000999000999,"profit_abs":0.2915964,"exit_reason":"roi","initial_stop_loss_abs":0.3467,"initial_stop_loss_ratio":-0.1,"stop_loss_abs":0.3467,"stop_loss_ratio":-0.1,"min_rate":0.3755,"max_rate":0.3915,"is_open":false,"enter_tag":"","leverage":1.0,"is_short":false,"open_timestamp":1736788800000,"close_timestamp":1736800500000,"orders":[{"amount":75.7,"safe_price":0.3852,"ft_order_side":"buy","order_filled_timestamp":1736788800000,"ft_is_entry":true,"ft_order_tag":"","cost":29.188799639999996},{"amount":75.7,"safe_price":0.389827027027027,"ft_order_side":"sell","order_filled_timestamp":1736800500000,"ft_is_entry":false,"ft_order_tag":"roi","cost":29.53941585189189}]},{"pair":"LTC/USDT","stake_amount":29.1702,"max_stake_amount":29.1702,"amount":0.305,"open_date":"2025-01-13 18:05:00+00:00","close_date":"2025-01-13 20:45:00+00:00","open_rate":95.64,"close_rate":96.78882882882883,"fee_open":0.001,"fee_close":0.001,"trade_duration":160,"profit_ratio":0.00999000999000999,"profit_abs":0.291702,"exit_reason":"roi","initial_stop_loss_abs":86.08,"initial_stop_loss_ratio":-0.1,"stop_loss_abs":86.08,"stop_loss_ratio":-0.1,"min_rate":94.19,"max_rate":96.9,"is_open":false,"enter_tag":"","leverage":1.0,"is_short":false,"open_timestamp":1736791500000,"close_timestamp":1736801100000,"orders":[{"amount":0.305,"safe_price":95.64,"ft_order_side":"buy","order_filled_timestamp":1736791500000,"ft_is_entry":true,"ft_order_tag":"","cost":29.199370199999997},{"amount":0.305,"safe_price":96.78882882882883,"ft_order_side":"sell","order_filled_timestamp":1736801100000,"ft_is_entry":false,"ft_order_tag":"roi","cost":29.55011338558558}]},{"pair":"ACX/USDT","stake_amount":29.37115,"max_stake_amount":29.37115,"amount":71.9,"open_date":"2025-01-14 00:55:00+00:00","close_date":"2025-01-14 02:00:00+00:00","open_rate":0.4085,"close_rate":0.41340690690690685,"fee_open":0.001,"fee_close":0.001,"trade_duration":65,"profit_ratio":0.00999000999000999,"profit_abs":0.2937115,"exit_reason":"roi","initial_stop_loss_abs":0.3677,"initial_stop_loss_ratio":-0.1,"stop_loss_abs":0.3677,"stop_loss_ratio":-0.1,"min_rate":0.4066,"max_rate":0.4147,"is_open":false,"enter_tag":"","leverage":1.0,"is_short":false,"open_timestamp":1736816100000,"close_timestamp":1736820000000,"orders":[{"amount":71.9,"safe_price":0.4085,"ft_order_side":"buy","order_filled_timestamp":1736816100000,"ft_is_entry":true,"ft_order_tag":"","cost":29.400521149999996},{"amount":71.9,"safe_price":0.41340690690690685,"ft_order_side":"sell","order_filled_timestamp":1736820000000,"ft_is_entry":false,"ft_order_tag":"roi","cost":29.75368056321321}]},{"pair":"LTC/USDT","stake_amount":29.31695,"max_stake_amount":29.31695,"amount":0.299,"open_date":"2025-01-14 00:55:00+00:00","close_date":"2025-01-14 02:25:00+00:00","open_rate":98.05,"close_rate":99.22777777777777,"fee_open":0.001,"fee_close":0.001,"trade_duration":90,"profit_ratio":0.00999000999000999,"profit_abs":0.2931695,"exit_reason":"roi","initial_stop_loss_abs":88.25,"initial_stop_loss_ratio":-0.1,"stop_loss_abs":88.25,"stop_loss_ratio":-0.1,"min_rate":97.82,"max_rate":99.25,"is_open":false,"enter_tag":"","leverage":1.0,"is_short":false,"open_timestamp":1736816100000,"close_timestamp":1736821500000,"orders":[{"amount":0.299,"safe_price":98.05,"ft_order_side":"buy","order_filled_timestamp":1736816100000,"ft_is_entry":true,"ft_order_tag":"","cost":29.346266949999997},{"amount":0.299,"safe_price":99.22777777777777,"ft_order_side":"sell","order_filled_timestamp":1736821500000,"ft_is_entry":false,"ft_order_tag":"roi","cost":29.698774661111106}]},{"pair":"ACX/USDT","stake_amount":29.568,"max_stake_amount":29.568,"amount":70.4,"open_date":"2025-01-14 06:10:00+00:00","close_date":"2025-01-14 09:20:00+00:00","open_rate":0.42,"close_rate":0.425045045045045,"fee_open":0.001,"fee_close":0.001,"trade_duration":190,"profit_ratio":0.00999000999000999,"profit_abs":0.29568,"exit_reason":"roi","initial_stop_loss_abs":0.378,"initial_stop_loss_ratio":-0.1,"stop_loss_abs":0.378,"stop_loss_ratio":-0.1,"min_rate":0.4178,"max_rate":0.4261,"is_open":false,"enter_tag":"","leverage":1.0,"is_short":false,"open_timestamp":1736835000000,"close_timestamp":1736846400000,"orders":[{"amount":70.4,"safe_price":0.42,"ft_order_side":"buy","order_filled_timestamp":1736835000000,"ft_is_entry":true,"ft_order_tag":"","cost":29.597568},{"amount":70.4,"safe_price":0.425045045045045,"ft_order_side":"sell","order_filled_timestamp":1736846400000,"ft_is_entry":false,"ft_order_tag":"roi","cost":29.953094342342336}]},{"pair":"LTC/USDT","stake_amount":29.50992,"max_stake_amount":29.50992,"amount":0.297,"open_date":"2025-01-14 05:05:00+00:00","close_date":"2025-01-14 09:40:00+00:00","open_rate":99.36,"close_rate":100.55351351351351,"fee_open":0.001,"fee_close":0.001,"trade_duration":275,"profit_ratio":0.00999000999000999,"profit_abs":0.2950992,"exit_reason":"roi","initial_stop_loss_abs":89.43,"initial_stop_loss_ratio":-0.1,"stop_loss_abs":89.43,"stop_loss_ratio":-0.1,"min_rate":97.93,"max_rate":100.56,"is_open":false,"enter_tag":"","leverage":1.0,"is_short":false,"open_timestamp":1736831100000,"close_timestamp":1736847600000,"orders":[{"amount":0.297,"safe_price":99.36,"ft_order_side":"buy","order_filled_timestamp":1736831100000,"ft_is_entry":true,"ft_order_tag":"","cost":29.539429919999993},{"amount":0.297,"safe_price":100.55351351351351,"ft_order_side":"sell","order_filled_timestamp":1736847600000,"ft_is_entry":false,"ft_order_tag":"roi","cost":29.89425790702702}]},{"pair":"ACX/USDT","stake_amount":29.73546,"max_stake_amount":29.73546,"amount":69.9,"open_date":"2025-01-14 10:45:00+00:00","close_date":"2025-01-14 12:55:00+00:00","open_rate":0.4254,"close_rate":0.43050990990990984,"fee_open":0.001,"fee_close":0.001,"trade_duration":130,"profit_ratio":0.00999000999000999,"profit_abs":0.2973546,"exit_reason":"roi","initial_stop_loss_abs":0.3829,"initial_stop_loss_ratio":-0.1,"stop_loss_abs":0.3829,"stop_loss_ratio":-0.1,"min_rate":0.4197,"max_rate":0.4307,"is_open":false,"enter_tag":"","leverage":1.0,"is_short":false,"open_timestamp":1736851500000,"close_timestamp":1736859300000,"orders":[{"amount":69.9,"safe_price":0.4254,"ft_order_side":"buy","order_filled_timestamp":1736851500000,"ft_is_entry":true,"ft_order_tag":"","cost":29.76519546},{"amount":69.9,"safe_price":0.43050990990990984,"ft_order_side":"sell","order_filled_timestamp":1736859300000,"ft_is_entry":false,"ft_order_tag":"roi","cost":30.1227353454054}]},{"pair":"LTC/USDT","stake_amount":29.68676,"max_stake_amount":29.68676,"amount":0.298,"open_date":"2025-01-14 12:00:00+00:00","close_date":"2025-01-14 14:35:00+00:00","open_rate":99.62,"close_rate":100.81663663663663,"fee_open":0.001,"fee_close":0.001,"trade_duration":155,"profit_ratio":0.00999000999000999,"profit_abs":0.2968676,"exit_reason":"roi","initial_stop_loss_abs":89.66,"initial_stop_loss_ratio":-0.1,"stop_loss_abs":89.66,"stop_loss_ratio":-0.1,"min_rate":98.83,"max_rate":100.85,"is_open":false,"enter_tag":"","leverage":1.0,"is_short":false,"open_timestamp":1736856000000,"close_timestamp":1736865300000,"orders":[{"amount":0.298,"safe_price":99.62,"ft_order_side":"buy","order_filled_timestamp":1736856000000,"ft_is_entry":true,"ft_order_tag":"","cost":29.716446759999997},{"amount":0.298,"safe_price":100.81663663663663,"ft_order_side":"sell","order_filled_timestamp":1736865300000,"ft_is_entry":false,"ft_order_tag":"roi","cost":30.07340107543543}]},{"pair":"LTC/USDT","stake_amount":29.93708,"max_stake_amount":29.93708,"amount":0.298,"open_date":"2025-01-14 16:25:00+00:00","close_date":"2025-01-14 18:55:00+00:00","open_rate":100.46,"close_rate":101.66672672672671,"fee_open":0.001,"fee_close":0.001,"trade_duration":150,"profit_ratio":0.00999000999000999,"profit_abs":0.2993708,"exit_reason":"roi","initial_stop_loss_abs":90.42,"initial_stop_loss_ratio":-0.1,"stop_loss_abs":90.42,"stop_loss_ratio":-0.1,"min_rate":99.79,"max_rate":101.73,"is_open":false,"enter_tag":"","leverage":1.0,"is_short":false,"open_timestamp":1736871900000,"close_timestamp":1736880900000,"orders":[{"amount":0.298,"safe_price":100.46,"ft_order_side":"buy","order_filled_timestamp":1736871900000,"ft_is_entry":true,"ft_order_tag":"","cost":29.967017079999994},{"amount":0.298,"safe_price":101.66672672672671,"ft_order_side":"sell","order_filled_timestamp":1736880900000,"ft_is_entry":false,"ft_order_tag":"roi","cost":30.32698124912912}]},{"pair":"ACX/USDT","stake_amount":29.83056,"max_stake_amount":29.83056,"amount":69.6,"open_date":"2025-01-14 14:30:00+00:00","close_date":"2025-01-14 22:35:00+00:00","open_rate":0.4286,"close_rate":0.4337483483483483,"fee_open":0.001,"fee_close":0.001,"trade_duration":485,"profit_ratio":0.00999000999000999,"profit_abs":0.2983056,"exit_reason":"roi","initial_stop_loss_abs":0.3858,"initial_stop_loss_ratio":-0.1,"stop_loss_abs":0.3858,"stop_loss_ratio":-0.1,"min_rate":0.4206,"max_rate":0.4367,"is_open":false,"enter_tag":"","leverage":1.0,"is_short":false,"open_timestamp":1736865000000,"close_timestamp":1736894100000,"orders":[{"amount":69.6,"safe_price":0.4286,"ft_order_side":"buy","order_filled_timestamp":1736865000000,"ft_is_entry":true,"ft_order_tag":"","cost":29.860390559999992},{"amount":69.6,"safe_price":0.4337483483483483,"ft_order_side":"sell","order_filled_timestamp":1736894100000,"ft_is_entry":false,"ft_order_tag":"roi","cost":30.219073930090083}]},{"pair":"LTC/USDT","stake_amount":30.01144,"max_stake_amount":30.01144,"amount":0.296,"open_date":"2025-01-14 20:50:00+00:00","close_date":"2025-01-15 00:00:00+00:00","open_rate":101.39,"close_rate":102.6078978978979,"fee_open":0.001,"fee_close":0.001,"trade_duration":190,"profit_ratio":0.00999000999000999,"profit_abs":0.3001144,"exit_reason":"roi","initial_stop_loss_abs":91.26,"initial_stop_loss_ratio":-0.1,"stop_loss_abs":91.26,"stop_loss_ratio":-0.1,"min_rate":101.25,"max_rate":102.61,"is_open":false,"enter_tag":"","leverage":1.0,"is_short":false,"open_timestamp":1736887800000,"close_timestamp":1736899200000,"orders":[{"amount":0.296,"safe_price":101.39,"ft_order_side":"buy","order_filled_timestamp":1736887800000,"ft_is_entry":true,"ft_order_tag":"","cost":30.041451439999996},{"amount":0.296,"safe_price":102.6078978978979,"ft_order_side":"sell","order_filled_timestamp":1736899200000,"ft_is_entry":false,"ft_order_tag":"roi","cost":30.402309715555553}]},{"pair":"LTC/USDT","stake_amount":30.2493,"max_stake_amount":30.2493,"amount":0.295,"open_date":"2025-01-15 01:10:00+00:00","close_date":"2025-01-15 13:30:00+00:00","open_rate":102.54,"close_rate":103.77171171171172,"fee_open":0.001,"fee_close":0.001,"trade_duration":740,"profit_ratio":0.00999000999000999,"profit_abs":0.302493,"exit_reason":"roi","initial_stop_loss_abs":92.29,"initial_stop_loss_ratio":-0.1,"stop_loss_abs":92.29,"stop_loss_ratio":-0.1,"min_rate":100.75,"max_rate":103.99,"is_open":false,"enter_tag":"","leverage":1.0,"is_short":false,"open_timestamp":1736903400000,"close_timestamp":1736947800000,"orders":[{"amount":0.295,"safe_price":102.54,"ft_order_side":"buy","order_filled_timestamp":1736903400000,"ft_is_entry":true,"ft_order_tag":"","cost":30.2795493},{"amount":0.295,"safe_price":103.77171171171172,"ft_order_side":"sell","order_filled_timestamp":1736947800000,"ft_is_entry":false,"ft_order_tag":"roi","cost":30.643267609909906}]},{"pair":"ACX/USDT","stake_amount":30.12825,"max_stake_amount":30.12825,"amount":69.5,"open_date":"2025-01-14 23:45:00+00:00","close_date":"2025-01-15 13:45:00+00:00","open_rate":0.4335,"close_rate":0.4387072072072072,"fee_open":0.001,"fee_close":0.001,"trade_duration":840,"profit_ratio":0.00999000999000999,"profit_abs":0.3012825,"exit_reason":"roi","initial_stop_loss_abs":0.3902,"initial_stop_loss_ratio":-0.1,"stop_loss_abs":0.3902,"stop_loss_ratio":-0.1,"min_rate":0.4115,"max_rate":0.4394,"is_open":false,"enter_tag":"","leverage":1.0,"is_short":false,"open_timestamp":1736898300000,"close_timestamp":1736948700000,"orders":[{"amount":69.5,"safe_price":0.4335,"ft_order_side":"buy","order_filled_timestamp":1736898300000,"ft_is_entry":true,"ft_order_tag":"","cost":30.15837825},{"amount":69.5,"safe_price":0.4387072072072072,"ft_order_side":"sell","order_filled_timestamp":1736948700000,"ft_is_entry":false,"ft_order_tag":"roi","cost":30.5206410518018}]},{"pair":"ACX/USDT","stake_amount":30.43448,"max_stake_amount":30.43448,"amount":68.3,"open_date":"2025-01-15 17:35:00+00:00","close_date":"2025-01-15 18:35:00+00:00","open_rate":0.4456,"close_rate":0.4512,"fee_open":0.001,"fee_close":0.001,"trade_duration":60,"profit_ratio":0.010544213416744835,"profit_abs":0.32122856,"exit_reason":"roi","initial_stop_loss_abs":0.4011,"initial_stop_loss_ratio":-0.1,"stop_loss_abs":0.4011,"stop_loss_ratio":-0.1,"min_rate":0.4403,"max_rate":0.4519,"is_open":false,"enter_tag":"","leverage":1.0,"is_short":false,"open_timestamp":1736962500000,"close_timestamp":1736966100000,"orders":[{"amount":68.3,"safe_price":0.4456,"ft_order_side":"buy","order_filled_timestamp":1736962500000,"ft_is_entry":true,"ft_order_tag":"","cost":30.464914479999994},{"amount":68.3,"safe_price":0.4512,"ft_order_side":"sell","order_filled_timestamp":1736966100000,"ft_is_entry":false,"ft_order_tag":"roi","cost":30.847776959999994}]},{"pair":"LTC/USDT","stake_amount":30.57042,"max_stake_amount":30.57042,"amount":0.289,"open_date":"2025-01-15 20:55:00+00:00","close_date":"2025-01-15 22:40:00+00:00","open_rate":105.78,"close_rate":107.05063063063061,"fee_open":0.001,"fee_close":0.001,"trade_duration":105,"profit_ratio":0.00999000999000999,"profit_abs":0.3057042,"exit_reason":"roi","initial_stop_loss_abs":95.21,"initial_stop_loss_ratio":-0.1,"stop_loss_abs":95.21,"stop_loss_ratio":-0.1,"min_rate":105.4,"max_rate":109.0,"is_open":false,"enter_tag":"","leverage":1.0,"is_short":false,"open_timestamp":1736974500000,"close_timestamp":1736980800000,"orders":[{"amount":0.289,"safe_price":105.78,"ft_order_side":"buy","order_filled_timestamp":1736974500000,"ft_is_entry":true,"ft_order_tag":"","cost":30.600990419999995},{"amount":0.289,"safe_price":107.05063063063061,"ft_order_side":"sell","order_filled_timestamp":1736980800000,"ft_is_entry":false,"ft_order_tag":"roi","cost":30.968569884504493}]},{"pair":"LTC/USDT","stake_amount":30.6138,"max_stake_amount":30.6138,"amount":0.259,"open_date":"2025-01-16 03:45:00+00:00","close_date":"2025-01-16 05:25:00+00:00","open_rate":118.2,"close_rate":119.61981981981981,"fee_open":0.001,"fee_close":0.001,"trade_duration":100,"profit_ratio":0.009990009990009992,"profit_abs":0.306138,"exit_reason":"roi","initial_stop_loss_abs":106.39,"initial_stop_loss_ratio":-0.1,"stop_loss_abs":106.39,"stop_loss_ratio":-0.1,"min_rate":117.83,"max_rate":119.98,"is_open":false,"enter_tag":"","leverage":1.0,"is_short":false,"open_timestamp":1736999100000,"close_timestamp":1737005100000,"orders":[{"amount":0.259,"safe_price":118.2,"ft_order_side":"buy","order_filled_timestamp":1736999100000,"ft_is_entry":true,"ft_order_tag":"","cost":30.6444138},{"amount":0.259,"safe_price":119.61981981981981,"ft_order_side":"sell","order_filled_timestamp":1737005100000,"ft_is_entry":false,"ft_order_tag":"roi","cost":31.01251486666666}]},{"pair":"LTC/USDT","stake_amount":30.6816,"max_stake_amount":30.6816,"amount":0.255,"open_date":"2025-01-16 08:05:00+00:00","close_date":"2025-01-16 15:10:00+00:00","open_rate":120.32,"close_rate":121.76528528528527,"fee_open":0.001,"fee_close":0.001,"trade_duration":425,"profit_ratio":0.009990009990009988,"profit_abs":0.306816,"exit_reason":"roi","initial_stop_loss_abs":108.29,"initial_stop_loss_ratio":-0.1,"stop_loss_abs":108.29,"stop_loss_ratio":-0.1,"min_rate":115.71,"max_rate":123.6,"is_open":false,"enter_tag":"","leverage":1.0,"is_short":false,"open_timestamp":1737014700000,"close_timestamp":1737040200000,"orders":[{"amount":0.255,"safe_price":120.32,"ft_order_side":"buy","order_filled_timestamp":1737014700000,"ft_is_entry":true,"ft_order_tag":"","cost":30.712281599999997},{"amount":0.255,"safe_price":121.76528528528527,"ft_order_side":"sell","order_filled_timestamp":1737040200000,"ft_is_entry":false,"ft_order_tag":"roi","cost":31.08119789549549}]},{"pair":"LTC/USDT","stake_amount":30.8376,"max_stake_amount":30.8376,"amount":0.24,"open_date":"2025-01-16 19:05:00+00:00","close_date":"2025-01-17 03:35:00+00:00","open_rate":128.49,"close_rate":130.03342342342341,"fee_open":0.001,"fee_close":0.001,"trade_duration":510,"profit_ratio":0.00999000999000999,"profit_abs":0.308376,"exit_reason":"roi","initial_stop_loss_abs":115.65,"initial_stop_loss_ratio":-0.1,"stop_loss_abs":115.65,"stop_loss_ratio":-0.1,"min_rate":122.36,"max_rate":132.01,"is_open":false,"enter_tag":"","leverage":1.0,"is_short":false,"open_timestamp":1737054300000,"close_timestamp":1737084900000,"orders":[{"amount":0.24,"safe_price":128.49,"ft_order_side":"buy","order_filled_timestamp":1737054300000,"ft_is_entry":true,"ft_order_tag":"","cost":30.8684376},{"amount":0.24,"safe_price":130.03342342342341,"ft_order_side":"sell","order_filled_timestamp":1737084900000,"ft_is_entry":false,"ft_order_tag":"roi","cost":31.239229643243238}]},{"pair":"ACX/USDT","stake_amount":30.57439,"max_stake_amount":30.57439,"amount":67.3,"open_date":"2025-01-15 21:10:00+00:00","close_date":"2025-01-17 20:35:00+00:00","open_rate":0.4543,"close_rate":0.459757057057057,"fee_open":0.001,"fee_close":0.001,"trade_duration":2845,"profit_ratio":0.00999000999000999,"profit_abs":0.3057439,"exit_reason":"roi","initial_stop_loss_abs":0.4089,"initial_stop_loss_ratio":-0.1,"stop_loss_abs":0.4089,"stop_loss_ratio":-0.1,"min_rate":0.4251,"max_rate":0.4601,"is_open":false,"enter_tag":"","leverage":1.0,"is_short":false,"open_timestamp":1736975400000,"close_timestamp":1737146100000,"orders":[{"amount":67.3,"safe_price":0.4543,"ft_order_side":"buy","order_filled_timestamp":1736975400000,"ft_is_entry":true,"ft_order_tag":"","cost":30.604964389999996},{"amount":67.3,"safe_price":0.459757057057057,"ft_order_side":"sell","order_filled_timestamp":1737146100000,"ft_is_entry":false,"ft_order_tag":"roi","cost":30.972591589879872}]},{"pair":"ACX/USDT","stake_amount":31.076,"max_stake_amount":31.076,"amount":68.0,"open_date":"2025-01-17 21:55:00+00:00","close_date":"2025-01-18 00:35:00+00:00","open_rate":0.457,"close_rate":0.4624894894894895,"fee_open":0.001,"fee_close":0.001,"trade_duration":160,"profit_ratio":0.00999000999000999,"profit_abs":0.31076,"exit_reason":"roi","initial_stop_loss_abs":0.4113,"initial_stop_loss_ratio":-0.1,"stop_loss_abs":0.4113,"stop_loss_ratio":-0.1,"min_rate":0.4562,"max_rate":0.465,"is_open":false,"enter_tag":"","leverage":1.0,"is_short":false,"open_timestamp":1737150900000,"close_timestamp":1737160500000,"orders":[{"amount":68.0,"safe_price":0.457,"ft_order_side":"buy","order_filled_timestamp":1737150900000,"ft_is_entry":true,"ft_order_tag":"","cost":31.107075999999996},{"amount":68.0,"safe_price":0.4624894894894895,"ft_order_side":"sell","order_filled_timestamp":1737160500000,"ft_is_entry":false,"ft_order_tag":"roi","cost":31.480734570570565}]},{"pair":"ACX/USDT","stake_amount":31.16908,"max_stake_amount":31.16908,"amount":67.7,"open_date":"2025-01-18 02:05:00+00:00","close_date":"2025-01-18 05:40:00+00:00","open_rate":0.4604,"close_rate":0.4144,"fee_open":0.001,"fee_close":0.001,"trade_duration":215,"profit_ratio":-0.10171149441349268,"profit_abs":-3.17342396,"exit_reason":"stop_loss","initial_stop_loss_abs":0.4144,"initial_stop_loss_ratio":-0.1,"stop_loss_abs":0.4144,"stop_loss_ratio":-0.1,"min_rate":0.4139,"max_rate":0.4606,"is_open":false,"enter_tag":"","leverage":1.0,"is_short":false,"open_timestamp":1737165900000,"close_timestamp":1737178800000,"orders":[{"amount":67.7,"safe_price":0.4604,"ft_order_side":"buy","order_filled_timestamp":1737165900000,"ft_is_entry":true,"ft_order_tag":"","cost":31.20024908},{"amount":67.7,"safe_price":0.4144,"ft_order_side":"sell","order_filled_timestamp":1737178800000,"ft_is_entry":false,"ft_order_tag":"stop_loss","cost":28.082934879999996}]},{"pair":"LTC/USDT","stake_amount":30.87576,"max_stake_amount":30.87576,"amount":0.222,"open_date":"2025-01-17 07:50:00+00:00","close_date":"2025-01-18 05:50:00+00:00","open_rate":139.08,"close_rate":125.18,"fee_open":0.001,"fee_close":0.001,"trade_duration":1320,"profit_ratio":-0.10174079587366903,"profit_abs":-3.14446572,"exit_reason":"stop_loss","initial_stop_loss_abs":125.18,"initial_stop_loss_ratio":-0.1,"stop_loss_abs":125.18,"stop_loss_ratio":-0.1,"min_rate":125.13,"max_rate":139.6,"is_open":false,"enter_tag":"","leverage":1.0,"is_short":false,"open_timestamp":1737100200000,"close_timestamp":1737179400000,"orders":[{"amount":0.222,"safe_price":139.08,"ft_order_side":"buy","order_filled_timestamp":1737100200000,"ft_is_entry":true,"ft_order_tag":"","cost":30.90663576},{"amount":0.222,"safe_price":125.18,"ft_order_side":"sell","order_filled_timestamp":1737179400000,"ft_is_entry":false,"ft_order_tag":"stop_loss","cost":27.817749959999997}]},{"pair":"LTC/USDT","stake_amount":29.0375,"max_stake_amount":29.0375,"amount":0.23,"open_date":"2025-01-18 10:55:00+00:00","close_date":"2025-01-18 11:55:00+00:00","open_rate":126.25,"close_rate":127.7665165165165,"fee_open":0.001,"fee_close":0.001,"trade_duration":60,"profit_ratio":0.00999000999000999,"profit_abs":0.290375,"exit_reason":"roi","initial_stop_loss_abs":113.63,"initial_stop_loss_ratio":-0.1,"stop_loss_abs":113.63,"stop_loss_ratio":-0.1,"min_rate":125.17,"max_rate":127.98,"is_open":false,"enter_tag":"","leverage":1.0,"is_short":false,"open_timestamp":1737197700000,"close_timestamp":1737201300000,"orders":[{"amount":0.23,"safe_price":126.25,"ft_order_side":"buy","order_filled_timestamp":1737197700000,"ft_is_entry":true,"ft_order_tag":"","cost":29.0665375},{"amount":0.23,"safe_price":127.7665165165165,"ft_order_side":"sell","order_filled_timestamp":1737201300000,"ft_is_entry":false,"ft_order_tag":"roi","cost":29.415685097597592}]},{"pair":"LTC/USDT","stake_amount":29.05552,"max_stake_amount":29.05552,"amount":0.229,"open_date":"2025-01-18 12:55:00+00:00","close_date":"2025-01-18 13:40:00+00:00","open_rate":126.88,"close_rate":129.67415415415414,"fee_open":0.001,"fee_close":0.001,"trade_duration":45,"profit_ratio":0.01998001998001998,"profit_abs":0.5811104,"exit_reason":"roi","initial_stop_loss_abs":114.2,"initial_stop_loss_ratio":-0.1,"stop_loss_abs":114.2,"stop_loss_ratio":-0.1,"min_rate":126.34,"max_rate":129.79,"is_open":false,"enter_tag":"","leverage":1.0,"is_short":false,"open_timestamp":1737204900000,"close_timestamp":1737207600000,"orders":[{"amount":0.229,"safe_price":126.88,"ft_order_side":"buy","order_filled_timestamp":1737204900000,"ft_is_entry":true,"ft_order_tag":"","cost":29.084575519999998},{"amount":0.229,"safe_price":129.67415415415414,"ft_order_side":"sell","order_filled_timestamp":1737207600000,"ft_is_entry":false,"ft_order_tag":"roi","cost":29.725076682602598}]},{"pair":"ACX/USDT","stake_amount":29.06523,"max_stake_amount":29.06523,"amount":72.9,"open_date":"2025-01-18 11:40:00+00:00","close_date":"2025-01-18 14:05:00+00:00","open_rate":0.3987,"close_rate":0.4034891891891892,"fee_open":0.001,"fee_close":0.001,"trade_duration":145,"profit_ratio":0.009990009990009988,"profit_abs":0.2906523,"exit_reason":"roi","initial_stop_loss_abs":0.3589,"initial_stop_loss_ratio":-0.1,"stop_loss_abs":0.3589,"stop_loss_ratio":-0.1,"min_rate":0.3953,"max_rate":0.4037,"is_open":false,"enter_tag":"","leverage":1.0,"is_short":false,"open_timestamp":1737200400000,"close_timestamp":1737209100000,"orders":[{"amount":72.9,"safe_price":0.3987,"ft_order_side":"buy","order_filled_timestamp":1737200400000,"ft_is_entry":true,"ft_order_tag":"","cost":29.09429523},{"amount":72.9,"safe_price":0.4034891891891892,"ft_order_side":"sell","order_filled_timestamp":1737209100000,"ft_is_entry":false,"ft_order_tag":"roi","cost":29.44377625378378}]},{"pair":"ACX/USDT","stake_amount":29.46738,"max_stake_amount":29.46738,"amount":74.3,"open_date":"2025-01-18 15:30:00+00:00","close_date":"2025-01-18 22:10:00+00:00","open_rate":0.3966,"close_rate":0.40136396396396395,"fee_open":0.001,"fee_close":0.001,"trade_duration":400,"profit_ratio":0.00999000999000999,"profit_abs":0.2946738,"exit_reason":"roi","initial_stop_loss_abs":0.357,"initial_stop_loss_ratio":-0.1,"stop_loss_abs":0.357,"stop_loss_ratio":-0.1,"min_rate":0.3857,"max_rate":0.4016,"is_open":false,"enter_tag":"","leverage":1.0,"is_short":false,"open_timestamp":1737214200000,"close_timestamp":1737238200000,"orders":[{"amount":74.3,"safe_price":0.3966,"ft_order_side":"buy","order_filled_timestamp":1737214200000,"ft_is_entry":true,"ft_order_tag":"","cost":29.496847379999995},{"amount":74.3,"safe_price":0.40136396396396395,"ft_order_side":"sell","order_filled_timestamp":1737238200000,"ft_is_entry":false,"ft_order_tag":"roi","cost":29.85116386504504}]},{"pair":"LTC/USDT","stake_amount":29.36925,"max_stake_amount":29.36925,"amount":0.229,"open_date":"2025-01-18 14:50:00+00:00","close_date":"2025-01-19 09:15:00+00:00","open_rate":128.25,"close_rate":115.43,"fee_open":0.001,"fee_close":0.001,"trade_duration":1105,"profit_ratio":-0.1017592933382407,"profit_abs":-2.99158272,"exit_reason":"stop_loss","initial_stop_loss_abs":115.43,"initial_stop_loss_ratio":-0.1,"stop_loss_abs":115.43,"stop_loss_ratio":-0.1,"min_rate":115.3,"max_rate":128.66,"is_open":false,"enter_tag":"","leverage":1.0,"is_short":false,"open_timestamp":1737211800000,"close_timestamp":1737278100000,"orders":[{"amount":0.229,"safe_price":128.25,"ft_order_side":"buy","order_filled_timestamp":1737211800000,"ft_is_entry":true,"ft_order_tag":"","cost":29.39861925},{"amount":0.229,"safe_price":115.43,"ft_order_side":"sell","order_filled_timestamp":1737278100000,"ft_is_entry":false,"ft_order_tag":"stop_loss","cost":26.45990347}]},{"pair":"LTC/USDT","stake_amount":28.54985,"max_stake_amount":28.54985,"amount":0.245,"open_date":"2025-01-19 12:15:00+00:00","close_date":"2025-01-19 13:15:00+00:00","open_rate":116.53,"close_rate":118.06,"fee_open":0.001,"fee_close":0.001,"trade_duration":60,"profit_ratio":0.011105431083119233,"profit_abs":0.31737545,"exit_reason":"roi","initial_stop_loss_abs":104.88,"initial_stop_loss_ratio":-0.1,"stop_loss_abs":104.88,"stop_loss_ratio":-0.1,"min_rate":115.81,"max_rate":118.6,"is_open":false,"enter_tag":"","leverage":1.0,"is_short":false,"open_timestamp":1737288900000,"close_timestamp":1737292500000,"orders":[{"amount":0.245,"safe_price":116.53,"ft_order_side":"buy","order_filled_timestamp":1737288900000,"ft_is_entry":true,"ft_order_tag":"","cost":28.578399849999997},{"amount":0.245,"safe_price":118.06,"ft_order_side":"sell","order_filled_timestamp":1737292500000,"ft_is_entry":false,"ft_order_tag":"roi","cost":28.9536247}]},{"pair":"ACX/USDT","stake_amount":28.56124,"max_stake_amount":28.56124,"amount":71.6,"open_date":"2025-01-19 09:50:00+00:00","close_date":"2025-01-19 14:00:00+00:00","open_rate":0.3989,"close_rate":0.40369159159159157,"fee_open":0.001,"fee_close":0.001,"trade_duration":250,"profit_ratio":0.00999000999000999,"profit_abs":0.2856124,"exit_reason":"roi","initial_stop_loss_abs":0.3591,"initial_stop_loss_ratio":-0.1,"stop_loss_abs":0.3591,"stop_loss_ratio":-0.1,"min_rate":0.38,"max_rate":0.4058,"is_open":false,"enter_tag":"","leverage":1.0,"is_short":false,"open_timestamp":1737280200000,"close_timestamp":1737295200000,"orders":[{"amount":71.6,"safe_price":0.3989,"ft_order_side":"buy","order_filled_timestamp":1737280200000,"ft_is_entry":true,"ft_order_tag":"","cost":28.589801239999993},{"amount":71.6,"safe_price":0.40369159159159157,"ft_order_side":"sell","order_filled_timestamp":1737295200000,"ft_is_entry":false,"ft_order_tag":"roi","cost":28.93322227591591}]},{"pair":"ACX/USDT","stake_amount":28.73955,"max_stake_amount":28.73955,"amount":70.7,"open_date":"2025-01-19 17:30:00+00:00","close_date":"2025-01-19 18:40:00+00:00","open_rate":0.4065,"close_rate":0.4113828828828828,"fee_open":0.001,"fee_close":0.001,"trade_duration":70,"profit_ratio":0.009990009990009992,"profit_abs":0.2873955,"exit_reason":"roi","initial_stop_loss_abs":0.3659,"initial_stop_loss_ratio":-0.1,"stop_loss_abs":0.3659,"stop_loss_ratio":-0.1,"min_rate":0.4036,"max_rate":0.4138,"is_open":false,"enter_tag":"","leverage":1.0,"is_short":false,"open_timestamp":1737307800000,"close_timestamp":1737312000000,"orders":[{"amount":70.7,"safe_price":0.4065,"ft_order_side":"buy","order_filled_timestamp":1737307800000,"ft_is_entry":true,"ft_order_tag":"","cost":28.768289549999995},{"amount":70.7,"safe_price":0.4113828828828828,"ft_order_side":"sell","order_filled_timestamp":1737312000000,"ft_is_entry":false,"ft_order_tag":"roi","cost":29.113854589639637}]},{"pair":"LTC/USDT","stake_amount":28.6823,"max_stake_amount":28.6823,"amount":0.233,"open_date":"2025-01-19 17:10:00+00:00","close_date":"2025-01-19 18:50:00+00:00","open_rate":123.1,"close_rate":124.57867867867864,"fee_open":0.001,"fee_close":0.001,"trade_duration":100,"profit_ratio":0.00999000999000999,"profit_abs":0.286823,"exit_reason":"roi","initial_stop_loss_abs":110.79,"initial_stop_loss_ratio":-0.1,"stop_loss_abs":110.79,"stop_loss_ratio":-0.1,"min_rate":122.55,"max_rate":124.8,"is_open":false,"enter_tag":"","leverage":1.0,"is_short":false,"open_timestamp":1737306600000,"close_timestamp":1737312600000,"orders":[{"amount":0.233,"safe_price":123.1,"ft_order_side":"buy","order_filled_timestamp":1737306600000,"ft_is_entry":true,"ft_order_tag":"","cost":28.710982299999998},{"amount":0.233,"safe_price":124.57867867867864,"ft_order_side":"sell","order_filled_timestamp":1737312600000,"ft_is_entry":false,"ft_order_tag":"roi","cost":29.055858964264253}]},{"pair":"LTC/USDT","stake_amount":28.87336,"max_stake_amount":28.87336,"amount":0.233,"open_date":"2025-01-19 20:00:00+00:00","close_date":"2025-01-19 22:45:00+00:00","open_rate":123.92,"close_rate":111.53,"fee_open":0.001,"fee_close":0.001,"trade_duration":165,"profit_ratio":-0.10178209460004167,"profit_abs":-2.94172985,"exit_reason":"stop_loss","initial_stop_loss_abs":111.53,"initial_stop_loss_ratio":-0.1,"stop_loss_abs":111.53,"stop_loss_ratio":-0.1,"min_rate":111.0,"max_rate":124.6,"is_open":false,"enter_tag":"","leverage":1.0,"is_short":false,"open_timestamp":1737316800000,"close_timestamp":1737326700000,"orders":[{"amount":0.233,"safe_price":123.92,"ft_order_side":"buy","order_filled_timestamp":1737316800000,"ft_is_entry":true,"ft_order_tag":"","cost":28.902233359999997},{"amount":0.233,"safe_price":111.53,"ft_order_side":"sell","order_filled_timestamp":1737326700000,"ft_is_entry":false,"ft_order_tag":"stop_loss","cost":26.01247649}]},{"pair":"ACX/USDT","stake_amount":27.95662,"max_stake_amount":27.95662,"amount":73.3,"open_date":"2025-01-20 01:10:00+00:00","close_date":"2025-01-20 02:10:00+00:00","open_rate":0.3814,"close_rate":0.3885,"fee_open":0.001,"fee_close":0.001,"trade_duration":60,"profit_ratio":0.01658043058147935,"profit_abs":0.46399633,"exit_reason":"roi","initial_stop_loss_abs":0.3433,"initial_stop_loss_ratio":-0.1,"stop_loss_abs":0.3433,"stop_loss_ratio":-0.1,"min_rate":0.3712,"max_rate":0.3915,"is_open":false,"enter_tag":"","leverage":1.0,"is_short":false,"open_timestamp":1737335400000,"close_timestamp":1737339000000,"orders":[{"amount":73.3,"safe_price":0.3814,"ft_order_side":"buy","order_filled_timestamp":1737335400000,"ft_is_entry":true,"ft_order_tag":"","cost":27.98457662},{"amount":73.3,"safe_price":0.3885,"ft_order_side":"sell","order_filled_timestamp":1737339000000,"ft_is_entry":false,"ft_order_tag":"roi","cost":28.505527049999994}]},{"pair":"ACX/USDT","stake_amount":28.13076,"max_stake_amount":28.13076,"amount":73.2,"open_date":"2025-01-20 03:15:00+00:00","close_date":"2025-01-20 04:35:00+00:00","open_rate":0.3843,"close_rate":0.38891621621621614,"fee_open":0.001,"fee_close":0.001,"trade_duration":80,"profit_ratio":0.00999000999000999,"profit_abs":0.2813076,"exit_reason":"roi","initial_stop_loss_abs":0.3459,"initial_stop_loss_ratio":-0.1,"stop_loss_abs":0.3459,"stop_loss_ratio":-0.1,"min_rate":0.3813,"max_rate":0.3897,"is_open":false,"enter_tag":"","leverage":1.0,"is_short":false,"open_timestamp":1737342900000,"close_timestamp":1737347700000,"orders":[{"amount":73.2,"safe_price":0.3843,"ft_order_side":"buy","order_filled_timestamp":1737342900000,"ft_is_entry":true,"ft_order_tag":"","cost":28.158890759999995},{"amount":73.2,"safe_price":0.38891621621621614,"ft_order_side":"sell","order_filled_timestamp":1737347700000,"ft_is_entry":false,"ft_order_tag":"roi","cost":28.497135694054048}]},{"pair":"LTC/USDT","stake_amount":28.08373,"max_stake_amount":28.08373,"amount":0.241,"open_date":"2025-01-20 03:35:00+00:00","close_date":"2025-01-20 05:10:00+00:00","open_rate":116.53,"close_rate":117.92975975975975,"fee_open":0.001,"fee_close":0.001,"trade_duration":95,"profit_ratio":0.00999000999000999,"profit_abs":0.2808373,"exit_reason":"roi","initial_stop_loss_abs":104.88,"initial_stop_loss_ratio":-0.1,"stop_loss_abs":104.88,"stop_loss_ratio":-0.1,"min_rate":115.39,"max_rate":118.13,"is_open":false,"enter_tag":"","leverage":1.0,"is_short":false,"open_timestamp":1737344100000,"close_timestamp":1737349800000,"orders":[{"amount":0.241,"safe_price":116.53,"ft_order_side":"buy","order_filled_timestamp":1737344100000,"ft_is_entry":true,"ft_order_tag":"","cost":28.111813729999994},{"amount":0.241,"safe_price":117.92975975975975,"ft_order_side":"sell","order_filled_timestamp":1737349800000,"ft_is_entry":false,"ft_order_tag":"roi","cost":28.449493174204196}]},{"pair":"LTC/USDT","stake_amount":28.23656,"max_stake_amount":28.23656,"amount":0.242,"open_date":"2025-01-20 05:45:00+00:00","close_date":"2025-01-20 06:45:00+00:00","open_rate":116.68,"close_rate":118.87,"fee_open":0.001,"fee_close":0.001,"trade_duration":60,"profit_ratio":0.01673378044649899,"profit_abs":0.4729769,"exit_reason":"roi","initial_stop_loss_abs":105.02,"initial_stop_loss_ratio":-0.1,"stop_loss_abs":105.02,"stop_loss_ratio":-0.1,"min_rate":115.99,"max_rate":120.34,"is_open":false,"enter_tag":"","leverage":1.0,"is_short":false,"open_timestamp":1737351900000,"close_timestamp":1737355500000,"orders":[{"amount":0.242,"safe_price":116.68,"ft_order_side":"buy","order_filled_timestamp":1737351900000,"ft_is_entry":true,"ft_order_tag":"","cost":28.264796559999997},{"amount":0.242,"safe_price":118.87,"ft_order_side":"sell","order_filled_timestamp":1737355500000,"ft_is_entry":false,"ft_order_tag":"roi","cost":28.795306539999995}]},{"pair":"ACX/USDT","stake_amount":28.47261,"max_stake_amount":28.47261,"amount":68.1,"open_date":"2025-01-20 10:10:00+00:00","close_date":"2025-01-21 11:50:00+00:00","open_rate":0.4181,"close_rate":0.42312222222222223,"fee_open":0.001,"fee_close":0.001,"trade_duration":1540,"profit_ratio":0.009990009990009988,"profit_abs":0.2847261,"exit_reason":"roi","initial_stop_loss_abs":0.3763,"initial_stop_loss_ratio":-0.1,"stop_loss_abs":0.3763,"stop_loss_ratio":-0.1,"min_rate":0.3862,"max_rate":0.4256,"is_open":false,"enter_tag":"","leverage":1.0,"is_short":false,"open_timestamp":1737367800000,"close_timestamp":1737460200000,"orders":[{"amount":68.1,"safe_price":0.4181,"ft_order_side":"buy","order_filled_timestamp":1737367800000,"ft_is_entry":true,"ft_order_tag":"","cost":28.501082609999997},{"amount":68.1,"safe_price":0.42312222222222223,"ft_order_side":"sell","order_filled_timestamp":1737460200000,"ft_is_entry":false,"ft_order_tag":"roi","cost":28.84343795666666}]},{"pair":"LTC/USDT","stake_amount":28.388,"max_stake_amount":28.388,"amount":0.235,"open_date":"2025-01-20 11:30:00+00:00","close_date":"2025-01-21 12:10:00+00:00","open_rate":120.8,"close_rate":122.25105105105104,"fee_open":0.001,"fee_close":0.001,"trade_duration":1480,"profit_ratio":0.00999000999000999,"profit_abs":0.28388,"exit_reason":"roi","initial_stop_loss_abs":108.72,"initial_stop_loss_ratio":-0.1,"stop_loss_abs":108.72,"stop_loss_ratio":-0.1,"min_rate":113.04,"max_rate":123.0,"is_open":false,"enter_tag":"","leverage":1.0,"is_short":false,"open_timestamp":1737372600000,"close_timestamp":1737461400000,"orders":[{"amount":0.235,"safe_price":120.8,"ft_order_side":"buy","order_filled_timestamp":1737372600000,"ft_is_entry":true,"ft_order_tag":"","cost":28.416387999999994},{"amount":0.235,"safe_price":122.25105105105104,"ft_order_side":"sell","order_filled_timestamp":1737461400000,"ft_is_entry":false,"ft_order_tag":"roi","cost":28.757725993993983}]},{"pair":"ACX/USDT","stake_amount":28.66522,"max_stake_amount":28.66522,"amount":67.4,"open_date":"2025-01-21 13:20:00+00:00","close_date":"2025-01-21 18:00:00+00:00","open_rate":0.4253,"close_rate":0.4304087087087087,"fee_open":0.001,"fee_close":0.001,"trade_duration":280,"profit_ratio":0.009990009990009992,"profit_abs":0.2866522,"exit_reason":"roi","initial_stop_loss_abs":0.3828,"initial_stop_loss_ratio":-0.1,"stop_loss_abs":0.3828,"stop_loss_ratio":-0.1,"min_rate":0.4132,"max_rate":0.431,"is_open":false,"enter_tag":"","leverage":1.0,"is_short":false,"open_timestamp":1737465600000,"close_timestamp":1737482400000,"orders":[{"amount":67.4,"safe_price":0.4253,"ft_order_side":"buy","order_filled_timestamp":1737465600000,"ft_is_entry":true,"ft_order_tag":"","cost":28.69388522},{"amount":67.4,"safe_price":0.4304087087087087,"ft_order_side":"sell","order_filled_timestamp":1737482400000,"ft_is_entry":false,"ft_order_tag":"roi","cost":29.03855651393393}]},{"pair":"ACX/USDT","stake_amount":28.74801,"max_stake_amount":28.74801,"amount":70.1,"open_date":"2025-01-22 05:00:00+00:00","close_date":"2025-01-22 06:05:00+00:00","open_rate":0.4101,"close_rate":0.41502612612612616,"fee_open":0.001,"fee_close":0.001,"trade_duration":65,"profit_ratio":0.00999000999000999,"profit_abs":0.2874801,"exit_reason":"roi","initial_stop_loss_abs":0.3691,"initial_stop_loss_ratio":-0.1,"stop_loss_abs":0.3691,"stop_loss_ratio":-0.1,"min_rate":0.4066,"max_rate":0.4176,"is_open":false,"enter_tag":"","leverage":1.0,"is_short":false,"open_timestamp":1737522000000,"close_timestamp":1737525900000,"orders":[{"amount":70.1,"safe_price":0.4101,"ft_order_side":"buy","order_filled_timestamp":1737522000000,"ft_is_entry":true,"ft_order_tag":"","cost":28.776758009999998},{"amount":70.1,"safe_price":0.41502612612612616,"ft_order_side":"sell","order_filled_timestamp":1737525900000,"ft_is_entry":false,"ft_order_tag":"roi","cost":29.12242477288288}]},{"pair":"ACX/USDT","stake_amount":28.82792,"max_stake_amount":28.82792,"amount":69.7,"open_date":"2025-01-22 07:25:00+00:00","close_date":"2025-01-22 11:15:00+00:00","open_rate":0.4136,"close_rate":0.4185681681681681,"fee_open":0.001,"fee_close":0.001,"trade_duration":230,"profit_ratio":0.00999000999000999,"profit_abs":0.2882792,"exit_reason":"roi","initial_stop_loss_abs":0.3723,"initial_stop_loss_ratio":-0.1,"stop_loss_abs":0.3723,"stop_loss_ratio":-0.1,"min_rate":0.4066,"max_rate":0.4202,"is_open":false,"enter_tag":"","leverage":1.0,"is_short":false,"open_timestamp":1737530700000,"close_timestamp":1737544500000,"orders":[{"amount":69.7,"safe_price":0.4136,"ft_order_side":"buy","order_filled_timestamp":1737530700000,"ft_is_entry":true,"ft_order_tag":"","cost":28.85674792},{"amount":69.7,"safe_price":0.4185681681681681,"ft_order_side":"sell","order_filled_timestamp":1737544500000,"ft_is_entry":false,"ft_order_tag":"roi","cost":29.203375522642638}]},{"pair":"LTC/USDT","stake_amount":28.6324,"max_stake_amount":28.6324,"amount":0.235,"open_date":"2025-01-21 13:35:00+00:00","close_date":"2025-01-25 01:15:00+00:00","open_rate":121.84,"close_rate":123.30354354354354,"fee_open":0.001,"fee_close":0.001,"trade_duration":5020,"profit_ratio":0.00999000999000999,"profit_abs":0.286324,"exit_reason":"roi","initial_stop_loss_abs":109.66,"initial_stop_loss_ratio":-0.1,"stop_loss_abs":109.66,"stop_loss_ratio":-0.1,"min_rate":111.24,"max_rate":123.95,"is_open":false,"enter_tag":"","leverage":1.0,"is_short":false,"open_timestamp":1737466500000,"close_timestamp":1737767700000,"orders":[{"amount":0.235,"safe_price":121.84,"ft_order_side":"buy","order_filled_timestamp":1737466500000,"ft_is_entry":true,"ft_order_tag":"","cost":28.661032399999996},{"amount":0.235,"safe_price":123.30354354354354,"ft_order_side":"sell","order_filled_timestamp":1737767700000,"ft_is_entry":false,"ft_order_tag":"roi","cost":29.005309065465458}]},{"pair":"ACX/USDT","stake_amount":28.93272,"max_stake_amount":28.93272,"amount":69.6,"open_date":"2025-01-22 12:40:00+00:00","close_date":"2025-01-25 10:10:00+00:00","open_rate":0.4157,"close_rate":0.4206933933933934,"fee_open":0.001,"fee_close":0.001,"trade_duration":4170,"profit_ratio":0.00999000999000999,"profit_abs":0.2893272,"exit_reason":"roi","initial_stop_loss_abs":0.3742,"initial_stop_loss_ratio":-0.1,"stop_loss_abs":0.3742,"stop_loss_ratio":-0.1,"min_rate":0.3867,"max_rate":0.4244,"is_open":false,"enter_tag":"","leverage":1.0,"is_short":false,"open_timestamp":1737549600000,"close_timestamp":1737799800000,"orders":[{"amount":69.6,"safe_price":0.4157,"ft_order_side":"buy","order_filled_timestamp":1737549600000,"ft_is_entry":true,"ft_order_tag":"","cost":28.961652719999996},{"amount":69.6,"safe_price":0.4206933933933934,"ft_order_side":"sell","order_filled_timestamp":1737799800000,"ft_is_entry":false,"ft_order_tag":"roi","cost":29.309540440360355}]},{"pair":"LTC/USDT","stake_amount":29.12454,"max_stake_amount":29.12454,"amount":0.239,"open_date":"2025-01-25 10:55:00+00:00","close_date":"2025-01-25 12:10:00+00:00","open_rate":121.86,"close_rate":123.32378378378377,"fee_open":0.001,"fee_close":0.001,"trade_duration":75,"profit_ratio":0.00999000999000999,"profit_abs":0.2912454,"exit_reason":"roi","initial_stop_loss_abs":109.68,"initial_stop_loss_ratio":-0.1,"stop_loss_abs":109.68,"stop_loss_ratio":-0.1,"min_rate":121.41,"max_rate":123.34,"is_open":false,"enter_tag":"","leverage":1.0,"is_short":false,"open_timestamp":1737802500000,"close_timestamp":1737807000000,"orders":[{"amount":0.239,"safe_price":121.86,"ft_order_side":"buy","order_filled_timestamp":1737802500000,"ft_is_entry":true,"ft_order_tag":"","cost":29.153664539999998},{"amount":0.239,"safe_price":123.32378378378377,"ft_order_side":"sell","order_filled_timestamp":1737807000000,"ft_is_entry":false,"ft_order_tag":"roi","cost":29.50385870864864}]},{"pair":"ACX/USDT","stake_amount":29.13152,"max_stake_amount":29.13152,"amount":70.4,"open_date":"2025-01-25 11:35:00+00:00","close_date":"2025-01-25 13:35:00+00:00","open_rate":0.4138,"close_rate":0.4187705705705705,"fee_open":0.001,"fee_close":0.001,"trade_duration":120,"profit_ratio":0.00999000999000999,"profit_abs":0.2913152,"exit_reason":"roi","initial_stop_loss_abs":0.3725,"initial_stop_loss_ratio":-0.1,"stop_loss_abs":0.3725,"stop_loss_ratio":-0.1,"min_rate":0.4102,"max_rate":0.421,"is_open":false,"enter_tag":"","leverage":1.0,"is_short":false,"open_timestamp":1737804900000,"close_timestamp":1737812100000,"orders":[{"amount":70.4,"safe_price":0.4138,"ft_order_side":"buy","order_filled_timestamp":1737804900000,"ft_is_entry":true,"ft_order_tag":"","cost":29.16065152},{"amount":70.4,"safe_price":0.4187705705705705,"ft_order_side":"sell","order_filled_timestamp":1737812100000,"ft_is_entry":false,"ft_order_tag":"roi","cost":29.51092961633633}]}],"locks":[],"best_pair":{"key":"LTC/USDT","trades":40,"profit_mean":-0.0035073332241616372,"profit_mean_pct":-0.35,"profit_sum":-0.14029332896646549,"profit_sum_pct":-14.03,"profit_total_abs":-4.473026689999999,"profit_total":-0.044730266899999996,"profit_total_pct":-4.47,"duration_avg":"11:26:00","wins":35,"draws":0,"losses":5,"winrate":0.875},"worst_pair":{"key":"ACX/USDT","trades":33,"profit_mean":-0.006421923742564697,"profit_mean_pct":-0.64,"profit_sum":-0.211923483504635,"profit_sum_pct":-21.19,"profit_total_abs":-7.48676128,"profit_total":-0.0748676128,"profit_total_pct":-7.49,"duration_avg":"13:53:00","wins":28,"draws":0,"losses":5,"winrate":0.8484848484848485},"results_per_pair":[{"key":"LTC/USDT","trades":40,"profit_mean":-0.0035073332241616372,"profit_mean_pct":-0.35,"profit_sum":-0.14029332896646549,"profit_sum_pct":-14.03,"profit_total_abs":-4.473026689999999,"profit_total":-0.044730266899999996,"profit_total_pct":-4.47,"duration_avg":"11:26:00","wins":35,"draws":0,"losses":5,"winrate":0.875},{"key":"ACX/USDT","trades":33,"profit_mean":-0.006421923742564697,"profit_mean_pct":-0.64,"profit_sum":-0.211923483504635,"profit_sum_pct":-21.19,"profit_total_abs":-7.48676128,"profit_total":-0.0748676128,"profit_total_pct":-7.49,"duration_avg":"13:53:00","wins":28,"draws":0,"losses":5,"winrate":0.8484848484848485},{"key":"TOTAL","trades":73,"profit_mean":-0.0048248878420698695,"profit_mean_pct":-0.48,"profit_sum":-0.3522168124711005,"profit_sum_pct":-35.22,"profit_total_abs":-11.959787969999999,"profit_total":-0.11959787969999999,"profit_total_pct":-11.96,"duration_avg":"12:32:00","wins":63,"draws":0,"losses":10,"winrate":0.863013698630137}],"results_per_enter_tag":[{"key":"","trades":73,"profit_mean":-0.0048248878420698695,"profit_mean_pct":-0.48,"profit_sum":-0.3522168124711005,"profit_sum_pct":-35.22,"profit_total_abs":-11.959787969999999,"profit_total":-0.11959787969999999,"profit_total_pct":-11.96,"duration_avg":"12:32:00","wins":63,"draws":0,"losses":10,"winrate":0.863013698630137},{"key":"TOTAL","trades":73,"profit_mean":-0.0048248878420698695,"profit_mean_pct":-0.48,"profit_sum":-0.3522168124711005,"profit_sum_pct":-35.22,"profit_total_abs":-11.959787969999999,"profit_total":-0.11959787969999999,"profit_total_pct":-11.96,"duration_avg":"12:32:00","wins":63,"draws":0,"losses":10,"winrate":0.863013698630137}],"exit_reason_summary":[{"key":"roi","trades":63,"profit_mean":0.010561505095177132,"profit_mean_pct":1.06,"profit_sum":0.6653748209961593,"profit_sum_pct":66.54,"profit_total_abs":20.38302379,"profit_total":0.2038302379,"profit_total_pct":20.38,"duration_avg":"9:29:00","wins":63,"draws":0,"losses":0,"winrate":1.0},{"key":"stop_loss","trades":10,"profit_mean":-0.10175916334672597,"profit_mean_pct":-10.18,"profit_sum":-1.0175916334672597,"profit_sum_pct":-101.76,"profit_total_abs":-32.34281176,"profit_total":-0.32342811759999995,"profit_total_pct":-32.34,"duration_avg":"1 day, 7:44:00","wins":0,"draws":0,"losses":10,"winrate":0.0},{"key":"TOTAL","trades":73,"profit_mean":-0.0048248878420698695,"profit_mean_pct":-0.48,"profit_sum":-0.3522168124711005,"profit_sum_pct":-35.22,"profit_total_abs":-11.959787969999999,"profit_total":-0.11959787969999999,"profit_total_pct":-11.96,"duration_avg":"12:32:00","wins":63,"draws":0,"losses":10,"winrate":0.863013698630137}],"mix_tag_stats":[{"key":["","roi"],"trades":63,"profit_mean":0.010561505095177132,"profit_mean_pct":1.06,"profit_sum":0.6653748209961593,"profit_sum_pct":66.54,"profit_total_abs":20.38302379,"profit_total":0.2038302379,"profit_total_pct":20.38,"duration_avg":"9:29:00","wins":63,"draws":0,"losses":0,"winrate":1.0},{"key":["","stop_loss"],"trades":10,"profit_mean":-0.10175916334672597,"profit_mean_pct":-10.18,"profit_sum":-1.0175916334672597,"profit_sum_pct":-101.76,"profit_total_abs":-32.34281176,"profit_total":-0.32342811759999995,"profit_total_pct":-32.34,"duration_avg":"1 day, 7:44:00","wins":0,"draws":0,"losses":10,"winrate":0.0},{"key":"TOTAL","trades":73,"profit_mean":-0.0048248878420698695,"profit_mean_pct":-0.48,"profit_sum":-0.3522168124711005,"profit_sum_pct":-35.22,"profit_total_abs":-11.959787969999999,"profit_total":-0.11959787969999999,"profit_total_pct":-11.96,"duration_avg":"12:32:00","wins":63,"draws":0,"losses":10,"winrate":0.863013698630137}],"left_open_trades":[{"key":"TOTAL","trades":0,"profit_mean":0.0,"profit_mean_pct":0.0,"profit_sum":0.0,"profit_sum_pct":0.0,"profit_total_abs":0.0,"profit_total":0.0,"profit_total_pct":0.0,"duration_avg":"0:00","wins":0,"draws":0,"losses":0,"winrate":0.0}],"total_trades":73,"trade_count_long":73,"trade_count_short":0,"total_volume":4492.089255337369,"avg_stake_amount":30.78817698630137,"profit_mean":-0.0048248878420698695,"profit_median":0.00999000999000999,"profit_total":-0.11959787969999999,"profit_total_long":-0.11959787969999999,"profit_total_short":0.0,"profit_total_abs":-11.959787969999999,"profit_total_long_abs":-11.959787969999999,"profit_total_short_abs":0.0,"cagr":-0.8558908946335032,"expectancy":-0.16383271191780813,"expectancy_ratio":-0.05065506151213128,"sortino":-45.8607689664795,"sharpe":-7.757687269459039,"calmar":-46.69427760618334,"profit_factor":0.6302180509614419,"backtest_start":"2025-01-01 00:00:00","backtest_start_ts":1735689600000,"backtest_end":"2025-01-25 17:40:00","backtest_end_ts":1737826800000,"backtest_days":24,"backtest_run_start_ts":1737827267,"backtest_run_end_ts":1737827268,"trades_per_day":3.04,"market_change":-0.02151131695272479,"pairlist":["LTC/USDT","ACX/USDT"],"stake_amount":"unlimited","stake_currency":"USDT","stake_currency_decimals":3,"starting_balance":100,"dry_run_wallet":100,"final_balance":88.04021203,"rejected_signals":0,"timedout_entry_orders":0,"timedout_exit_orders":0,"canceled_trade_entries":0,"canceled_entry_orders":0,"replaced_entry_orders":0,"max_open_trades":2,"max_open_trades_setting":3,"timeframe":"5m","timeframe_detail":"","timerange":"20250101-","enable_protections":false,"strategy_name":"ReinforcementLearner","stoploss":-0.1,"trailing_stop":false,"trailing_stop_positive":null,"trailing_stop_positive_offset":0.0,"trailing_only_offset_is_reached":false,"use_custom_stoploss":false,"minimal_roi":{"60":0.01,"30":0.02,"0":0.04},"use_exit_signal":true,"exit_profit_only":false,"exit_profit_offset":0.0,"ignore_roi_if_entry_signal":false,"trading_mode":"spot","margin_mode":"","periodic_breakdown":{"day":[{"date":"01/01/2025","date_ts":1735689600000,"profit_abs":1.0001756,"wins":3,"draws":0,"loses":0,"winrate":1.0},{"date":"02/01/2025","date_ts":1735776000000,"profit_abs":1.6896308,"wins":4,"draws":0,"loses":0,"winrate":1.0},{"date":"03/01/2025","date_ts":1735862400000,"profit_abs":1.0271819,"wins":3,"draws":0,"loses":0,"winrate":1.0},{"date":"04/01/2025","date_ts":1735948800000,"profit_abs":0.6920321,"wins":2,"draws":0,"loses":0,"winrate":1.0},{"date":"05/01/2025","date_ts":1736035200000,"profit_abs":0.3447752,"wins":1,"draws":0,"loses":0,"winrate":1.0},{"date":"06/01/2025","date_ts":1736121600000,"profit_abs":0.6987413,"wins":2,"draws":0,"loses":0,"winrate":1.0},{"date":"07/01/2025","date_ts":1736208000000,"profit_abs":-10.57215144,"wins":0,"draws":0,"loses":3,"winrate":0.0},{"date":"08/01/2025","date_ts":1736294400000,"profit_abs":-2.9051241,"wins":1,"draws":0,"loses":1,"winrate":0.5},{"date":"09/01/2025","date_ts":1736380800000,"profit_abs":0.6228593,"wins":2,"draws":0,"loses":0,"winrate":1.0},{"date":"10/01/2025","date_ts":1736467200000,"profit_abs":0.9274558,"wins":3,"draws":0,"loses":0,"winrate":1.0},{"date":"11/01/2025","date_ts":1736553600000,"profit_abs":0.0,"wins":0,"draws":0,"loses":0,"winrate":0.0},{"date":"12/01/2025","date_ts":1736640000000,"profit_abs":-3.12687902,"wins":0,"draws":0,"loses":1,"winrate":0.0},{"date":"13/01/2025","date_ts":1736726400000,"profit_abs":-2.2678639,"wins":3,"draws":0,"loses":1,"winrate":0.75},{"date":"14/01/2025","date_ts":1736812800000,"profit_abs":2.3695588,"wins":8,"draws":0,"loses":0,"winrate":1.0},{"date":"15/01/2025","date_ts":1736899200000,"profit_abs":1.53082266,"wins":5,"draws":0,"loses":0,"winrate":1.0},{"date":"16/01/2025","date_ts":1736985600000,"profit_abs":0.612954,"wins":2,"draws":0,"loses":0,"winrate":1.0},{"date":"17/01/2025","date_ts":1737072000000,"profit_abs":0.6141199,"wins":2,"draws":0,"loses":0,"winrate":1.0},{"date":"18/01/2025","date_ts":1737158400000,"profit_abs":-4.55031818,"wins":5,"draws":0,"loses":2,"winrate":0.7142857142857143},{"date":"19/01/2025","date_ts":1737244800000,"profit_abs":-4.75610622,"wins":4,"draws":0,"loses":2,"winrate":0.6666666666666666},{"date":"20/01/2025","date_ts":1737331200000,"profit_abs":1.49911813,"wins":4,"draws":0,"loses":0,"winrate":1.0},{"date":"21/01/2025","date_ts":1737417600000,"profit_abs":0.8552583,"wins":3,"draws":0,"loses":0,"winrate":1.0},{"date":"22/01/2025","date_ts":1737504000000,"profit_abs":0.5757593,"wins":2,"draws":0,"loses":0,"winrate":1.0},{"date":"23/01/2025","date_ts":1737590400000,"profit_abs":0.0,"wins":0,"draws":0,"loses":0,"winrate":0.0},{"date":"24/01/2025","date_ts":1737676800000,"profit_abs":0.0,"wins":0,"draws":0,"loses":0,"winrate":0.0},{"date":"25/01/2025","date_ts":1737763200000,"profit_abs":1.1582118,"wins":4,"draws":0,"loses":0,"winrate":1.0}],"week":[{"date":"06/01/2025","date_ts":1736121600000,"profit_abs":5.4525369,"wins":15,"draws":0,"loses":0,"winrate":1.0},{"date":"13/01/2025","date_ts":1736726400000,"profit_abs":-17.32170336,"wins":9,"draws":0,"loses":6,"winrate":0.6},{"date":"20/01/2025","date_ts":1737331200000,"profit_abs":-2.67985091,"wins":30,"draws":0,"loses":4,"winrate":0.8823529411764706},{"date":"27/01/2025","date_ts":1737936000000,"profit_abs":2.5892294,"wins":9,"draws":0,"loses":0,"winrate":1.0}],"month":[{"date":"31/01/2025","date_ts":1738281600000,"profit_abs":-11.95978797,"wins":63,"draws":0,"loses":10,"winrate":0.863013698630137}]},"backtest_best_day":0.07992007992007992,"backtest_worst_day":-0.3053859803665352,"backtest_best_day_abs":2.3695588,"backtest_worst_day_abs":-10.57215144,"winning_days":16,"draw_days":3,"losing_days":6,"daily_profit":[["2025-01-01",1.0001756],["2025-01-02",1.6896308],["2025-01-03",1.0271819],["2025-01-04",0.6920321],["2025-01-05",0.3447752],["2025-01-06",0.6987413],["2025-01-07",-10.57215144],["2025-01-08",-2.9051241],["2025-01-09",0.6228593],["2025-01-10",0.9274558],["2025-01-11",0.0],["2025-01-12",-3.12687902],["2025-01-13",-2.2678639],["2025-01-14",2.3695588],["2025-01-15",1.53082266],["2025-01-16",0.612954],["2025-01-17",0.6141199],["2025-01-18",-4.55031818],["2025-01-19",-4.75610622],["2025-01-20",1.49911813],["2025-01-21",0.8552583],["2025-01-22",0.5757593],["2025-01-23",0.0],["2025-01-24",0.0],["2025-01-25",1.1582118]],"wins":63,"losses":10,"draws":0,"winrate":0.863013698630137,"holding_avg":"12:32:00","holding_avg_s":45120.0,"winner_holding_avg":"9:29:00","winner_holding_avg_s":34140.0,"loser_holding_avg":"1 day, 7:44:00","loser_holding_avg_s":114240.0,"max_consecutive_wins":21,"max_consecutive_losses":3,"max_drawdown_account":0.20388956996254112,"max_relative_drawdown":0.20388956996254112,"max_drawdown_abs":21.5006724,"drawdown_start":"2025-01-06 16:30:00","drawdown_start_ts":1736181000000.0,"drawdown_end":"2025-01-19 22:45:00","drawdown_end_ts":1737326700000.0,"max_drawdown_low":-16.0481355,"max_drawdown_high":5.452536899999999,"csum_min":83.9518645,"csum_max":105.4525369}},"strategy_comparison":[{"key":"ReinforcementLearner","trades":73,"profit_mean":-0.0048248878420698695,"profit_mean_pct":-0.48,"profit_sum":-0.3522168124711005,"profit_sum_pct":-35.22,"profit_total_abs":-11.959787969999999,"profit_total":-0.11959787969999999,"profit_total_pct":-11.96,"duration_avg":"12:32:00","wins":63,"draws":0,"losses":10,"winrate":0.863013698630137,"max_drawdown_account":0.20388956996254112,"max_drawdown_abs":"21.501"}]}