{"strategy":{"ReinforcementLearner_multiproc":{"trades":[{"pair":"ENA/USDT","stake_amount":89.997184,"max_stake_amount":89.997184,"amount":75.52,"open_date":"2025-01-04 00:55:00+00:00","close_date":"2025-01-04 04:15:00+00:00","open_rate":1.1917,"close_rate":1.1940857857857856,"fee_open":0.001,"fee_close":0.001,"trade_duration":200,"profit_ratio":0.0,"profit_abs":0.0,"exit_reason":"roi","initial_stop_loss_abs":0.7758,"initial_stop_loss_ratio":-0.349,"stop_loss_abs":0.7758,"stop_loss_ratio":-0.349,"min_rate":1.184,"max_rate":1.2049,"is_open":false,"enter_tag":"","leverage":1.0,"is_short":false,"open_timestamp":1735952100000,"close_timestamp":1735964100000,"orders":[{"amount":75.52,"safe_price":1.1917,"ft_order_side":"buy","order_filled_timestamp":1735952100000,"ft_is_entry":true,"ft_order_tag":""},{"amount":75.52,"safe_price":1.1940857857857856,"ft_order_side":"sell","order_filled_timestamp":1735964100000,"ft_is_entry":false,"ft_order_tag":"roi"}]},{"pair":"LTC/USDT","stake_amount":89.92797,"max_stake_amount":89.92797,"amount":0.803,"open_date":"2025-01-04 00:45:00+00:00","close_date":"2025-01-04 10:55:00+00:00","open_rate":111.99,"close_rate":112.2142042042042,"fee_open":0.001,"fee_close":0.001,"trade_duration":610,"profit_ratio":0.0,"profit_abs":0.0,"exit_reason":"roi","initial_stop_loss_abs":72.91,"initial_stop_loss_ratio":-0.349,"stop_loss_abs":72.91,"stop_loss_ratio":-0.349,"min_rate":110.52,"max_rate":112.25,"is_open":false,"enter_tag":"","leverage":1.0,"is_short":false,"open_timestamp":1735951500000,"close_timestamp":1735988100000,"orders":[{"amount":0.803,"safe_price":111.99,"ft_order_side":"buy","order_filled_timestamp":1735951500000,"ft_is_entry":true,"ft_order_tag":""},{"amount":0.803,"safe_price":112.2142042042042,"ft_order_side":"sell","order_filled_timestamp":1735988100000,"ft_is_entry":false,"ft_order_tag":"roi"}]},{"pair":"XRP/USDT","stake_amount":89.6473,"max_stake_amount":89.6473,"amount":37.0,"open_date":"2025-01-04 16:05:00+00:00","close_date":"2025-01-04 20:20:00+00:00","open_rate":2.4229,"close_rate":2.42775065065065,"fee_open":0.001,"fee_close":0.001,"trade_duration":255,"profit_ratio":0.0,"profit_abs":0.0,"exit_reason":"roi","initial_stop_loss_abs":1.5774,"initial_stop_loss_ratio":-0.349,"stop_loss_abs":1.5774,"stop_loss_ratio":-0.349,"min_rate":2.4124,"max_rate":2.4345,"is_open":false,"enter_tag":"","leverage":1.0,"is_short":false,"open_timestamp":1736006700000,"close_timestamp":1736022000000,"orders":[{"amount":37.0,"safe_price":2.4229,"ft_order_side":"buy","order_filled_timestamp":1736006700000,"ft_is_entry":true,"ft_order_tag":""},{"amount":37.0,"safe_price":2.42775065065065,"ft_order_side":"sell","order_filled_timestamp":1736022000000,"ft_is_entry":false,"ft_order_tag":"roi"}]},{"pair":"LTC/USDT","stake_amount":89.96889,"max_stake_amount":89.96889,"amount":0.809,"open_date":"2025-01-05 08:25:00+00:00","close_date":"2025-01-05 11:35:00+00:00","open_rate":111.21,"close_rate":111.67,"fee_open":0.001,"fee_close":0.001,"trade_duration":190,"profit_ratio":0.0021300523053962494,"profit_abs":0.19183008,"exit_reason":"roi","initial_stop_loss_abs":72.4,"initial_stop_loss_ratio":-0.349,"stop_loss_abs":72.4,"stop_loss_ratio":-0.349,"min_rate":110.71,"max_rate":112.17,"is_open":false,"enter_tag":"","leverage":1.0,"is_short":false,"open_timestamp":1736065500000,"close_timestamp":1736076900000,"orders":[{"amount":0.809,"safe_price":111.21,"ft_order_side":"buy","order_filled_timestamp":1736065500000,"ft_is_entry":true,"ft_order_tag":""},{"amount":0.809,"safe_price":111.67,"ft_order_side":"sell","order_filled_timestamp":1736076900000,"ft_is_entry":false,"ft_order_tag":"roi"}]},{"pair":"BTC/USDT","stake_amount":89.10356,"max_stake_amount":89.10356,"amount":0.00091,"open_date":"2025-01-05 08:40:00+00:00","close_date":"2025-01-05 15:30:00+00:00","open_rate":97916.0,"close_rate":98112.02802802801,"fee_open":0.001,"fee_close":0.001,"trade_duration":410,"profit_ratio":0.0,"profit_abs":0.0,"exit_reason":"roi","initial_stop_loss_abs":63743.32,"initial_stop_loss_ratio":-0.349,"stop_loss_abs":63743.32,"stop_loss_ratio":-0.349,"min_rate":97276.79,"max_rate":98180.0,"is_open":false,"enter_tag":"","leverage":1.0,"is_short":false,"open_timestamp":1736066400000,"close_timestamp":1736091000000,"orders":[{"amount":0.00091,"safe_price":97916.0,"ft_order_side":"buy","order_filled_timestamp":1736066400000,"ft_is_entry":true,"ft_order_tag":""},{"amount":0.00091,"safe_price":98112.02802802801,"ft_order_side":"sell","order_filled_timestamp":1736091000000,"ft_is_entry":false,"ft_order_tag":"roi"}]},{"pair":"RAY/USDT","stake_amount":89.984,"max_stake_amount":89.984,"amount":16.0,"open_date":"2025-01-06 08:55:00+00:00","close_date":"2025-01-06 15:00:00+00:00","open_rate":5.624,"close_rate":5.635259259259258,"fee_open":0.001,"fee_close":0.001,"trade_duration":365,"profit_ratio":0.0,"profit_abs":0.0,"exit_reason":"roi","initial_stop_loss_abs":3.662,"initial_stop_loss_ratio":-0.349,"stop_loss_abs":3.662,"stop_loss_ratio":-0.349,"min_rate":5.492,"max_rate":5.636,"is_open":false,"enter_tag":"","leverage":1.0,"is_short":false,"open_timestamp":1736153700000,"close_timestamp":1736175600000,"orders":[{"amount":16.0,"safe_price":5.624,"ft_order_side":"buy","order_filled_timestamp":1736153700000,"ft_is_entry":true,"ft_order_tag":""},{"amount":16.0,"safe_price":5.635259259259258,"ft_order_side":"sell","order_filled_timestamp":1736175600000,"ft_is_entry":false,"ft_order_tag":"roi"}]},{"pair":"ENA/USDT","stake_amount":90.006345,"max_stake_amount":90.006345,"amount":76.83,"open_date":"2025-01-06 21:30:00+00:00","close_date":"2025-01-07 00:40:00+00:00","open_rate":1.1715,"close_rate":1.1741,"fee_open":0.001,"fee_close":0.001,"trade_duration":190,"profit_ratio":0.0002169405276486227,"profit_abs":0.01954555,"exit_reason":"roi","initial_stop_loss_abs":0.7627,"initial_stop_loss_ratio":-0.349,"stop_loss_abs":0.7627,"stop_loss_ratio":-0.349,"min_rate":1.1648,"max_rate":1.1846,"is_open":false,"enter_tag":"","leverage":1.0,"is_short":false,"open_timestamp":1736199000000,"close_timestamp":1736210400000,"orders":[{"amount":76.83,"safe_price":1.1715,"ft_order_side":"buy","order_filled_timestamp":1736199000000,"ft_is_entry":true,"ft_order_tag":""},{"amount":76.83,"safe_price":1.1741,"ft_order_side":"sell","order_filled_timestamp":1736210400000,"ft_is_entry":false,"ft_order_tag":"roi"}]},{"pair":"XRP/USDT","stake_amount":87.9244,"max_stake_amount":87.9244,"amount":38.0,"open_date":"2025-01-07 15:50:00+00:00","close_date":"2025-01-08 00:35:00+00:00","open_rate":2.3138,"close_rate":2.3184322322322317,"fee_open":0.001,"fee_close":0.001,"trade_duration":525,"profit_ratio":0.0,"profit_abs":0.0,"exit_reason":"roi","initial_stop_loss_abs":1.5063,"initial_stop_loss_ratio":-0.349,"stop_loss_abs":1.5063,"stop_loss_ratio":-0.349,"min_rate":2.2572,"max_rate":2.3462,"is_open":false,"enter_tag":"","leverage":1.0,"is_short":false,"open_timestamp":1736265000000,"close_timestamp":1736296500000,"orders":[{"amount":38.0,"safe_price":2.3138,"ft_order_side":"buy","order_filled_timestamp":1736265000000,"ft_is_entry":true,"ft_order_tag":""},{"amount":38.0,"safe_price":2.3184322322322317,"ft_order_side":"sell","order_filled_timestamp":1736296500000,"ft_is_entry":false,"ft_order_tag":"roi"}]},{"pair":"ENA/USDT","stake_amount":90.018453,"max_stake_amount":90.018453,"amount":98.07,"open_date":"2025-01-08 17:35:00+00:00","close_date":"2025-01-08 19:00:00+00:00","open_rate":0.9179,"close_rate":0.9534,"fee_open":0.001,"fee_close":0.001,"trade_duration":85,"profit_ratio":0.03659996176630516,"profit_abs":3.29796661,"exit_reason":"roi","initial_stop_loss_abs":0.5976,"initial_stop_loss_ratio":-0.349,"stop_loss_abs":0.5976,"stop_loss_ratio":-0.349,"min_rate":0.9135,"max_rate":0.9779,"is_open":false,"enter_tag":"","leverage":1.0,"is_short":false,"open_timestamp":1736357700000,"close_timestamp":1736362800000,"orders":[{"amount":98.07,"safe_price":0.9179,"ft_order_side":"buy","order_filled_timestamp":1736357700000,"ft_is_entry":true,"ft_order_tag":""},{"amount":98.07,"safe_price":0.9534,"ft_order_side":"sell","order_filled_timestamp":1736362800000,"ft_is_entry":false,"ft_order_tag":"roi"}]},{"pair":"XRP/USDT","stake_amount":87.8514,"max_stake_amount":87.8514,"amount":39.0,"open_date":"2025-01-08 17:45:00+00:00","close_date":"2025-01-08 19:10:00+00:00","open_rate":2.2526,"close_rate":2.3271,"fee_open":0.001,"fee_close":0.001,"trade_duration":85,"profit_ratio":0.031008811839851526,"profit_abs":2.7268917,"exit_reason":"roi","initial_stop_loss_abs":1.4665,"initial_stop_loss_ratio":-0.349,"stop_loss_abs":1.4665,"stop_loss_ratio":-0.349,"min_rate":2.25,"max_rate":2.3379,"is_open":false,"enter_tag":"","leverage":1.0,"is_short":false,"open_timestamp":1736358300000,"close_timestamp":1736363400000,"orders":[{"amount":39.0,"safe_price":2.2526,"ft_order_side":"buy","order_filled_timestamp":1736358300000,"ft_is_entry":true,"ft_order_tag":""},{"amount":39.0,"safe_price":2.3271,"ft_order_side":"sell","order_filled_timestamp":1736363400000,"ft_is_entry":false,"ft_order_tag":"roi"}]},{"pair":"RAY/USDT","stake_amount":89.7036,"max_stake_amount":89.7036,"amount":18.1,"open_date":"2025-01-08 17:45:00+00:00","close_date":"2025-01-08 19:10:00+00:00","open_rate":4.956,"close_rate":5.134,"fee_open":0.001,"fee_close":0.001,"trade_duration":85,"profit_ratio":0.03384629897947089,"profit_abs":3.039171,"exit_reason":"roi","initial_stop_loss_abs":3.227,"initial_stop_loss_ratio":-0.349,"stop_loss_abs":3.227,"stop_loss_ratio":-0.349,"min_rate":4.951,"max_rate":5.159,"is_open":false,"enter_tag":"","leverage":1.0,"is_short":false,"open_timestamp":1736358300000,"close_timestamp":1736363400000,"orders":[{"amount":18.1,"safe_price":4.956,"ft_order_side":"buy","order_filled_timestamp":1736358300000,"ft_is_entry":true,"ft_order_tag":""},{"amount":18.1,"safe_price":5.134,"ft_order_side":"sell","order_filled_timestamp":1736363400000,"ft_is_entry":false,"ft_order_tag":"roi"}]},{"pair":"RAY/USDT","stake_amount":90.761,"max_stake_amount":90.761,"amount":18.5,"open_date":"2025-01-09 08:35:00+00:00","close_date":"2025-01-09 11:20:00+00:00","open_rate":4.906,"close_rate":5.0533273273273265,"fee_open":0.001,"fee_close":0.001,"trade_duration":165,"profit_ratio":0.027972027972027972,"profit_abs":2.541308,"exit_reason":"roi","initial_stop_loss_abs":3.194,"initial_stop_loss_ratio":-0.349,"stop_loss_abs":3.194,"stop_loss_ratio":-0.349,"min_rate":4.89,"max_rate":5.055,"is_open":false,"enter_tag":"","leverage":1.0,"is_short":false,"open_timestamp":1736411700000,"close_timestamp":1736421600000,"orders":[{"amount":18.5,"safe_price":4.906,"ft_order_side":"buy","order_filled_timestamp":1736411700000,"ft_is_entry":true,"ft_order_tag":""},{"amount":18.5,"safe_price":5.0533273273273265,"ft_order_side":"sell","order_filled_timestamp":1736421600000,"ft_is_entry":false,"ft_order_tag":"roi"}]},{"pair":"XRP/USDT","stake_amount":90.2577,"max_stake_amount":90.2577,"amount":39.0,"open_date":"2025-01-09 07:40:00+00:00","close_date":"2025-01-09 15:25:00+00:00","open_rate":2.3143,"close_rate":2.3189332332332326,"fee_open":0.001,"fee_close":0.001,"trade_duration":465,"profit_ratio":0.0,"profit_abs":0.0,"exit_reason":"roi","initial_stop_loss_abs":1.5067,"initial_stop_loss_ratio":-0.349,"stop_loss_abs":1.5067,"stop_loss_ratio":-0.349,"min_rate":2.2351,"max_rate":2.3323,"is_open":false,"enter_tag":"","leverage":1.0,"is_short":false,"open_timestamp":1736408400000,"close_timestamp":1736436300000,"orders":[{"amount":39.0,"safe_price":2.3143,"ft_order_side":"buy","order_filled_timestamp":1736408400000,"ft_is_entry":true,"ft_order_tag":""},{"amount":39.0,"safe_price":2.3189332332332326,"ft_order_side":"sell","order_filled_timestamp":1736436300000,"ft_is_entry":false,"ft_order_tag":"roi"}]},{"pair":"RAY/USDT","stake_amount":90.9657,"max_stake_amount":90.9657,"amount":18.9,"open_date":"2025-01-09 13:55:00+00:00","close_date":"2025-01-09 15:30:00+00:00","open_rate":4.813,"close_rate":4.957534534534534,"fee_open":0.001,"fee_close":0.001,"trade_duration":95,"profit_ratio":0.027972027972027975,"profit_abs":2.5470396,"exit_reason":"roi","initial_stop_loss_abs":3.134,"initial_stop_loss_ratio":-0.349,"stop_loss_abs":3.134,"stop_loss_ratio":-0.349,"min_rate":4.65,"max_rate":4.994,"is_open":false,"enter_tag":"","leverage":1.0,"is_short":false,"open_timestamp":1736430900000,"close_timestamp":1736436600000,"orders":[{"amount":18.9,"safe_price":4.813,"ft_order_side":"buy","order_filled_timestamp":1736430900000,"ft_is_entry":true,"ft_order_tag":""},{"amount":18.9,"safe_price":4.957534534534534,"ft_order_side":"sell","order_filled_timestamp":1736436600000,"ft_is_entry":false,"ft_order_tag":"roi"}]},{"pair":"ENA/USDT","stake_amount":91.05792,"max_stake_amount":91.05792,"amount":103.1,"open_date":"2025-01-09 14:15:00+00:00","close_date":"2025-01-09 15:40:00+00:00","open_rate":0.8832,"close_rate":0.9282,"fee_open":0.001,"fee_close":0.001,"trade_duration":85,"profit_ratio":0.04885128458498024,"profit_abs":4.45274466,"exit_reason":"roi","initial_stop_loss_abs":0.575,"initial_stop_loss_ratio":-0.349,"stop_loss_abs":0.575,"stop_loss_ratio":-0.349,"min_rate":0.8708,"max_rate":0.9359,"is_open":false,"enter_tag":"","leverage":1.0,"is_short":false,"open_timestamp":1736432100000,"close_timestamp":1736437200000,"orders":[{"amount":103.1,"safe_price":0.8832,"ft_order_side":"buy","order_filled_timestamp":1736432100000,"ft_is_entry":true,"ft_order_tag":""},{"amount":103.1,"safe_price":0.9282,"ft_order_side":"sell","order_filled_timestamp":1736437200000,"ft_is_entry":false,"ft_order_tag":"roi"}]},{"pair":"RAY/USDT","stake_amount":91.6609,"max_stake_amount":91.6609,"amount":19.1,"open_date":"2025-01-09 20:45:00+00:00","close_date":"2025-01-09 23:55:00+00:00","open_rate":4.799,"close_rate":4.853,"fee_open":0.001,"fee_close":0.001,"trade_duration":190,"profit_ratio":0.009231860034110502,"profit_abs":0.8470468,"exit_reason":"roi","initial_stop_loss_abs":3.125,"initial_stop_loss_ratio":-0.349,"stop_loss_abs":3.125,"stop_loss_ratio":-0.349,"min_rate":4.797,"max_rate":4.894,"is_open":false,"enter_tag":"","leverage":1.0,"is_short":false,"open_timestamp":1736455500000,"close_timestamp":1736466900000,"orders":[{"amount":19.1,"safe_price":4.799,"ft_order_side":"buy","order_filled_timestamp":1736455500000,"ft_is_entry":true,"ft_order_tag":""},{"amount":19.1,"safe_price":4.853,"ft_order_side":"sell","order_filled_timestamp":1736466900000,"ft_is_entry":false,"ft_order_tag":"roi"}]},{"pair":"ENA/USDT","stake_amount":91.769176,"max_stake_amount":91.769176,"amount":101.38,"open_date":"2025-01-10 13:55:00+00:00","close_date":"2025-01-10 17:20:00+00:00","open_rate":0.9052,"close_rate":0.9070122122122122,"fee_open":0.001,"fee_close":0.001,"trade_duration":205,"profit_ratio":0.0,"profit_abs":0.0,"exit_reason":"roi","initial_stop_loss_abs":0.5893,"initial_stop_loss_ratio":-0.349,"stop_loss_abs":0.5893,"stop_loss_ratio":-0.349,"min_rate":0.8714,"max_rate":0.9319,"is_open":false,"enter_tag":"","leverage":1.0,"is_short":false,"open_timestamp":1736517300000,"close_timestamp":1736529600000,"orders":[{"amount":101.38,"safe_price":0.9052,"ft_order_side":"buy","order_filled_timestamp":1736517300000,"ft_is_entry":true,"ft_order_tag":""},{"amount":101.38,"safe_price":0.9070122122122122,"ft_order_side":"sell","order_filled_timestamp":1736529600000,"ft_is_entry":false,"ft_order_tag":"roi"}]},{"pair":"RAY/USDT","stake_amount":91.575,"max_stake_amount":91.575,"amount":19.8,"open_date":"2025-01-11 04:50:00+00:00","close_date":"2025-01-11 06:30:00+00:00","open_rate":4.625,"close_rate":4.763888888888889,"fee_open":0.001,"fee_close":0.001,"trade_duration":100,"profit_ratio":0.027972027972027972,"profit_abs":2.5641,"exit_reason":"roi","initial_stop_loss_abs":3.011,"initial_stop_loss_ratio":-0.349,"stop_loss_abs":3.011,"stop_loss_ratio":-0.349,"min_rate":4.612,"max_rate":4.785,"is_open":false,"enter_tag":"","leverage":1.0,"is_short":false,"open_timestamp":1736571000000,"close_timestamp":1736577000000,"orders":[{"amount":19.8,"safe_price":4.625,"ft_order_side":"buy","order_filled_timestamp":1736571000000,"ft_is_entry":true,"ft_order_tag":""},{"amount":19.8,"safe_price":4.763888888888889,"ft_order_side":"sell","order_filled_timestamp":1736577000000,"ft_is_entry":false,"ft_order_tag":"roi"}]},{"pair":"RAY/USDT","stake_amount":91.602,"max_stake_amount":91.602,"amount":21.0,"open_date":"2025-01-12 09:50:00+00:00","close_date":"2025-01-12 12:10:00+00:00","open_rate":4.362,"close_rate":4.492990990990991,"fee_open":0.001,"fee_close":0.001,"trade_duration":140,"profit_ratio":0.027972027972027972,"profit_abs":2.564856,"exit_reason":"roi","initial_stop_loss_abs":2.84,"initial_stop_loss_ratio":-0.349,"stop_loss_abs":2.84,"stop_loss_ratio":-0.349,"min_rate":4.35,"max_rate":4.5,"is_open":false,"enter_tag":"","leverage":1.0,"is_short":false,"open_timestamp":1736675400000,"close_timestamp":1736683800000,"orders":[{"amount":21.0,"safe_price":4.362,"ft_order_side":"buy","order_filled_timestamp":1736675400000,"ft_is_entry":true,"ft_order_tag":""},{"amount":21.0,"safe_price":4.492990990990991,"ft_order_side":"sell","order_filled_timestamp":1736683800000,"ft_is_entry":false,"ft_order_tag":"roi"}]},{"pair":"ENA/USDT","stake_amount":92.226798,"max_stake_amount":92.226798,"amount":106.02,"open_date":"2025-01-12 22:35:00+00:00","close_date":"2025-01-13 00:25:00+00:00","open_rate":0.8699,"close_rate":0.8960231231231229,"fee_open":0.001,"fee_close":0.001,"trade_duration":110,"profit_ratio":0.027972027928699957,"profit_abs":2.58235034,"exit_reason":"roi","initial_stop_loss_abs":0.5664,"initial_stop_loss_ratio":-0.349,"stop_loss_abs":0.5664,"stop_loss_ratio":-0.349,"min_rate":0.8695,"max_rate":0.9,"is_open":false,"enter_tag":"","leverage":1.0,"is_short":false,"open_timestamp":1736721300000,"close_timestamp":1736727900000,"orders":[{"amount":106.02,"safe_price":0.8699,"ft_order_side":"buy","order_filled_timestamp":1736721300000,"ft_is_entry":true,"ft_order_tag":""},{"amount":106.02,"safe_price":0.8960231231231229,"ft_order_side":"sell","order_filled_timestamp":1736727900000,"ft_is_entry":false,"ft_order_tag":"roi"}]},{"pair":"RAY/USDT","stake_amount":91.8918,"max_stake_amount":91.8918,"amount":19.8,"open_date":"2025-01-12 22:40:00+00:00","close_date":"2025-01-13 00:35:00+00:00","open_rate":4.641,"close_rate":4.780369369369368,"fee_open":0.001,"fee_close":0.001,"trade_duration":115,"profit_ratio":0.027972027972027972,"profit_abs":2.5729704,"exit_reason":"roi","initial_stop_loss_abs":3.022,"initial_stop_loss_ratio":-0.349,"stop_loss_abs":3.022,"stop_loss_ratio":-0.349,"min_rate":4.605,"max_rate":4.782,"is_open":false,"enter_tag":"","leverage":1.0,"is_short":false,"open_timestamp":1736721600000,"close_timestamp":1736728500000,"orders":[{"amount":19.8,"safe_price":4.641,"ft_order_side":"buy","order_filled_timestamp":1736721600000,"ft_is_entry":true,"ft_order_tag":""},{"amount":19.8,"safe_price":4.780369369369368,"ft_order_side":"sell","order_filled_timestamp":1736728500000,"ft_is_entry":false,"ft_order_tag":"roi"}]},{"pair":"XRP/USDT","stake_amount":89.9424,"max_stake_amount":89.9424,"amount":36.0,"open_date":"2025-01-12 22:30:00+00:00","close_date":"2025-01-13 01:40:00+00:00","open_rate":2.4984,"close_rate":2.5332,"fee_open":0.001,"fee_close":0.001,"trade_duration":190,"profit_ratio":0.011903082508269826,"profit_abs":1.0716624,"exit_reason":"roi","initial_stop_loss_abs":1.6265,"initial_stop_loss_ratio":-0.349,"stop_loss_abs":1.6265,"stop_loss_ratio":-0.349,"min_rate":2.4847,"max_rate":2.5634,"is_open":false,"enter_tag":"","leverage":1.0,"is_short":false,"open_timestamp":1736721000000,"close_timestamp":1736732400000,"orders":[{"amount":36.0,"safe_price":2.4984,"ft_order_side":"buy","order_filled_timestamp":1736721000000,"ft_is_entry":true,"ft_order_tag":""},{"amount":36.0,"safe_price":2.5332,"ft_order_side":"sell","order_filled_timestamp":1736732400000,"ft_is_entry":false,"ft_order_tag":"roi"}]},{"pair":"XRP/USDT","stake_amount":91.0755,"max_stake_amount":91.0755,"amount":37.0,"open_date":"2025-01-13 07:15:00+00:00","close_date":"2025-01-13 15:05:00+00:00","open_rate":2.4615,"close_rate":2.4664279279279278,"fee_open":0.001,"fee_close":0.001,"trade_duration":470,"profit_ratio":0.0,"profit_abs":0.0,"exit_reason":"roi","initial_stop_loss_abs":1.6025,"initial_stop_loss_ratio":-0.349,"stop_loss_abs":1.6025,"stop_loss_ratio":-0.349,"min_rate":2.3297,"max_rate":2.4767,"is_open":false,"enter_tag":"","leverage":1.0,"is_short":false,"open_timestamp":1736752500000,"close_timestamp":1736780700000,"orders":[{"amount":37.0,"safe_price":2.4615,"ft_order_side":"buy","order_filled_timestamp":1736752500000,"ft_is_entry":true,"ft_order_tag":""},{"amount":37.0,"safe_price":2.4664279279279278,"ft_order_side":"sell","order_filled_timestamp":1736780700000,"ft_is_entry":false,"ft_order_tag":"roi"}]},{"pair":"RAY/USDT","stake_amount":92.75,"max_stake_amount":92.75,"amount":21.2,"open_date":"2025-01-13 12:10:00+00:00","close_date":"2025-01-13 15:20:00+00:00","open_rate":4.375,"close_rate":4.448,"fee_open":0.001,"fee_close":0.001,"trade_duration":190,"profit_ratio":0.01465437419723134,"profit_abs":1.3605524,"exit_reason":"roi","initial_stop_loss_abs":2.849,"initial_stop_loss_ratio":-0.349,"stop_loss_abs":2.849,"stop_loss_ratio":-0.349,"min_rate":4.141,"max_rate":4.535,"is_open":false,"enter_tag":"","leverage":1.0,"is_short":false,"open_timestamp":1736770200000,"close_timestamp":1736781600000,"orders":[{"amount":21.2,"safe_price":4.375,"ft_order_side":"buy","order_filled_timestamp":1736770200000,"ft_is_entry":true,"ft_order_tag":""},{"amount":21.2,"safe_price":4.448,"ft_order_side":"sell","order_filled_timestamp":1736781600000,"ft_is_entry":false,"ft_order_tag":"roi"}]},{"pair":"ENA/USDT","stake_amount":92.911665,"max_stake_amount":92.911665,"amount":124.63,"open_date":"2025-01-13 18:40:00+00:00","close_date":"2025-01-13 20:20:00+00:00","open_rate":0.7455,"close_rate":0.7678873873873874,"fee_open":0.001,"fee_close":0.001,"trade_duration":100,"profit_ratio":0.027972027972027972,"profit_abs":2.60152662,"exit_reason":"roi","initial_stop_loss_abs":0.4854,"initial_stop_loss_ratio":-0.349,"stop_loss_abs":0.4854,"stop_loss_ratio":-0.349,"min_rate":0.7362,"max_rate":0.772,"is_open":false,"enter_tag":"","leverage":1.0,"is_short":false,"open_timestamp":1736793600000,"close_timestamp":1736799600000,"orders":[{"amount":124.63,"safe_price":0.7455,"ft_order_side":"buy","order_filled_timestamp":1736793600000,"ft_is_entry":true,"ft_order_tag":""},{"amount":124.63,"safe_price":0.7678873873873874,"ft_order_side":"sell","order_filled_timestamp":1736799600000,"ft_is_entry":false,"ft_order_tag":"roi"}]},{"pair":"RAY/USDT","stake_amount":92.7757,"max_stake_amount":92.7757,"amount":17.9,"open_date":"2025-01-15 10:05:00+00:00","close_date":"2025-01-15 13:25:00+00:00","open_rate":5.183,"close_rate":5.193376376376376,"fee_open":0.001,"fee_close":0.001,"trade_duration":200,"profit_ratio":0.0,"profit_abs":0.0,"exit_reason":"roi","initial_stop_loss_abs":3.375,"initial_stop_loss_ratio":-0.349,"stop_loss_abs":3.375,"stop_loss_ratio":-0.349,"min_rate":5.097,"max_rate":5.26,"is_open":false,"enter_tag":"","leverage":1.0,"is_short":false,"open_timestamp":1736935500000,"close_timestamp":1736947500000,"orders":[{"amount":17.9,"safe_price":5.183,"ft_order_side":"buy","order_filled_timestamp":1736935500000,"ft_is_entry":true,"ft_order_tag":""},{"amount":17.9,"safe_price":5.193376376376376,"ft_order_side":"sell","order_filled_timestamp":1736947500000,"ft_is_entry":false,"ft_order_tag":"roi"}]},{"pair":"BTC/USDT","stake_amount":89.2256183,"max_stake_amount":89.2256183,"amount":0.00091,"open_date":"2025-01-07 15:55:00+00:00","close_date":"2025-01-15 13:30:00+00:00","open_rate":98050.13,"close_rate":98246.42655655654,"fee_open":0.001,"fee_close":0.001,"trade_duration":11375,"profit_ratio":0.0,"profit_abs":0.0,"exit_reason":"roi","initial_stop_loss_abs":63830.64,"initial_stop_loss_ratio":-0.349,"stop_loss_abs":63830.64,"stop_loss_ratio":-0.349,"min_rate":89256.69,"max_rate":98692.04,"is_open":false,"enter_tag":"","leverage":1.0,"is_short":false,"open_timestamp":1736265300000,"close_timestamp":1736947800000,"orders":[{"amount":0.00091,"safe_price":98050.13,"ft_order_side":"buy","order_filled_timestamp":1736265300000,"ft_is_entry":true,"ft_order_tag":""},{"amount":0.00091,"safe_price":98246.42655655654,"ft_order_side":"sell","order_filled_timestamp":1736947800000,"ft_is_entry":false,"ft_order_tag":"roi"}]},{"pair":"ENA/USDT","stake_amount":93.144433,"max_stake_amount":93.144433,"amount":118.61,"open_date":"2025-01-15 10:05:00+00:00","close_date":"2025-01-15 13:30:00+00:00","open_rate":0.7853,"close_rate":0.7868721721721721,"fee_open":0.001,"fee_close":0.001,"trade_duration":205,"profit_ratio":0.0,"profit_abs":0.0,"exit_reason":"roi","initial_stop_loss_abs":0.5113,"initial_stop_loss_ratio":-0.349,"stop_loss_abs":0.5113,"stop_loss_ratio":-0.349,"min_rate":0.7748,"max_rate":0.8402,"is_open":false,"enter_tag":"","leverage":1.0,"is_short":false,"open_timestamp":1736935500000,"close_timestamp":1736947800000,"orders":[{"amount":118.61,"safe_price":0.7853,"ft_order_side":"buy","order_filled_timestamp":1736935500000,"ft_is_entry":true,"ft_order_tag":""},{"amount":118.61,"safe_price":0.7868721721721721,"ft_order_side":"sell","order_filled_timestamp":1736947800000,"ft_is_entry":false,"ft_order_tag":"roi"}]},{"pair":"LTC/USDT","stake_amount":89.91594,"max_stake_amount":89.91594,"amount":0.807,"open_date":"2025-01-07 11:55:00+00:00","close_date":"2025-01-15 22:50:00+00:00","open_rate":111.42,"close_rate":111.64306306306304,"fee_open":0.001,"fee_close":0.001,"trade_duration":12175,"profit_ratio":0.0,"profit_abs":0.0,"exit_reason":"roi","initial_stop_loss_abs":72.54,"initial_stop_loss_ratio":-0.349,"stop_loss_abs":72.54,"stop_loss_ratio":-0.349,"min_rate":92.57,"max_rate":112.65,"is_open":false,"enter_tag":"","leverage":1.0,"is_short":false,"open_timestamp":1736250900000,"close_timestamp":1736981400000,"orders":[{"amount":0.807,"safe_price":111.42,"ft_order_side":"buy","order_filled_timestamp":1736250900000,"ft_is_entry":true,"ft_order_tag":""},{"amount":0.807,"safe_price":111.64306306306304,"ft_order_side":"sell","order_filled_timestamp":1736981400000,"ft_is_entry":false,"ft_order_tag":"roi"}]},{"pair":"RAY/USDT","stake_amount":93.0216,"max_stake_amount":93.0216,"amount":16.8,"open_date":"2025-01-16 03:50:00+00:00","close_date":"2025-01-16 07:00:00+00:00","open_rate":5.537,"close_rate":5.567,"fee_open":0.001,"fee_close":0.001,"trade_duration":190,"profit_ratio":0.0034092690765979545,"profit_abs":0.3174528,"exit_reason":"roi","initial_stop_loss_abs":3.605,"initial_stop_loss_ratio":-0.349,"stop_loss_abs":3.605,"stop_loss_ratio":-0.349,"min_rate":5.529,"max_rate":5.62,"is_open":false,"enter_tag":"","leverage":1.0,"is_short":false,"open_timestamp":1736999400000,"close_timestamp":1737010800000,"orders":[{"amount":16.8,"safe_price":5.537,"ft_order_side":"buy","order_filled_timestamp":1736999400000,"ft_is_entry":true,"ft_order_tag":""},{"amount":16.8,"safe_price":5.567,"ft_order_side":"sell","order_filled_timestamp":1737010800000,"ft_is_entry":false,"ft_order_tag":"roi"}]},{"pair":"ENA/USDT","stake_amount":93.17448,"max_stake_amount":93.17448,"amount":105.64,"open_date":"2025-01-16 09:15:00+00:00","close_date":"2025-01-16 12:00:00+00:00","open_rate":0.882,"close_rate":0.9084864864864864,"fee_open":0.001,"fee_close":0.001,"trade_duration":165,"profit_ratio":0.02797202797202797,"profit_abs":2.60888544,"exit_reason":"roi","initial_stop_loss_abs":0.5742,"initial_stop_loss_ratio":-0.349,"stop_loss_abs":0.5742,"stop_loss_ratio":-0.349,"min_rate":0.8766,"max_rate":0.9181,"is_open":false,"enter_tag":"","leverage":1.0,"is_short":false,"open_timestamp":1737018900000,"close_timestamp":1737028800000,"orders":[{"amount":105.64,"safe_price":0.882,"ft_order_side":"buy","order_filled_timestamp":1737018900000,"ft_is_entry":true,"ft_order_tag":""},{"amount":105.64,"safe_price":0.9084864864864864,"ft_order_side":"sell","order_filled_timestamp":1737028800000,"ft_is_entry":false,"ft_order_tag":"roi"}]},{"pair":"BTC/USDT","stake_amount":93.0184614,"max_stake_amount":93.0184614,"amount":0.00094,"open_date":"2025-01-16 09:00:00+00:00","close_date":"2025-01-16 12:10:00+00:00","open_rate":98955.81,"close_rate":99153.9197297297,"fee_open":0.001,"fee_close":0.001,"trade_duration":190,"profit_ratio":0.0,"profit_abs":0.0,"exit_reason":"roi","initial_stop_loss_abs":64420.24,"initial_stop_loss_ratio":-0.349,"stop_loss_abs":64420.24,"stop_loss_ratio":-0.349,"min_rate":98649.41,"max_rate":99405.74,"is_open":false,"enter_tag":"","leverage":1.0,"is_short":false,"open_timestamp":1737018000000,"close_timestamp":1737029400000,"orders":[{"amount":0.00094,"safe_price":98955.81,"ft_order_side":"buy","order_filled_timestamp":1737018000000,"ft_is_entry":true,"ft_order_tag":""},{"amount":0.00094,"safe_price":99153.9197297297,"ft_order_side":"sell","order_filled_timestamp":1737029400000,"ft_is_entry":false,"ft_order_tag":"roi"}]},{"pair":"ETH/USDT","stake_amount":89.927649,"max_stake_amount":89.927649,"amount":0.0259,"open_date":"2025-01-07 16:15:00+00:00","close_date":"2025-01-17 20:25:00+00:00","open_rate":3472.11,"close_rate":3479.061171171171,"fee_open":0.001,"fee_close":0.001,"trade_duration":14650,"profit_ratio":0.0,"profit_abs":0.0,"exit_reason":"roi","initial_stop_loss_abs":2260.35,"initial_stop_loss_ratio":-0.349,"stop_loss_abs":2260.35,"stop_loss_ratio":-0.349,"min_rate":2920.0,"max_rate":3494.0,"is_open":false,"enter_tag":"","leverage":1.0,"is_short":false,"open_timestamp":1736266500000,"close_timestamp":1737145500000,"orders":[{"amount":0.0259,"safe_price":3472.11,"ft_order_side":"buy","order_filled_timestamp":1736266500000,"ft_is_entry":true,"ft_order_tag":""},{"amount":0.0259,"safe_price":3479.061171171171,"ft_order_side":"sell","order_filled_timestamp":1737145500000,"ft_is_entry":false,"ft_order_tag":"roi"}]},{"pair":"RAY/USDT","stake_amount":92.9131,"max_stake_amount":92.9131,"amount":16.1,"open_date":"2025-01-17 18:20:00+00:00","close_date":"2025-01-17 20:50:00+00:00","open_rate":5.771,"close_rate":5.944303303303302,"fee_open":0.001,"fee_close":0.001,"trade_duration":150,"profit_ratio":0.027972027972027972,"profit_abs":2.6015668,"exit_reason":"roi","initial_stop_loss_abs":3.757,"initial_stop_loss_ratio":-0.349,"stop_loss_abs":3.757,"stop_loss_ratio":-0.349,"min_rate":5.758,"max_rate":5.992,"is_open":false,"enter_tag":"","leverage":1.0,"is_short":false,"open_timestamp":1737138000000,"close_timestamp":1737147000000,"orders":[{"amount":16.1,"safe_price":5.771,"ft_order_side":"buy","order_filled_timestamp":1737138000000,"ft_is_entry":true,"ft_order_tag":""},{"amount":16.1,"safe_price":5.944303303303302,"ft_order_side":"sell","order_filled_timestamp":1737147000000,"ft_is_entry":false,"ft_order_tag":"roi"}]},{"pair":"ENA/USDT","stake_amount":93.640512,"max_stake_amount":93.640512,"amount":101.08,"open_date":"2025-01-18 03:50:00+00:00","close_date":"2025-01-18 11:40:00+00:00","open_rate":0.9264,"close_rate":0.9282546546546545,"fee_open":0.001,"fee_close":0.001,"trade_duration":470,"profit_ratio":0.0,"profit_abs":0.0,"exit_reason":"roi","initial_stop_loss_abs":0.6031,"initial_stop_loss_ratio":-0.349,"stop_loss_abs":0.6031,"stop_loss_ratio":-0.349,"min_rate":0.8588,"max_rate":0.9295,"is_open":false,"enter_tag":"","leverage":1.0,"is_short":false,"open_timestamp":1737172200000,"close_timestamp":1737200400000,"orders":[{"amount":101.08,"safe_price":0.9264,"ft_order_side":"buy","order_filled_timestamp":1737172200000,"ft_is_entry":true,"ft_order_tag":""},{"amount":101.08,"safe_price":0.9282546546546545,"ft_order_side":"sell","order_filled_timestamp":1737200400000,"ft_is_entry":false,"ft_order_tag":"roi"}]},{"pair":"LTC/USDT","stake_amount":93.59235,"max_stake_amount":93.59235,"amount":0.723,"open_date":"2025-01-18 04:40:00+00:00","close_date":"2025-01-18 13:40:00+00:00","open_rate":129.45,"close_rate":129.70915915915913,"fee_open":0.001,"fee_close":0.001,"trade_duration":540,"profit_ratio":0.0,"profit_abs":0.0,"exit_reason":"roi","initial_stop_loss_abs":84.28,"initial_stop_loss_ratio":-0.349,"stop_loss_abs":84.28,"stop_loss_ratio":-0.349,"min_rate":123.52,"max_rate":129.79,"is_open":false,"enter_tag":"","leverage":1.0,"is_short":false,"open_timestamp":1737175200000,"close_timestamp":1737207600000,"orders":[{"amount":0.723,"safe_price":129.45,"ft_order_side":"buy","order_filled_timestamp":1737175200000,"ft_is_entry":true,"ft_order_tag":""},{"amount":0.723,"safe_price":129.70915915915913,"ft_order_side":"sell","order_filled_timestamp":1737207600000,"ft_is_entry":false,"ft_order_tag":"roi"}]},{"pair":"LTC/USDT","stake_amount":93.59316,"max_stake_amount":93.59316,"amount":0.746,"open_date":"2025-01-18 16:25:00+00:00","close_date":"2025-01-18 19:45:00+00:00","open_rate":125.46,"close_rate":125.71117117117116,"fee_open":0.001,"fee_close":0.001,"trade_duration":200,"profit_ratio":0.0,"profit_abs":0.0,"exit_reason":"roi","initial_stop_loss_abs":81.68,"initial_stop_loss_ratio":-0.349,"stop_loss_abs":81.68,"stop_loss_ratio":-0.349,"min_rate":123.58,"max_rate":125.9,"is_open":false,"enter_tag":"","leverage":1.0,"is_short":false,"open_timestamp":1737217500000,"close_timestamp":1737229500000,"orders":[{"amount":0.746,"safe_price":125.46,"ft_order_side":"buy","order_filled_timestamp":1737217500000,"ft_is_entry":true,"ft_order_tag":""},{"amount":0.746,"safe_price":125.71117117117116,"ft_order_side":"sell","order_filled_timestamp":1737229500000,"ft_is_entry":false,"ft_order_tag":"roi"}]},{"pair":"ETH/USDT","stake_amount":93.43487,"max_stake_amount":93.43487,"amount":0.0277,"open_date":"2025-01-18 04:35:00+00:00","close_date":"2025-01-19 02:30:00+00:00","open_rate":3373.1,"close_rate":3357.0,"fee_open":0.001,"fee_close":0.001,"trade_duration":1315,"profit_ratio":-0.006761522844651124,"profit_abs":-0.63239377,"exit_reason":"force_exit","initial_stop_loss_abs":2195.89,"initial_stop_loss_ratio":-0.349,"stop_loss_abs":2195.89,"stop_loss_ratio":-0.349,"min_rate":3227.0,"max_rate":3378.29,"is_open":false,"enter_tag":"","leverage":1.0,"is_short":false,"open_timestamp":1737174900000,"close_timestamp":1737253800000,"orders":[{"amount":0.0277,"safe_price":3373.1,"ft_order_side":"buy","order_filled_timestamp":1737174900000,"ft_is_entry":true,"ft_order_tag":""},{"amount":0.0277,"safe_price":3357.0,"ft_order_side":"sell","order_filled_timestamp":1737253800000,"ft_is_entry":false,"ft_order_tag":"force_exit"}]}],"locks":[],"best_pair":{"key":"RAY/USDT","trades":12,"profit_mean":0.019081164176631544,"profit_mean_pct":1.91,"profit_sum":0.2289739701195785,"profit_sum_pct":22.9,"profit_total_abs":20.956063800000003,"profit_total":0.020956063800000004,"profit_total_pct":2.1,"duration_avg":"2:45:00","wins":10,"draws":2,"losses":0,"winrate":0.8333333333333334},"worst_pair":{"key":"ETH/USDT","trades":2,"profit_mean":-0.003380761422325562,"profit_mean_pct":-0.34,"profit_sum":-0.006761522844651124,"profit_sum_pct":-0.68,"profit_total_abs":-0.63239377,"profit_total":-0.0006323937699999999,"profit_total_pct":-0.06,"duration_avg":"5 days, 13:02:00","wins":0,"draws":1,"losses":1,"winrate":0.0},"results_per_pair":[{"key":"RAY/USDT","trades":12,"profit_mean":0.019081164176631544,"profit_mean_pct":1.91,"profit_sum":0.2289739701195785,"profit_sum_pct":22.9,"profit_total_abs":20.956063800000003,"profit_total":0.020956063800000004,"profit_total_pct":2.1,"duration_avg":"2:45:00","wins":10,"draws":2,"losses":0,"winrate":0.8333333333333334},{"key":"ENA/USDT","trades":10,"profit_mean":0.01695842707516899,"profit_mean_pct":1.7,"profit_sum":0.16958427075168991,"profit_sum_pct":16.96,"profit_total_abs":15.56301922,"profit_total":0.01556301922,"profit_total_pct":1.56,"duration_avg":"3:02:00","wins":6,"draws":4,"losses":0,"winrate":0.6},{"key":"XRP/USDT","trades":6,"profit_mean":0.007151982391353558,"profit_mean_pct":0.72,"profit_sum":0.04291189434812135,"profit_sum_pct":4.29,"profit_total_abs":3.7985540999999996,"profit_total":0.0037985540999999996,"profit_total_pct":0.38,"duration_avg":"5:32:00","wins":2,"draws":4,"losses":0,"winrate":0.3333333333333333},{"key":"LTC/USDT","trades":5,"profit_mean":0.00042601046107924986,"profit_mean_pct":0.04,"profit_sum":0.0021300523053962494,"profit_sum_pct":0.21,"profit_total_abs":0.19183008,"profit_total":0.00019183008,"profit_total_pct":0.02,"duration_avg":"1 day, 21:43:00","wins":1,"draws":4,"losses":0,"winrate":0.2},{"key":"BTC/USDT","trades":3,"profit_mean":0.0,"profit_mean_pct":0.0,"profit_sum":0.0,"profit_sum_pct":0.0,"profit_total_abs":0.0,"profit_total":0.0,"profit_total_pct":0.0,"duration_avg":"2 days, 18:32:00","wins":0,"draws":3,"losses":0,"winrate":0.0},{"key":"ETH/USDT","trades":2,"profit_mean":-0.003380761422325562,"profit_mean_pct":-0.34,"profit_sum":-0.006761522844651124,"profit_sum_pct":-0.68,"profit_total_abs":-0.63239377,"profit_total":-0.0006323937699999999,"profit_total_pct":-0.06,"duration_avg":"5 days, 13:02:00","wins":0,"draws":1,"losses":1,"winrate":0.0},{"key":"TOTAL","trades":38,"profit_mean":0.011495754333687762,"profit_mean_pct":1.15,"profit_sum":0.43683866468013494,"profit_sum_pct":43.68,"profit_total_abs":39.87707343,"profit_total":0.03987707343,"profit_total_pct":3.99,"duration_avg":"20:49:00","wins":19,"draws":18,"losses":1,"winrate":0.5}],"results_per_enter_tag":[{"key":"","trades":38,"profit_mean":0.011495754333687762,"profit_mean_pct":1.15,"profit_sum":0.43683866468013494,"profit_sum_pct":43.68,"profit_total_abs":39.87707343,"profit_total":0.03987707343,"profit_total_pct":3.99,"duration_avg":"20:49:00","wins":19,"draws":18,"losses":1,"winrate":0.5},{"key":"TOTAL","trades":38,"profit_mean":0.011495754333687762,"profit_mean_pct":1.15,"profit_sum":0.43683866468013494,"profit_sum_pct":43.68,"profit_total_abs":39.87707343,"profit_total":0.03987707343,"profit_total_pct":3.99,"duration_avg":"20:49:00","wins":19,"draws":18,"losses":1,"winrate":0.5}],"exit_reason_summary":[{"key":"roi","trades":37,"profit_mean":0.011989194257426651,"profit_mean_pct":1.2,"profit_sum":0.4436001875247861,"profit_sum_pct":44.36,"profit_total_abs":40.5094672,"profit_total":0.0405094672,"profit_total_pct":4.05,"duration_avg":"20:47:00","wins":19,"draws":18,"losses":0,"winrate":0.5135135135135135},{"key":"force_exit","trades":1,"profit_mean":-0.006761522844651124,"profit_mean_pct":-0.68,"profit_sum":-0.006761522844651124,"profit_sum_pct":-0.68,"profit_total_abs":-0.63239377,"profit_total":-0.0006323937699999999,"profit_total_pct":-0.06,"duration_avg":"21:55:00","wins":0,"draws":0,"losses":1,"winrate":0.0},{"key":"TOTAL","trades":38,"profit_mean":0.011495754333687762,"profit_mean_pct":1.15,"profit_sum":0.43683866468013494,"profit_sum_pct":43.68,"profit_total_abs":39.87707343,"profit_total":0.03987707343,"profit_total_pct":3.99,"duration_avg":"20:49:00","wins":19,"draws":18,"losses":1,"winrate":0.5}],"mix_tag_stats":[{"key":["","roi"],"trades":37,"profit_mean":0.011989194257426651,"profit_mean_pct":1.2,"profit_sum":0.4436001875247861,"profit_sum_pct":44.36,"profit_total_abs":40.5094672,"profit_total":0.0405094672,"profit_total_pct":4.05,"duration_avg":"20:47:00","wins":19,"draws":18,"losses":0,"winrate":0.5135135135135135},{"key":["","force_exit"],"trades":1,"profit_mean":-0.006761522844651124,"profit_mean_pct":-0.68,"profit_sum":-0.006761522844651124,"profit_sum_pct":-0.68,"profit_total_abs":-0.63239377,"profit_total":-0.0006323937699999999,"profit_total_pct":-0.06,"duration_avg":"21:55:00","wins":0,"draws":0,"losses":1,"winrate":0.0},{"key":"TOTAL","trades":38,"profit_mean":0.011495754333687762,"profit_mean_pct":1.15,"profit_sum":0.43683866468013494,"profit_sum_pct":43.68,"profit_total_abs":39.87707343,"profit_total":0.03987707343,"profit_total_pct":3.99,"duration_avg":"20:49:00","wins":19,"draws":18,"losses":1,"winrate":0.5}],"left_open_trades":[{"key":"ETH/USDT","trades":1,"profit_mean":-0.006761522844651124,"profit_mean_pct":-0.68,"profit_sum":-0.006761522844651124,"profit_sum_pct":-0.68,"profit_total_abs":-0.63239377,"profit_total":-0.0006323937699999999,"profit_total_pct":-0.06,"duration_avg":"21:55:00","wins":0,"draws":0,"losses":1,"winrate":0.0},{"key":"TOTAL","trades":1,"profit_mean":-0.006761522844651124,"profit_mean_pct":-0.68,"profit_sum":-0.006761522844651124,"profit_sum_pct":-0.68,"profit_total_abs":-0.63239377,"profit_total":-0.0006323937699999999,"profit_total_pct":-0.06,"duration_avg":"21:55:00","wins":0,"draws":0,"losses":1,"winrate":0.0}],"total_trades":38,"trade_count_long":38,"trade_count_short":0,"total_volume":3465.9585347,"avg_stake_amount":91.20943512368422,"profit_mean":0.011495754333687762,"profit_median":0.00010847026382431135,"profit_total":0.03987707343,"profit_total_long":0.03987707343,"profit_total_short":0.0,"profit_total_abs":39.87707343,"profit_total_long_abs":39.87707343,"profit_total_short_abs":0.0,"cagr":1.58957650354041,"expectancy":1.0493966692105263,"expectancy_ratio":1.1857196593292114,"sortino":-100,"sharpe":37.552112455907974,"calmar":8356.740270493961,"profit_factor":64.05734705451003,"backtest_start":"2025-01-03 05:05:00","backtest_start_ts":1735880700000,"backtest_end":"2025-01-19 02:30:00","backtest_end_ts":1737253800000,"backtest_days":15,"backtest_run_start_ts":1737254450,"backtest_run_end_ts":1737254453,"trades_per_day":2.53,"market_change":0.18465268270019994,"pairlist":["BTC/USDT","ENA/USDT","XRP/USDT","RAY/USDT","ETH/USDT","LTC/USDT"],"stake_amount":"unlimited","stake_currency":"USDT","stake_currency_decimals":3,"starting_balance":1000,"dry_run_wallet":1000,"final_balance":1039.87707343,"rejected_signals":0,"timedout_entry_orders":0,"timedout_exit_orders":0,"canceled_trade_entries":0,"canceled_entry_orders":0,"replaced_entry_orders":0,"max_open_trades":6,"max_open_trades_setting":10,"timeframe":"5m","timeframe_detail":"","timerange":"20240101-","enable_protections":false,"strategy_name":"ReinforcementLearner_multiproc","stoploss":-0.349,"trailing_stop":false,"trailing_stop_positive":null,"trailing_stop_positive_offset":0.0,"trailing_only_offset_is_reached":false,"use_custom_stoploss":false,"minimal_roi":{"0":0.259,"40":0.084,"85":0.028,"187":0},"use_exit_signal":true,"exit_profit_only":false,"exit_profit_offset":0.0,"ignore_roi_if_entry_signal":false,"trading_mode":"spot","margin_mode":"","periodic_breakdown":{"day":[{"date":"04/01/2025","date_ts":1735948800000,"profit_abs":0.0,"wins":0,"draws":3,"loses":0,"winrate":0.0},{"date":"05/01/2025","date_ts":1736035200000,"profit_abs":0.19183008,"wins":1,"draws":1,"loses":0,"winrate":0.5},{"date":"06/01/2025","date_ts":1736121600000,"profit_abs":0.0,"wins":0,"draws":1,"loses":0,"winrate":0.0},{"date":"07/01/2025","date_ts":1736208000000,"profit_abs":0.01954555,"wins":1,"draws":0,"loses":0,"winrate":1.0},{"date":"08/01/2025","date_ts":1736294400000,"profit_abs":9.06402931,"wins":3,"draws":1,"loses":0,"winrate":0.75},{"date":"09/01/2025","date_ts":1736380800000,"profit_abs":10.38813906,"wins":4,"draws":1,"loses":0,"winrate":0.8},{"date":"10/01/2025","date_ts":1736467200000,"profit_abs":0.0,"wins":0,"draws":1,"loses":0,"winrate":0.0},{"date":"11/01/2025","date_ts":1736553600000,"profit_abs":2.5641,"wins":1,"draws":0,"loses":0,"winrate":1.0},{"date":"12/01/2025","date_ts":1736640000000,"profit_abs":2.564856,"wins":1,"draws":0,"loses":0,"winrate":1.0},{"date":"13/01/2025","date_ts":1736726400000,"profit_abs":10.18906216,"wins":5,"draws":1,"loses":0,"winrate":0.8333333333333334},{"date":"14/01/2025","date_ts":1736812800000,"profit_abs":0.0,"wins":0,"draws":0,"loses":0,"winrate":0.0},{"date":"15/01/2025","date_ts":1736899200000,"profit_abs":0.0,"wins":0,"draws":4,"loses":0,"winrate":0.0},{"date":"16/01/2025","date_ts":1736985600000,"profit_abs":2.92633824,"wins":2,"draws":1,"loses":0,"winrate":0.6666666666666666},{"date":"17/01/2025","date_ts":1737072000000,"profit_abs":2.6015668,"wins":1,"draws":1,"loses":0,"winrate":0.5},{"date":"18/01/2025","date_ts":1737158400000,"profit_abs":0.0,"wins":0,"draws":3,"loses":0,"winrate":0.0},{"date":"19/01/2025","date_ts":1737244800000,"profit_abs":-0.63239377,"wins":0,"draws":0,"loses":1,"winrate":0.0}],"week":[{"date":"06/01/2025","date_ts":1736121600000,"profit_abs":0.19183008,"wins":1,"draws":5,"loses":0,"winrate":0.16666666666666666},{"date":"13/01/2025","date_ts":1736726400000,"profit_abs":34.78973208,"wins":15,"draws":4,"loses":0,"winrate":0.7894736842105263},{"date":"20/01/2025","date_ts":1737331200000,"profit_abs":4.89551127,"wins":3,"draws":9,"loses":1,"winrate":0.23076923076923078}],"month":[{"date":"31/01/2025","date_ts":1738281600000,"profit_abs":39.87707343,"wins":19,"draws":18,"loses":1,"winrate":0.5}]},"backtest_best_day":0.11402720056314669,"backtest_worst_day":-0.006761522844651124,"backtest_best_day_abs":10.38813906,"backtest_worst_day_abs":-0.63239377,"winning_days":9,"draw_days":6,"losing_days":1,"daily_profit":[["2025-01-04",0.0],["2025-01-05",0.19183008],["2025-01-06",0.0],["2025-01-07",0.01954555],["2025-01-08",9.06402931],["2025-01-09",10.38813906],["2025-01-10",0.0],["2025-01-11",2.5641],["2025-01-12",2.564856],["2025-01-13",10.18906216],["2025-01-14",0.0],["2025-01-15",0.0],["2025-01-16",2.92633824],["2025-01-17",2.6015668],["2025-01-18",0.0],["2025-01-19",-0.63239377]],"wins":19,"losses":1,"draws":18,"winrate":0.5,"holding_avg":"20:49:00","holding_avg_s":74940.0,"winner_holding_avg":"2:18:00","winner_holding_avg_s":8280.0,"loser_holding_avg":"21:55:00","loser_holding_avg_s":78900.0,"max_consecutive_wins":5,"max_consecutive_losses":4,"max_drawdown_account":0.0006077732014314803,"max_relative_drawdown":0.0006077732014314803,"max_drawdown_abs":0.6323937700000002,"drawdown_start":"2025-01-17 20:50:00","drawdown_start_ts":1737147000000.0,"drawdown_end":"2025-01-19 02:30:00","drawdown_end_ts":1737253800000.0,"max_drawdown_low":39.87707343,"max_drawdown_high":40.5094672,"csum_min":1000.0,"csum_max":1040.5094672}},"strategy_comparison":[{"key":"ReinforcementLearner_multiproc","trades":38,"profit_mean":0.011495754333687762,"profit_mean_pct":1.15,"profit_sum":0.43683866468013494,"profit_sum_pct":43.68,"profit_total_abs":39.87707343,"profit_total":0.03987707343,"profit_total_pct":3.99,"duration_avg":"20:49:00","wins":19,"draws":18,"losses":1,"winrate":0.5,"max_drawdown_account":0.0006077732014314803,"max_drawdown_abs":"0.632"}]}