{"strategy":{"d":{"trades":[],"locks":[],"best_pair":{"key":"LTC/USDT","trades":0,"profit_mean":0.0,"profit_mean_pct":0.0,"profit_sum":0,"profit_sum_pct":0.0,"profit_total_abs":0,"profit_total":0.0,"profit_total_pct":0.0,"duration_avg":"0:00","wins":0,"draws":0,"losses":0,"winrate":0.0},"worst_pair":{"key":"LTC/USDT","trades":0,"profit_mean":0.0,"profit_mean_pct":0.0,"profit_sum":0,"profit_sum_pct":0.0,"profit_total_abs":0,"profit_total":0.0,"profit_total_pct":0.0,"duration_avg":"0:00","wins":0,"draws":0,"losses":0,"winrate":0.0},"results_per_pair":[{"key":"LTC/USDT","trades":0,"profit_mean":0.0,"profit_mean_pct":0.0,"profit_sum":0,"profit_sum_pct":0.0,"profit_total_abs":0,"profit_total":0.0,"profit_total_pct":0.0,"duration_avg":"0:00","wins":0,"draws":0,"losses":0,"winrate":0.0},{"key":"ACX/USDT","trades":0,"profit_mean":0.0,"profit_mean_pct":0.0,"profit_sum":0,"profit_sum_pct":0.0,"profit_total_abs":0,"profit_total":0.0,"profit_total_pct":0.0,"duration_avg":"0:00","wins":0,"draws":0,"losses":0,"winrate":0.0},{"key":"TOTAL","trades":0,"profit_mean":0.0,"profit_mean_pct":0.0,"profit_sum":0,"profit_sum_pct":0.0,"profit_total_abs":0,"profit_total":0.0,"profit_total_pct":0.0,"duration_avg":"0:00","wins":0,"draws":0,"losses":0,"winrate":0.0}],"results_per_enter_tag":[{"key":"TOTAL","trades":0,"profit_mean":0.0,"profit_mean_pct":0.0,"profit_sum":0,"profit_sum_pct":0.0,"profit_total_abs":0,"profit_total":0.0,"profit_total_pct":0.0,"duration_avg":"0:00","wins":0,"draws":0,"losses":0,"winrate":0.0}],"exit_reason_summary":[{"key":"TOTAL","trades":0,"profit_mean":0.0,"profit_mean_pct":0.0,"profit_sum":0,"profit_sum_pct":0.0,"profit_total_abs":0,"profit_total":0.0,"profit_total_pct":0.0,"duration_avg":"0:00","wins":0,"draws":0,"losses":0,"winrate":0.0}],"mix_tag_stats":[{"key":"TOTAL","trades":0,"profit_mean":0.0,"profit_mean_pct":0.0,"profit_sum":0,"profit_sum_pct":0.0,"profit_total_abs":0,"profit_total":0.0,"profit_total_pct":0.0,"duration_avg":"0:00","wins":0,"draws":0,"losses":0,"winrate":0.0}],"left_open_trades":[{"key":"TOTAL","trades":0,"profit_mean":0.0,"profit_mean_pct":0.0,"profit_sum":0,"profit_sum_pct":0.0,"profit_total_abs":0,"profit_total":0.0,"profit_total_pct":0.0,"duration_avg":"0:00","wins":0,"draws":0,"losses":0,"winrate":0.0}],"total_trades":0,"trade_count_long":0,"trade_count_short":0,"total_volume":0,"avg_stake_amount":0,"profit_mean":0,"profit_median":0,"profit_total":0.0,"profit_total_long":0.0,"profit_total_short":0.0,"profit_total_abs":0,"profit_total_long_abs":0,"profit_total_short_abs":0,"cagr":0.0,"expectancy":0.0,"expectancy_ratio":100.0,"sortino":0,"sharpe":0,"calmar":0,"profit_factor":0.0,"backtest_start":"2025-01-01 00:00:00","backtest_start_ts":1735689600000,"backtest_end":"2025-01-25 17:40:00","backtest_end_ts":1737826800000,"backtest_days":24,"backtest_run_start_ts":1737835614,"backtest_run_end_ts":1737835614,"trades_per_day":0.0,"market_change":-0.02151131695272479,"pairlist":["LTC/USDT","ACX/USDT"],"stake_amount":"unlimited","stake_currency":"USDT","stake_currency_decimals":3,"starting_balance":100,"dry_run_wallet":100,"final_balance":100.0,"rejected_signals":0,"timedout_entry_orders":0,"timedout_exit_orders":0,"canceled_trade_entries":0,"canceled_entry_orders":0,"replaced_entry_orders":0,"max_open_trades":-1,"max_open_trades_setting":-1,"timeframe":"5m","timeframe_detail":"","timerange":"20250101-","enable_protections":false,"strategy_name":"d","stoploss":-0.1,"trailing_stop":true,"trailing_stop_positive":0.127,"trailing_stop_positive_offset":0.212,"trailing_only_offset_is_reached":false,"use_custom_stoploss":false,"minimal_roi":{"60":0.01,"30":0.02,"0":0.04},"use_exit_signal":true,"exit_profit_only":false,"exit_profit_offset":0.0,"ignore_roi_if_entry_signal":false,"trading_mode":"spot","margin_mode":"","periodic_breakdown":{"day":[],"week":[],"month":[]},"backtest_best_day":0,"backtest_worst_day":0,"backtest_best_day_abs":0,"backtest_worst_day_abs":0,"winning_days":0,"draw_days":0,"losing_days":0,"daily_profit_list":[],"wins":0,"losses":0,"draws":0,"winrate":0,"holding_avg":"0:00:00","winner_holding_avg":"0:00:00","loser_holding_avg":"0:00:00","max_consecutive_wins":0,"max_consecutive_losses":0,"max_drawdown_account":0.0,"max_relative_drawdown":0.0,"max_drawdown_abs":0.0,"max_drawdown_low":0.0,"max_drawdown_high":0.0,"drawdown_start":"1970-01-01 00:00:00+00:00","drawdown_start_ts":0,"drawdown_end":"1970-01-01 00:00:00+00:00","drawdown_end_ts":0,"csum_min":0,"csum_max":0}},"strategy_comparison":[{"key":"d","trades":0,"profit_mean":0.0,"profit_mean_pct":0.0,"profit_sum":0,"profit_sum_pct":0.0,"profit_total_abs":0,"profit_total":0.0,"profit_total_pct":0.0,"duration_avg":"0:00","wins":0,"draws":0,"losses":0,"winrate":0.0,"max_drawdown_account":0.0,"max_drawdown_abs":"0"}]}