{"strategy":{"c":{"trades":[{"pair":"RUNE/USDT","stake_amount":33.0768,"max_stake_amount":33.0768,"amount":7.2,"open_date":"2025-01-07 15:50:00+00:00","close_date":"2025-01-08 07:00:00+00:00","open_rate":4.594,"close_rate":4.135,"fee_open":0.001,"fee_close":0.001,"trade_duration":910,"profit_ratio":-0.10171130567299483,"profit_abs":-3.3676488,"exit_reason":"stop_loss","initial_stop_loss_abs":4.135,"initial_stop_loss_ratio":-0.1,"stop_loss_abs":4.135,"stop_loss_ratio":-0.1,"min_rate":4.128,"max_rate":4.619,"is_open":false,"enter_tag":"","leverage":1.0,"is_short":false,"open_timestamp":1736265000000,"close_timestamp":1736319600000,"orders":[{"amount":7.2,"safe_price":4.594,"ft_order_side":"buy","order_filled_timestamp":1736265000000,"ft_is_entry":true,"ft_order_tag":"","cost":33.1098768},{"amount":7.2,"safe_price":4.135,"ft_order_side":"sell","order_filled_timestamp":1736319600000,"ft_is_entry":false,"ft_order_tag":"stop_loss","cost":29.801771999999996}]},{"pair":"SKL/USDT","stake_amount":33.3057,"max_stake_amount":33.3057,"amount":670.0,"open_date":"2025-01-07 15:50:00+00:00","close_date":"2025-01-08 16:45:00+00:00","open_rate":0.04971,"close_rate":0.04474,"fee_open":0.001,"fee_close":0.001,"trade_duration":1495,"profit_ratio":-0.10177812531463708,"profit_abs":-3.3931815,"exit_reason":"stop_loss","initial_stop_loss_abs":0.04474,"initial_stop_loss_ratio":-0.1,"stop_loss_abs":0.04474,"stop_loss_ratio":-0.1,"min_rate":0.04467,"max_rate":0.04994,"is_open":false,"enter_tag":"","leverage":1.0,"is_short":false,"open_timestamp":1736265000000,"close_timestamp":1736354700000,"orders":[{"amount":670.0,"safe_price":0.04971,"ft_order_side":"buy","order_filled_timestamp":1736265000000,"ft_is_entry":true,"ft_order_tag":"","cost":33.3390057},{"amount":670.0,"safe_price":0.04474,"ft_order_side":"sell","order_filled_timestamp":1736354700000,"ft_is_entry":false,"ft_order_tag":"stop_loss","cost":30.005775799999995}]},{"pair":"ACX/USDT","stake_amount":31.07814,"max_stake_amount":31.07814,"amount":67.4,"open_date":"2025-01-08 17:45:00+00:00","close_date":"2025-01-08 18:30:00+00:00","open_rate":0.4611,"close_rate":0.4749,"fee_open":0.001,"fee_close":0.001,"trade_duration":45,"profit_ratio":0.027870632945454023,"profit_abs":0.8670336,"exit_reason":"roi","initial_stop_loss_abs":0.415,"initial_stop_loss_ratio":-0.1,"stop_loss_abs":0.415,"stop_loss_ratio":-0.1,"min_rate":0.4592,"max_rate":0.4769,"is_open":false,"enter_tag":"","leverage":1.0,"is_short":false,"open_timestamp":1736358300000,"close_timestamp":1736361000000,"orders":[{"amount":67.4,"safe_price":0.4611,"ft_order_side":"buy","order_filled_timestamp":1736358300000,"ft_is_entry":true,"ft_order_tag":"","cost":31.109218140000003},{"amount":67.4,"safe_price":0.4749,"ft_order_side":"sell","order_filled_timestamp":1736361000000,"ft_is_entry":false,"ft_order_tag":"roi","cost":32.04026826}]},{"pair":"1000SATS/USDT","stake_amount":28.8738726,"max_stake_amount":28.8738726,"amount":206537.0,"open_date":"2025-01-08 17:45:00+00:00","close_date":"2025-01-08 18:30:00+00:00","open_rate":0.0001398,"close_rate":0.0001455,"fee_open":0.001,"fee_close":0.001,"trade_duration":45,"profit_ratio":0.038693066455127025,"profit_abs":1.11833589,"exit_reason":"roi","initial_stop_loss_abs":0.0001259,"initial_stop_loss_ratio":-0.1,"stop_loss_abs":0.0001259,"stop_loss_ratio":-0.1,"min_rate":0.0001388,"max_rate":0.0001456,"is_open":false,"enter_tag":"","leverage":1.0,"is_short":false,"open_timestamp":1736358300000,"close_timestamp":1736361000000,"orders":[{"amount":206537.0,"safe_price":0.0001398,"ft_order_side":"buy","order_filled_timestamp":1736358300000,"ft_is_entry":true,"ft_order_tag":"","cost":28.9027464726},{"amount":206537.0,"safe_price":0.0001455,"ft_order_side":"sell","order_filled_timestamp":1736361000000,"ft_is_entry":false,"ft_order_tag":"roi","cost":30.081184633499998}]},{"pair":"BCH/USDT","stake_amount":31.5476,"max_stake_amount":31.5476,"amount":0.076,"open_date":"2025-01-09 14:10:00+00:00","close_date":"2025-01-09 15:15:00+00:00","open_rate":415.1,"close_rate":423.8258258258258,"fee_open":0.001,"fee_close":0.001,"trade_duration":65,"profit_ratio":0.01898101898101898,"profit_abs":0.5994044,"exit_reason":"roi","initial_stop_loss_abs":373.6,"initial_stop_loss_ratio":-0.1,"stop_loss_abs":373.6,"stop_loss_ratio":-0.1,"min_rate":415.1,"max_rate":426.4,"is_open":false,"enter_tag":"","leverage":1.0,"is_short":false,"open_timestamp":1736431800000,"close_timestamp":1736435700000,"orders":[{"amount":0.076,"safe_price":415.1,"ft_order_side":"buy","order_filled_timestamp":1736431800000,"ft_is_entry":true,"ft_order_tag":"","cost":31.579147599999995},{"amount":0.076,"safe_price":423.8258258258258,"ft_order_side":"sell","order_filled_timestamp":1736435700000,"ft_is_entry":false,"ft_order_tag":"roi","cost":32.24297352552552}]},{"pair":"RUNE/USDT","stake_amount":30.2568,"max_stake_amount":30.2568,"amount":8.4,"open_date":"2025-01-09 14:15:00+00:00","close_date":"2025-01-09 15:30:00+00:00","open_rate":3.602,"close_rate":3.677717717717717,"fee_open":0.001,"fee_close":0.001,"trade_duration":75,"profit_ratio":0.018981018981018984,"profit_abs":0.5748792,"exit_reason":"roi","initial_stop_loss_abs":3.242,"initial_stop_loss_ratio":-0.1,"stop_loss_abs":3.242,"stop_loss_ratio":-0.1,"min_rate":3.517,"max_rate":3.7,"is_open":false,"enter_tag":"","leverage":1.0,"is_short":false,"open_timestamp":1736432100000,"close_timestamp":1736436600000,"orders":[{"amount":8.4,"safe_price":3.602,"ft_order_side":"buy","order_filled_timestamp":1736432100000,"ft_is_entry":true,"ft_order_tag":"","cost":30.2870568},{"amount":8.4,"safe_price":3.677717717717717,"ft_order_side":"sell","order_filled_timestamp":1736436600000,"ft_is_entry":false,"ft_order_tag":"roi","cost":30.92372165765765}]},{"pair":"VIC/USDT","stake_amount":32.129515,"max_stake_amount":32.129515,"amount":87.19,"open_date":"2025-01-09 20:30:00+00:00","close_date":"2025-01-10 00:45:00+00:00","open_rate":0.3685,"close_rate":0.36923773773773766,"fee_open":0.001,"fee_close":0.001,"trade_duration":255,"profit_ratio":0.0,"profit_abs":0.0,"exit_reason":"roi","initial_stop_loss_abs":0.3317,"initial_stop_loss_ratio":-0.1,"stop_loss_abs":0.3317,"stop_loss_ratio":-0.1,"min_rate":0.3606,"max_rate":0.3719,"is_open":false,"enter_tag":"","leverage":1.0,"is_short":false,"open_timestamp":1736454600000,"close_timestamp":1736469900000,"orders":[{"amount":87.19,"safe_price":0.3685,"ft_order_side":"buy","order_filled_timestamp":1736454600000,"ft_is_entry":true,"ft_order_tag":"","cost":32.16164451499999},{"amount":87.19,"safe_price":0.36923773773773766,"ft_order_side":"sell","order_filled_timestamp":1736469900000,"ft_is_entry":false,"ft_order_tag":"roi","cost":32.22603219170669}]},{"pair":"LTC/USDT","stake_amount":33.28714,"max_stake_amount":33.28714,"amount":0.314,"open_date":"2025-01-07 15:50:00+00:00","close_date":"2025-01-10 19:35:00+00:00","open_rate":106.01,"close_rate":106.22223223223222,"fee_open":0.001,"fee_close":0.001,"trade_duration":4545,"profit_ratio":0.0,"profit_abs":0.0,"exit_reason":"roi","initial_stop_loss_abs":95.41,"initial_stop_loss_ratio":-0.1,"stop_loss_abs":95.41,"stop_loss_ratio":-0.1,"min_rate":97.21,"max_rate":106.62,"is_open":false,"enter_tag":"","leverage":1.0,"is_short":false,"open_timestamp":1736265000000,"close_timestamp":1736537700000,"orders":[{"amount":0.314,"safe_price":106.01,"ft_order_side":"buy","order_filled_timestamp":1736265000000,"ft_is_entry":true,"ft_order_tag":"","cost":33.32042714},{"amount":0.314,"safe_price":106.22223223223222,"ft_order_side":"sell","order_filled_timestamp":1736537700000,"ft_is_entry":false,"ft_order_tag":"roi","cost":33.38713470184184}]},{"pair":"VIC/USDT","stake_amount":32.131714,"max_stake_amount":32.131714,"amount":90.41,"open_date":"2025-01-12 22:35:00+00:00","close_date":"2025-01-13 00:30:00+00:00","open_rate":0.3554,"close_rate":0.36287087087087083,"fee_open":0.001,"fee_close":0.001,"trade_duration":115,"profit_ratio":0.01898101910538222,"profit_abs":0.61050257,"exit_reason":"roi","initial_stop_loss_abs":0.3199,"initial_stop_loss_ratio":-0.1,"stop_loss_abs":0.3199,"stop_loss_ratio":-0.1,"min_rate":0.3545,"max_rate":0.3648,"is_open":false,"enter_tag":"","leverage":1.0,"is_short":false,"open_timestamp":1736721300000,"close_timestamp":1736728200000,"orders":[{"amount":90.41,"safe_price":0.3554,"ft_order_side":"buy","order_filled_timestamp":1736721300000,"ft_is_entry":true,"ft_order_tag":"","cost":32.16384571399999},{"amount":90.41,"safe_price":0.36287087087087083,"ft_order_side":"sell","order_filled_timestamp":1736728200000,"ft_is_entry":false,"ft_order_tag":"roi","cost":32.83996259087087}]},{"pair":"MOVE/USDT","stake_amount":32.33212,"max_stake_amount":32.33212,"amount":40.4,"open_date":"2025-01-13 08:40:00+00:00","close_date":"2025-01-13 12:55:00+00:00","open_rate":0.8003,"close_rate":0.8019022022022021,"fee_open":0.001,"fee_close":0.001,"trade_duration":255,"profit_ratio":0.0,"profit_abs":0.0,"exit_reason":"roi","initial_stop_loss_abs":0.7203,"initial_stop_loss_ratio":-0.1,"stop_loss_abs":0.7203,"stop_loss_ratio":-0.1,"min_rate":0.7834,"max_rate":0.8091,"is_open":false,"enter_tag":"","leverage":1.0,"is_short":false,"open_timestamp":1736757600000,"close_timestamp":1736772900000,"orders":[{"amount":40.4,"safe_price":0.8003,"ft_order_side":"buy","order_filled_timestamp":1736757600000,"ft_is_entry":true,"ft_order_tag":"","cost":32.364452119999996},{"amount":40.4,"safe_price":0.8019022022022021,"ft_order_side":"sell","order_filled_timestamp":1736772900000,"ft_is_entry":false,"ft_order_tag":"roi","cost":32.429245817937925}]},{"pair":"PUNDIX/USDT","stake_amount":32.3342,"max_stake_amount":32.3342,"amount":67.0,"open_date":"2025-01-13 08:40:00+00:00","close_date":"2025-01-13 15:20:00+00:00","open_rate":0.4826,"close_rate":0.4835661661661661,"fee_open":0.001,"fee_close":0.001,"trade_duration":400,"profit_ratio":0.0,"profit_abs":0.0,"exit_reason":"roi","initial_stop_loss_abs":0.4344,"initial_stop_loss_ratio":-0.1,"stop_loss_abs":0.4344,"stop_loss_ratio":-0.1,"min_rate":0.4551,"max_rate":0.4854,"is_open":false,"enter_tag":"","leverage":1.0,"is_short":false,"open_timestamp":1736757600000,"close_timestamp":1736781600000,"orders":[{"amount":67.0,"safe_price":0.4826,"ft_order_side":"buy","order_filled_timestamp":1736757600000,"ft_is_entry":true,"ft_order_tag":"","cost":32.36653419999999},{"amount":67.0,"safe_price":0.4835661661661661,"ft_order_side":"sell","order_filled_timestamp":1736781600000,"ft_is_entry":false,"ft_order_tag":"roi","cost":32.43133206626626}]},{"pair":"ACX/USDT","stake_amount":32.3109,"max_stake_amount":32.3109,"amount":81.0,"open_date":"2025-01-13 09:40:00+00:00","close_date":"2025-01-13 20:50:00+00:00","open_rate":0.3989,"close_rate":0.3996985985985986,"fee_open":0.001,"fee_close":0.001,"trade_duration":670,"profit_ratio":0.0,"profit_abs":0.0,"exit_reason":"roi","initial_stop_loss_abs":0.3591,"initial_stop_loss_ratio":-0.1,"stop_loss_abs":0.3591,"stop_loss_ratio":-0.1,"min_rate":0.3697,"max_rate":0.4018,"is_open":false,"enter_tag":"","leverage":1.0,"is_short":false,"open_timestamp":1736761200000,"close_timestamp":1736801400000,"orders":[{"amount":81.0,"safe_price":0.3989,"ft_order_side":"buy","order_filled_timestamp":1736761200000,"ft_is_entry":true,"ft_order_tag":"","cost":32.343210899999995},{"amount":81.0,"safe_price":0.3996985985985986,"ft_order_side":"sell","order_filled_timestamp":1736801400000,"ft_is_entry":false,"ft_order_tag":"roi","cost":32.407962072972964}]},{"pair":"PROM/USDT","stake_amount":32.31424,"max_stake_amount":32.31424,"amount":4.48,"open_date":"2025-01-17 00:45:00+00:00","close_date":"2025-01-17 02:10:00+00:00","open_rate":7.213,"close_rate":7.364624624624624,"fee_open":0.001,"fee_close":0.001,"trade_duration":85,"profit_ratio":0.01898101898101898,"profit_abs":0.61397056,"exit_reason":"roi","initial_stop_loss_abs":6.492,"initial_stop_loss_ratio":-0.1,"stop_loss_abs":6.492,"stop_loss_ratio":-0.1,"min_rate":7.165,"max_rate":7.381,"is_open":false,"enter_tag":"","leverage":1.0,"is_short":false,"open_timestamp":1737074700000,"close_timestamp":1737079800000,"orders":[{"amount":4.48,"safe_price":7.213,"ft_order_side":"buy","order_filled_timestamp":1737074700000,"ft_is_entry":true,"ft_order_tag":"","cost":32.34655424},{"amount":4.48,"safe_price":7.364624624624624,"ft_order_side":"sell","order_filled_timestamp":1737079800000,"ft_is_entry":false,"ft_order_tag":"roi","cost":33.02651183663663}]},{"pair":"PROM/USDT","stake_amount":32.47748,"max_stake_amount":32.47748,"amount":4.76,"open_date":"2025-01-18 04:15:00+00:00","close_date":"2025-01-18 09:30:00+00:00","open_rate":6.823,"close_rate":6.836659659659659,"fee_open":0.001,"fee_close":0.001,"trade_duration":315,"profit_ratio":0.0,"profit_abs":0.0,"exit_reason":"roi","initial_stop_loss_abs":6.141,"initial_stop_loss_ratio":-0.1,"stop_loss_abs":6.141,"stop_loss_ratio":-0.1,"min_rate":6.579,"max_rate":6.856,"is_open":false,"enter_tag":"","leverage":1.0,"is_short":false,"open_timestamp":1737173700000,"close_timestamp":1737192600000,"orders":[{"amount":4.76,"safe_price":6.823,"ft_order_side":"buy","order_filled_timestamp":1737173700000,"ft_is_entry":true,"ft_order_tag":"","cost":32.50995748},{"amount":4.76,"safe_price":6.836659659659659,"ft_order_side":"sell","order_filled_timestamp":1737192600000,"ft_is_entry":false,"ft_order_tag":"roi","cost":32.575042479959954}]},{"pair":"PYR/USDT","stake_amount":32.53824,"max_stake_amount":32.53824,"amount":10.76,"open_date":"2025-01-18 04:35:00+00:00","close_date":"2025-01-18 13:45:00+00:00","open_rate":3.024,"close_rate":3.0300540540540535,"fee_open":0.001,"fee_close":0.001,"trade_duration":550,"profit_ratio":0.0,"profit_abs":0.0,"exit_reason":"roi","initial_stop_loss_abs":2.722,"initial_stop_loss_ratio":-0.1,"stop_loss_abs":2.722,"stop_loss_ratio":-0.1,"min_rate":2.896,"max_rate":3.068,"is_open":false,"enter_tag":"","leverage":1.0,"is_short":false,"open_timestamp":1737174900000,"close_timestamp":1737207900000,"orders":[{"amount":10.76,"safe_price":3.024,"ft_order_side":"buy","order_filled_timestamp":1737174900000,"ft_is_entry":true,"ft_order_tag":"","cost":32.570778239999996},{"amount":10.76,"safe_price":3.0300540540540535,"ft_order_side":"sell","order_filled_timestamp":1737207900000,"ft_is_entry":false,"ft_order_tag":"roi","cost":32.635985003243235}]},{"pair":"ACX/USDT","stake_amount":32.513,"max_stake_amount":32.513,"amount":79.3,"open_date":"2025-01-18 06:05:00+00:00","close_date":"2025-01-19 00:15:00+00:00","open_rate":0.41,"close_rate":0.4108208208208208,"fee_open":0.001,"fee_close":0.001,"trade_duration":1090,"profit_ratio":0.0,"profit_abs":0.0,"exit_reason":"roi","initial_stop_loss_abs":0.369,"initial_stop_loss_ratio":-0.1,"stop_loss_abs":0.369,"stop_loss_ratio":-0.1,"min_rate":0.3857,"max_rate":0.4142,"is_open":false,"enter_tag":"","leverage":1.0,"is_short":false,"open_timestamp":1737180300000,"close_timestamp":1737245700000,"orders":[{"amount":79.3,"safe_price":0.41,"ft_order_side":"buy","order_filled_timestamp":1737180300000,"ft_is_entry":true,"ft_order_tag":"","cost":32.54551299999999},{"amount":79.3,"safe_price":0.4108208208208208,"ft_order_side":"sell","order_filled_timestamp":1737245700000,"ft_is_entry":false,"ft_order_tag":"roi","cost":32.61066918218218}]},{"pair":"KDA/USDT","stake_amount":32.53671,"max_stake_amount":32.53671,"amount":37.27,"open_date":"2025-01-19 09:35:00+00:00","close_date":"2025-01-19 10:20:00+00:00","open_rate":0.873,"close_rate":0.8977,"fee_open":0.001,"fee_close":0.001,"trade_duration":45,"profit_ratio":0.02623870971316057,"profit_abs":0.85457501,"exit_reason":"roi","initial_stop_loss_abs":0.7858,"initial_stop_loss_ratio":-0.1,"stop_loss_abs":0.7858,"stop_loss_ratio":-0.1,"min_rate":0.872,"max_rate":0.9141,"is_open":false,"enter_tag":"","leverage":1.0,"is_short":false,"open_timestamp":1737279300000,"close_timestamp":1737282000000,"orders":[{"amount":37.27,"safe_price":0.873,"ft_order_side":"buy","order_filled_timestamp":1737279300000,"ft_is_entry":true,"ft_order_tag":"","cost":32.569246709999994},{"amount":37.27,"safe_price":0.8977,"ft_order_side":"sell","order_filled_timestamp":1737282000000,"ft_is_entry":false,"ft_order_tag":"roi","cost":33.490736279000004}]},{"pair":"VIC/USDT","stake_amount":32.540508,"max_stake_amount":32.540508,"amount":97.02,"open_date":"2025-01-19 09:30:00+00:00","close_date":"2025-01-19 12:55:00+00:00","open_rate":0.3354,"close_rate":0.33607147147147143,"fee_open":0.001,"fee_close":0.001,"trade_duration":205,"profit_ratio":0.0,"profit_abs":0.0,"exit_reason":"roi","initial_stop_loss_abs":0.3019,"initial_stop_loss_ratio":-0.1,"stop_loss_abs":0.3019,"stop_loss_ratio":-0.1,"min_rate":0.3278,"max_rate":0.3405,"is_open":false,"enter_tag":"","leverage":1.0,"is_short":false,"open_timestamp":1737279000000,"close_timestamp":1737291300000,"orders":[{"amount":97.02,"safe_price":0.3354,"ft_order_side":"buy","order_filled_timestamp":1737279000000,"ft_is_entry":true,"ft_order_tag":"","cost":32.57304850799999},{"amount":97.02,"safe_price":0.33607147147147143,"ft_order_side":"sell","order_filled_timestamp":1737291300000,"ft_is_entry":false,"ft_order_tag":"roi","cost":32.638259816324314}]},{"pair":"PROS/USDT","stake_amount":32.6018,"max_stake_amount":32.6018,"amount":73.0,"open_date":"2025-01-19 12:10:00+00:00","close_date":"2025-01-19 12:55:00+00:00","open_rate":0.4466,"close_rate":0.4607,"fee_open":0.001,"fee_close":0.001,"trade_duration":45,"profit_ratio":0.02951079372933381,"profit_abs":0.9630671,"exit_reason":"roi","initial_stop_loss_abs":0.402,"initial_stop_loss_ratio":-0.1,"stop_loss_abs":0.402,"stop_loss_ratio":-0.1,"min_rate":0.4466,"max_rate":0.4624,"is_open":false,"enter_tag":"","leverage":1.0,"is_short":false,"open_timestamp":1737288600000,"close_timestamp":1737291300000,"orders":[{"amount":73.0,"safe_price":0.4466,"ft_order_side":"buy","order_filled_timestamp":1737288600000,"ft_is_entry":true,"ft_order_tag":"","cost":32.63440179999999},{"amount":73.0,"safe_price":0.4607,"ft_order_side":"sell","order_filled_timestamp":1737291300000,"ft_is_entry":false,"ft_order_tag":"roi","cost":33.66473109999999}]},{"pair":"PYR/USDT","stake_amount":32.539122,"max_stake_amount":32.539122,"amount":11.781,"open_date":"2025-01-19 08:35:00+00:00","close_date":"2025-01-19 14:05:00+00:00","open_rate":2.762,"close_rate":2.7675295295295292,"fee_open":0.001,"fee_close":0.001,"trade_duration":330,"profit_ratio":0.0,"profit_abs":0.0,"exit_reason":"roi","initial_stop_loss_abs":2.486,"initial_stop_loss_ratio":-0.1,"stop_loss_abs":2.486,"stop_loss_ratio":-0.1,"min_rate":2.634,"max_rate":2.768,"is_open":false,"enter_tag":"","leverage":1.0,"is_short":false,"open_timestamp":1737275700000,"close_timestamp":1737295500000,"orders":[{"amount":11.781,"safe_price":2.762,"ft_order_side":"buy","order_filled_timestamp":1737275700000,"ft_is_entry":true,"ft_order_tag":"","cost":32.571661121999995},{"amount":11.781,"safe_price":2.7675295295295292,"ft_order_side":"sell","order_filled_timestamp":1737295500000,"ft_is_entry":false,"ft_order_tag":"roi","cost":32.63686965277477}]},{"pair":"PROS/USDT","stake_amount":32.9668,"max_stake_amount":32.9668,"amount":73.0,"open_date":"2025-01-19 22:15:00+00:00","close_date":"2025-01-20 00:45:00+00:00","open_rate":0.4516,"close_rate":0.4065,"fee_open":0.001,"fee_close":0.001,"trade_duration":150,"profit_ratio":-0.10166560631573918,"profit_abs":-3.3549413,"exit_reason":"stop_loss","initial_stop_loss_abs":0.4065,"initial_stop_loss_ratio":-0.1,"stop_loss_abs":0.4065,"stop_loss_ratio":-0.1,"min_rate":0.4032,"max_rate":0.455,"is_open":false,"enter_tag":"","leverage":1.0,"is_short":false,"open_timestamp":1737324900000,"close_timestamp":1737333900000,"orders":[{"amount":73.0,"safe_price":0.4516,"ft_order_side":"buy","order_filled_timestamp":1737324900000,"ft_is_entry":true,"ft_order_tag":"","cost":32.999766799999996},{"amount":73.0,"safe_price":0.4065,"ft_order_side":"sell","order_filled_timestamp":1737333900000,"ft_is_entry":false,"ft_order_tag":"stop_loss","cost":29.704174499999993}]},{"pair":"DGB/USDT","stake_amount":33.14672,"max_stake_amount":33.14672,"amount":2972.8,"open_date":"2025-01-19 22:15:00+00:00","close_date":"2025-01-20 06:50:00+00:00","open_rate":0.01115,"close_rate":0.01117232232232232,"fee_open":0.001,"fee_close":0.001,"trade_duration":515,"profit_ratio":0.0,"profit_abs":0.0,"exit_reason":"roi","initial_stop_loss_abs":0.01004,"initial_stop_loss_ratio":-0.1,"stop_loss_abs":0.01004,"stop_loss_ratio":-0.1,"min_rate":0.0105,"max_rate":0.01129,"is_open":false,"enter_tag":"","leverage":1.0,"is_short":false,"open_timestamp":1737324900000,"close_timestamp":1737355800000,"orders":[{"amount":2972.8,"safe_price":0.01115,"ft_order_side":"buy","order_filled_timestamp":1737324900000,"ft_is_entry":true,"ft_order_tag":"","cost":33.17986672},{"amount":2972.8,"safe_price":0.01117232232232232,"ft_order_side":"sell","order_filled_timestamp":1737355800000,"ft_is_entry":false,"ft_order_tag":"roi","cost":33.24629287959959}]},{"pair":"GLMR/USDT","stake_amount":33.12798,"max_stake_amount":33.12798,"amount":169.8,"open_date":"2025-01-19 22:15:00+00:00","close_date":"2025-01-20 06:55:00+00:00","open_rate":0.1951,"close_rate":0.19549059059059057,"fee_open":0.001,"fee_close":0.001,"trade_duration":520,"profit_ratio":0.0,"profit_abs":0.0,"exit_reason":"roi","initial_stop_loss_abs":0.1756,"initial_stop_loss_ratio":-0.1,"stop_loss_abs":0.1756,"stop_loss_ratio":-0.1,"min_rate":0.1799,"max_rate":0.1967,"is_open":false,"enter_tag":"","leverage":1.0,"is_short":false,"open_timestamp":1737324900000,"close_timestamp":1737356100000,"orders":[{"amount":169.8,"safe_price":0.1951,"ft_order_side":"buy","order_filled_timestamp":1737324900000,"ft_is_entry":true,"ft_order_tag":"","cost":33.16110798},{"amount":169.8,"safe_price":0.19549059059059057,"ft_order_side":"sell","order_filled_timestamp":1737356100000,"ft_is_entry":false,"ft_order_tag":"roi","cost":33.227496584564555}]},{"pair":"RUNE/USDT","stake_amount":32.018,"max_stake_amount":32.018,"amount":14.0,"open_date":"2025-01-24 04:10:00+00:00","close_date":"2025-01-24 04:35:00+00:00","open_rate":2.287,"close_rate":2.059,"fee_open":0.001,"fee_close":0.001,"trade_duration":25,"profit_ratio":-0.10149273551110018,"profit_abs":-3.252844,"exit_reason":"stop_loss","initial_stop_loss_abs":2.059,"initial_stop_loss_ratio":-0.1,"stop_loss_abs":2.059,"stop_loss_ratio":-0.1,"min_rate":1.955,"max_rate":2.358,"is_open":false,"enter_tag":"","leverage":1.0,"is_short":false,"open_timestamp":1737691800000,"close_timestamp":1737693300000,"orders":[{"amount":14.0,"safe_price":2.287,"ft_order_side":"buy","order_filled_timestamp":1737691800000,"ft_is_entry":true,"ft_order_tag":"","cost":32.050017999999994},{"amount":14.0,"safe_price":2.059,"ft_order_side":"sell","order_filled_timestamp":1737693300000,"ft_is_entry":false,"ft_order_tag":"stop_loss","cost":28.854825999999996}]},{"pair":"RUNE/USDT","stake_amount":30.84,"max_stake_amount":30.84,"amount":15.0,"open_date":"2025-01-24 04:55:00+00:00","close_date":"2025-01-24 05:25:00+00:00","open_rate":2.056,"close_rate":2.1938898898898898,"fee_open":0.001,"fee_close":0.001,"trade_duration":30,"profit_ratio":0.06493506493506493,"profit_abs":2.0046,"exit_reason":"roi","initial_stop_loss_abs":1.851,"initial_stop_loss_ratio":-0.1,"stop_loss_abs":1.851,"stop_loss_ratio":-0.1,"min_rate":1.97,"max_rate":2.221,"is_open":false,"enter_tag":"","leverage":1.0,"is_short":false,"open_timestamp":1737694500000,"close_timestamp":1737696300000,"orders":[{"amount":15.0,"safe_price":2.056,"ft_order_side":"buy","order_filled_timestamp":1737694500000,"ft_is_entry":true,"ft_order_tag":"","cost":30.870839999999998},{"amount":15.0,"safe_price":2.1938898898898898,"ft_order_side":"sell","order_filled_timestamp":1737696300000,"ft_is_entry":false,"ft_order_tag":"roi","cost":32.94125669669669}]},{"pair":"PYR/USDT","stake_amount":31.611325,"max_stake_amount":31.611325,"amount":11.575,"open_date":"2025-01-25 20:05:00+00:00","close_date":"2025-01-25 20:05:00+00:00","open_rate":2.731,"close_rate":2.731,"fee_open":0.001,"fee_close":0.001,"trade_duration":0,"profit_ratio":-0.001998001998001998,"profit_abs":-0.06322265,"exit_reason":"force_exit","initial_stop_loss_abs":2.458,"initial_stop_loss_ratio":-0.1,"stop_loss_abs":2.458,"stop_loss_ratio":-0.1,"min_rate":2.699,"max_rate":2.755,"is_open":false,"enter_tag":"","leverage":1.0,"is_short":false,"open_timestamp":1737835500000,"close_timestamp":1737835500000,"orders":[{"amount":11.575,"safe_price":2.731,"ft_order_side":"buy","order_filled_timestamp":1737835500000,"ft_is_entry":true,"ft_order_tag":"","cost":31.642936324999994},{"amount":11.575,"safe_price":2.731,"ft_order_side":"sell","order_filled_timestamp":1737835500000,"ft_is_entry":false,"ft_order_tag":"force_exit","cost":31.642936324999994}]}],"locks":[],"best_pair":{"key":"1000SATS/USDT","trades":1,"profit_mean":0.038693066455127025,"profit_mean_pct":3.87,"profit_sum":0.038693066455127025,"profit_sum_pct":3.87,"profit_total_abs":1.11833589,"profit_total":0.0111833589,"profit_total_pct":1.12,"duration_avg":"0:45:00","wins":1,"draws":0,"losses":0,"winrate":1.0},"worst_pair":{"key":"RUNE/USDT","trades":4,"profit_mean":-0.02982198931700277,"profit_mean_pct":-2.98,"profit_sum":-0.11928795726801109,"profit_sum_pct":-11.93,"profit_total_abs":-4.041013599999999,"profit_total":-0.04041013599999999,"profit_total_pct":-4.04,"duration_avg":"4:20:00","wins":2,"draws":0,"losses":2,"winrate":0.5},"results_per_pair":[{"key":"1000SATS/USDT","trades":1,"profit_mean":0.038693066455127025,"profit_mean_pct":3.87,"profit_sum":0.038693066455127025,"profit_sum_pct":3.87,"profit_total_abs":1.11833589,"profit_total":0.0111833589,"profit_total_pct":1.12,"duration_avg":"0:45:00","wins":1,"draws":0,"losses":0,"winrate":1.0},{"key":"ACX/USDT","trades":3,"profit_mean":0.009290210981818007,"profit_mean_pct":0.93,"profit_sum":0.027870632945454023,"profit_sum_pct":2.79,"profit_total_abs":0.8670336,"profit_total":0.008670335999999999,"profit_total_pct":0.87,"duration_avg":"10:02:00","wins":1,"draws":2,"losses":0,"winrate":0.3333333333333333},{"key":"KDA/USDT","trades":1,"profit_mean":0.02623870971316057,"profit_mean_pct":2.62,"profit_sum":0.02623870971316057,"profit_sum_pct":2.62,"profit_total_abs":0.85457501,"profit_total":0.0085457501,"profit_total_pct":0.85,"duration_avg":"0:45:00","wins":1,"draws":0,"losses":0,"winrate":1.0},{"key":"PROM/USDT","trades":2,"profit_mean":0.00949050949050949,"profit_mean_pct":0.95,"profit_sum":0.01898101898101898,"profit_sum_pct":1.9,"profit_total_abs":0.61397056,"profit_total":0.006139705600000001,"profit_total_pct":0.61,"duration_avg":"3:20:00","wins":1,"draws":1,"losses":0,"winrate":0.5},{"key":"VIC/USDT","trades":3,"profit_mean":0.00632700636846074,"profit_mean_pct":0.63,"profit_sum":0.01898101910538222,"profit_sum_pct":1.9,"profit_total_abs":0.61050257,"profit_total":0.0061050257,"profit_total_pct":0.61,"duration_avg":"3:12:00","wins":1,"draws":2,"losses":0,"winrate":0.3333333333333333},{"key":"BCH/USDT","trades":1,"profit_mean":0.01898101898101898,"profit_mean_pct":1.9,"profit_sum":0.01898101898101898,"profit_sum_pct":1.9,"profit_total_abs":0.5994044,"profit_total":0.005994044,"profit_total_pct":0.6,"duration_avg":"1:05:00","wins":1,"draws":0,"losses":0,"winrate":1.0},{"key":"STPT/USDT","trades":0,"profit_mean":0.0,"profit_mean_pct":0.0,"profit_sum":0.0,"profit_sum_pct":0.0,"profit_total_abs":0.0,"profit_total":0.0,"profit_total_pct":0.0,"duration_avg":"0:00","wins":0,"draws":0,"losses":0,"winrate":0.0},{"key":"JUP/USDT","trades":0,"profit_mean":0.0,"profit_mean_pct":0.0,"profit_sum":0.0,"profit_sum_pct":0.0,"profit_total_abs":0.0,"profit_total":0.0,"profit_total_pct":0.0,"duration_avg":"0:00","wins":0,"draws":0,"losses":0,"winrate":0.0},{"key":"DGB/USDT","trades":1,"profit_mean":0.0,"profit_mean_pct":0.0,"profit_sum":0.0,"profit_sum_pct":0.0,"profit_total_abs":0.0,"profit_total":0.0,"profit_total_pct":0.0,"duration_avg":"8:35:00","wins":0,"draws":1,"losses":0,"winrate":0.0},{"key":"UTK/USDT","trades":0,"profit_mean":0.0,"profit_mean_pct":0.0,"profit_sum":0.0,"profit_sum_pct":0.0,"profit_total_abs":0.0,"profit_total":0.0,"profit_total_pct":0.0,"duration_avg":"0:00","wins":0,"draws":0,"losses":0,"winrate":0.0},{"key":"LTC/USDT","trades":1,"profit_mean":0.0,"profit_mean_pct":0.0,"profit_sum":0.0,"profit_sum_pct":0.0,"profit_total_abs":0.0,"profit_total":0.0,"profit_total_pct":0.0,"duration_avg":"3 days, 3:45:00","wins":0,"draws":1,"losses":0,"winrate":0.0},{"key":"DEXE/USDT","trades":0,"profit_mean":0.0,"profit_mean_pct":0.0,"profit_sum":0.0,"profit_sum_pct":0.0,"profit_total_abs":0.0,"profit_total":0.0,"profit_total_pct":0.0,"duration_avg":"0:00","wins":0,"draws":0,"losses":0,"winrate":0.0},{"key":"TFUEL/USDT","trades":0,"profit_mean":0.0,"profit_mean_pct":0.0,"profit_sum":0.0,"profit_sum_pct":0.0,"profit_total_abs":0.0,"profit_total":0.0,"profit_total_pct":0.0,"duration_avg":"0:00","wins":0,"draws":0,"losses":0,"winrate":0.0},{"key":"PUNDIX/USDT","trades":1,"profit_mean":0.0,"profit_mean_pct":0.0,"profit_sum":0.0,"profit_sum_pct":0.0,"profit_total_abs":0.0,"profit_total":0.0,"profit_total_pct":0.0,"duration_avg":"6:40:00","wins":0,"draws":1,"losses":0,"winrate":0.0},{"key":"HIFI/USDT","trades":0,"profit_mean":0.0,"profit_mean_pct":0.0,"profit_sum":0.0,"profit_sum_pct":0.0,"profit_total_abs":0.0,"profit_total":0.0,"profit_total_pct":0.0,"duration_avg":"0:00","wins":0,"draws":0,"losses":0,"winrate":0.0},{"key":"IQ/USDT","trades":0,"profit_mean":0.0,"profit_mean_pct":0.0,"profit_sum":0.0,"profit_sum_pct":0.0,"profit_total_abs":0.0,"profit_total":0.0,"profit_total_pct":0.0,"duration_avg":"0:00","wins":0,"draws":0,"losses":0,"winrate":0.0},{"key":"GLMR/USDT","trades":1,"profit_mean":0.0,"profit_mean_pct":0.0,"profit_sum":0.0,"profit_sum_pct":0.0,"profit_total_abs":0.0,"profit_total":0.0,"profit_total_pct":0.0,"duration_avg":"8:40:00","wins":0,"draws":1,"losses":0,"winrate":0.0},{"key":"FTT/USDT","trades":0,"profit_mean":0.0,"profit_mean_pct":0.0,"profit_sum":0.0,"profit_sum_pct":0.0,"profit_total_abs":0.0,"profit_total":0.0,"profit_total_pct":0.0,"duration_avg":"0:00","wins":0,"draws":0,"losses":0,"winrate":0.0},{"key":"T/USDT","trades":0,"profit_mean":0.0,"profit_mean_pct":0.0,"profit_sum":0.0,"profit_sum_pct":0.0,"profit_total_abs":0.0,"profit_total":0.0,"profit_total_pct":0.0,"duration_avg":"0:00","wins":0,"draws":0,"losses":0,"winrate":0.0},{"key":"COS/USDT","trades":0,"profit_mean":0.0,"profit_mean_pct":0.0,"profit_sum":0.0,"profit_sum_pct":0.0,"profit_total_abs":0.0,"profit_total":0.0,"profit_total_pct":0.0,"duration_avg":"0:00","wins":0,"draws":0,"losses":0,"winrate":0.0},{"key":"MBL/USDT","trades":0,"profit_mean":0.0,"profit_mean_pct":0.0,"profit_sum":0.0,"profit_sum_pct":0.0,"profit_total_abs":0.0,"profit_total":0.0,"profit_total_pct":0.0,"duration_avg":"0:00","wins":0,"draws":0,"losses":0,"winrate":0.0},{"key":"MTL/USDT","trades":0,"profit_mean":0.0,"profit_mean_pct":0.0,"profit_sum":0.0,"profit_sum_pct":0.0,"profit_total_abs":0.0,"profit_total":0.0,"profit_total_pct":0.0,"duration_avg":"0:00","wins":0,"draws":0,"losses":0,"winrate":0.0},{"key":"MOVE/USDT","trades":1,"profit_mean":0.0,"profit_mean_pct":0.0,"profit_sum":0.0,"profit_sum_pct":0.0,"profit_total_abs":0.0,"profit_total":0.0,"profit_total_pct":0.0,"duration_avg":"4:15:00","wins":0,"draws":1,"losses":0,"winrate":0.0},{"key":"QKC/USDT","trades":0,"profit_mean":0.0,"profit_mean_pct":0.0,"profit_sum":0.0,"profit_sum_pct":0.0,"profit_total_abs":0.0,"profit_total":0.0,"profit_total_pct":0.0,"duration_avg":"0:00","wins":0,"draws":0,"losses":0,"winrate":0.0},{"key":"SC/USDT","trades":0,"profit_mean":0.0,"profit_mean_pct":0.0,"profit_sum":0.0,"profit_sum_pct":0.0,"profit_total_abs":0.0,"profit_total":0.0,"profit_total_pct":0.0,"duration_avg":"0:00","wins":0,"draws":0,"losses":0,"winrate":0.0},{"key":"FUN/USDT","trades":0,"profit_mean":0.0,"profit_mean_pct":0.0,"profit_sum":0.0,"profit_sum_pct":0.0,"profit_total_abs":0.0,"profit_total":0.0,"profit_total_pct":0.0,"duration_avg":"0:00","wins":0,"draws":0,"losses":0,"winrate":0.0},{"key":"PYR/USDT","trades":3,"profit_mean":-0.000666000666000666,"profit_mean_pct":-0.07,"profit_sum":-0.001998001998001998,"profit_sum_pct":-0.2,"profit_total_abs":-0.06322265,"profit_total":-0.0006322265,"profit_total_pct":-0.06,"duration_avg":"4:53:00","wins":0,"draws":2,"losses":1,"winrate":0.0},{"key":"PROS/USDT","trades":2,"profit_mean":-0.036077406293202684,"profit_mean_pct":-3.61,"profit_sum":-0.07215481258640537,"profit_sum_pct":-7.22,"profit_total_abs":-2.3918742,"profit_total":-0.023918742000000003,"profit_total_pct":-2.39,"duration_avg":"1:38:00","wins":1,"draws":0,"losses":1,"winrate":0.5},{"key":"SKL/USDT","trades":1,"profit_mean":-0.10177812531463708,"profit_mean_pct":-10.18,"profit_sum":-0.10177812531463708,"profit_sum_pct":-10.18,"profit_total_abs":-3.3931815,"profit_total":-0.033931815,"profit_total_pct":-3.39,"duration_avg":"1 day, 0:55:00","wins":0,"draws":0,"losses":1,"winrate":0.0},{"key":"RUNE/USDT","trades":4,"profit_mean":-0.02982198931700277,"profit_mean_pct":-2.98,"profit_sum":-0.11928795726801109,"profit_sum_pct":-11.93,"profit_total_abs":-4.041013599999999,"profit_total":-0.04041013599999999,"profit_total_pct":-4.04,"duration_avg":"4:20:00","wins":2,"draws":0,"losses":2,"winrate":0.5},{"key":"TOTAL","trades":26,"profit_mean":-0.005595131960995912,"profit_mean_pct":-0.56,"profit_sum":-0.14547343098589371,"profit_sum_pct":-14.55,"profit_total_abs":-5.22546992,"profit_total":-0.052254699200000004,"profit_total_pct":-5.23,"duration_avg":"8:12:00","wins":9,"draws":12,"losses":5,"winrate":0.34615384615384615}],"results_per_enter_tag":[{"key":"","trades":26,"profit_mean":-0.005595131960995912,"profit_mean_pct":-0.56,"profit_sum":-0.14547343098589371,"profit_sum_pct":-14.55,"profit_total_abs":-5.22546992,"profit_total":-0.052254699200000004,"profit_total_pct":-5.23,"duration_avg":"8:12:00","wins":9,"draws":12,"losses":5,"winrate":0.34615384615384615},{"key":"TOTAL","trades":26,"profit_mean":-0.005595131960995912,"profit_mean_pct":-0.56,"profit_sum":-0.14547343098589371,"profit_sum_pct":-14.55,"profit_total_abs":-5.22546992,"profit_total":-0.052254699200000004,"profit_total_pct":-5.23,"duration_avg":"8:12:00","wins":9,"draws":12,"losses":5,"winrate":0.34615384615384615}],"exit_reason_summary":[{"key":"roi","trades":21,"profit_mean":0.012532016372694263,"profit_mean_pct":1.25,"profit_sum":0.2631723438265795,"profit_sum_pct":26.32,"profit_total_abs":8.20636833,"profit_total":0.0820636833,"profit_total_pct":8.21,"duration_avg":"8:06:00","wins":9,"draws":12,"losses":0,"winrate":0.42857142857142855},{"key":"force_exit","trades":1,"profit_mean":-0.001998001998001998,"profit_mean_pct":-0.2,"profit_sum":-0.001998001998001998,"profit_sum_pct":-0.2,"profit_total_abs":-0.06322265,"profit_total":-0.0006322265,"profit_total_pct":-0.06,"duration_avg":"0:00:00","wins":0,"draws":0,"losses":1,"winrate":0.0},{"key":"stop_loss","trades":4,"profit_mean":-0.10166194320361781,"profit_mean_pct":-10.17,"profit_sum":-0.40664777281447123,"profit_sum_pct":-40.66,"profit_total_abs":-13.3686156,"profit_total":-0.133686156,"profit_total_pct":-13.37,"duration_avg":"10:45:00","wins":0,"draws":0,"losses":4,"winrate":0.0},{"key":"TOTAL","trades":26,"profit_mean":-0.005595131960995912,"profit_mean_pct":-0.56,"profit_sum":-0.14547343098589371,"profit_sum_pct":-14.55,"profit_total_abs":-5.22546992,"profit_total":-0.052254699200000004,"profit_total_pct":-5.23,"duration_avg":"8:12:00","wins":9,"draws":12,"losses":5,"winrate":0.34615384615384615}],"mix_tag_stats":[{"key":["","roi"],"trades":21,"profit_mean":0.012532016372694263,"profit_mean_pct":1.25,"profit_sum":0.2631723438265795,"profit_sum_pct":26.32,"profit_total_abs":8.20636833,"profit_total":0.0820636833,"profit_total_pct":8.21,"duration_avg":"8:06:00","wins":9,"draws":12,"losses":0,"winrate":0.42857142857142855},{"key":["","force_exit"],"trades":1,"profit_mean":-0.001998001998001998,"profit_mean_pct":-0.2,"profit_sum":-0.001998001998001998,"profit_sum_pct":-0.2,"profit_total_abs":-0.06322265,"profit_total":-0.0006322265,"profit_total_pct":-0.06,"duration_avg":"0:00:00","wins":0,"draws":0,"losses":1,"winrate":0.0},{"key":["","stop_loss"],"trades":4,"profit_mean":-0.10166194320361781,"profit_mean_pct":-10.17,"profit_sum":-0.40664777281447123,"profit_sum_pct":-40.66,"profit_total_abs":-13.3686156,"profit_total":-0.133686156,"profit_total_pct":-13.37,"duration_avg":"10:45:00","wins":0,"draws":0,"losses":4,"winrate":0.0},{"key":"TOTAL","trades":26,"profit_mean":-0.005595131960995912,"profit_mean_pct":-0.56,"profit_sum":-0.14547343098589371,"profit_sum_pct":-14.55,"profit_total_abs":-5.22546992,"profit_total":-0.052254699200000004,"profit_total_pct":-5.23,"duration_avg":"8:12:00","wins":9,"draws":12,"losses":5,"winrate":0.34615384615384615}],"left_open_trades":[{"key":"PYR/USDT","trades":1,"profit_mean":-0.001998001998001998,"profit_mean_pct":-0.2,"profit_sum":-0.001998001998001998,"profit_sum_pct":-0.2,"profit_total_abs":-0.06322265,"profit_total":-0.0006322265,"profit_total_pct":-0.06,"duration_avg":"0:00:00","wins":0,"draws":0,"losses":1,"winrate":0.0},{"key":"TOTAL","trades":1,"profit_mean":-0.001998001998001998,"profit_mean_pct":-0.2,"profit_sum":-0.001998001998001998,"profit_sum_pct":-0.2,"profit_total_abs":-0.06322265,"profit_total":-0.0006322265,"profit_total_pct":-0.06,"duration_avg":"0:00:00","wins":0,"draws":0,"losses":1,"winrate":0.0}],"total_trades":26,"trade_count_long":26,"trade_count_short":0,"total_volume":1670.9860166808612,"avg_stake_amount":32.170631792307695,"profit_mean":-0.005595131960995912,"profit_median":0.0,"profit_total":-0.052254699200000004,"profit_total_long":-0.052254699200000004,"profit_total_short":0.0,"profit_total_abs":-5.22546992,"profit_total_long_abs":-5.22546992,"profit_total_short_abs":0.0,"cagr":-0.5579018599672441,"expectancy":-0.20097961230769235,"expectancy_ratio":-0.5363530954578704,"sortino":-3.169427221964979,"sharpe":-2.9199910087250354,"calmar":-62.59935112299283,"profit_factor":0.6109639036190746,"backtest_start":"2025-01-01 00:00:00","backtest_start_ts":1735689600000,"backtest_end":"2025-01-25 20:10:00","backtest_end_ts":1737835800000,"backtest_days":24,"backtest_run_start_ts":1737836343,"backtest_run_end_ts":1737836345,"trades_per_day":1.08,"market_change":-0.01913647616421336,"pairlist":["STPT/USDT","RUNE/USDT","JUP/USDT","DGB/USDT","PROS/USDT","UTK/USDT","LTC/USDT","SKL/USDT","ACX/USDT","1000SATS/USDT","DEXE/USDT","TFUEL/USDT","PUNDIX/USDT","PYR/USDT","HIFI/USDT","IQ/USDT","GLMR/USDT","KDA/USDT","FTT/USDT","T/USDT","COS/USDT","MBL/USDT","MTL/USDT","MOVE/USDT","BCH/USDT","VIC/USDT","PROM/USDT","QKC/USDT","SC/USDT","FUN/USDT"],"stake_amount":"unlimited","stake_currency":"USDT","stake_currency_decimals":3,"starting_balance":100,"dry_run_wallet":100,"final_balance":94.77453008,"rejected_signals":11,"timedout_entry_orders":0,"timedout_exit_orders":0,"canceled_trade_entries":0,"canceled_entry_orders":0,"replaced_entry_orders":0,"max_open_trades":3,"max_open_trades_setting":3,"timeframe":"5m","timeframe_detail":"","timerange":"20250101-","enable_protections":false,"strategy_name":"c","stoploss":-0.1,"trailing_stop":false,"trailing_stop_positive":null,"trailing_stop_positive_offset":0.0,"trailing_only_offset_is_reached":false,"use_custom_stoploss":false,"minimal_roi":{"0":0.239,"26":0.065,"45":0.019,"147":0},"use_exit_signal":true,"exit_profit_only":false,"exit_profit_offset":0.0,"ignore_roi_if_entry_signal":false,"trading_mode":"spot","margin_mode":"","periodic_breakdown":{"day":[{"date":"08/01/2025","date_ts":1736294400000,"profit_abs":-4.77546081,"wins":2,"draws":0,"loses":2,"winrate":0.5},{"date":"09/01/2025","date_ts":1736380800000,"profit_abs":1.1742836,"wins":2,"draws":0,"loses":0,"winrate":1.0},{"date":"10/01/2025","date_ts":1736467200000,"profit_abs":0.0,"wins":0,"draws":2,"loses":0,"winrate":0.0},{"date":"11/01/2025","date_ts":1736553600000,"profit_abs":0.0,"wins":0,"draws":0,"loses":0,"winrate":0.0},{"date":"12/01/2025","date_ts":1736640000000,"profit_abs":0.0,"wins":0,"draws":0,"loses":0,"winrate":0.0},{"date":"13/01/2025","date_ts":1736726400000,"profit_abs":0.61050257,"wins":1,"draws":3,"loses":0,"winrate":0.25},{"date":"14/01/2025","date_ts":1736812800000,"profit_abs":0.0,"wins":0,"draws":0,"loses":0,"winrate":0.0},{"date":"15/01/2025","date_ts":1736899200000,"profit_abs":0.0,"wins":0,"draws":0,"loses":0,"winrate":0.0},{"date":"16/01/2025","date_ts":1736985600000,"profit_abs":0.0,"wins":0,"draws":0,"loses":0,"winrate":0.0},{"date":"17/01/2025","date_ts":1737072000000,"profit_abs":0.61397056,"wins":1,"draws":0,"loses":0,"winrate":1.0},{"date":"18/01/2025","date_ts":1737158400000,"profit_abs":0.0,"wins":0,"draws":2,"loses":0,"winrate":0.0},{"date":"19/01/2025","date_ts":1737244800000,"profit_abs":1.81764211,"wins":2,"draws":3,"loses":0,"winrate":0.4},{"date":"20/01/2025","date_ts":1737331200000,"profit_abs":-3.3549413,"wins":0,"draws":2,"loses":1,"winrate":0.0},{"date":"21/01/2025","date_ts":1737417600000,"profit_abs":0.0,"wins":0,"draws":0,"loses":0,"winrate":0.0},{"date":"22/01/2025","date_ts":1737504000000,"profit_abs":0.0,"wins":0,"draws":0,"loses":0,"winrate":0.0},{"date":"23/01/2025","date_ts":1737590400000,"profit_abs":0.0,"wins":0,"draws":0,"loses":0,"winrate":0.0},{"date":"24/01/2025","date_ts":1737676800000,"profit_abs":-1.248244,"wins":1,"draws":0,"loses":1,"winrate":0.5},{"date":"25/01/2025","date_ts":1737763200000,"profit_abs":-0.06322265,"wins":0,"draws":0,"loses":1,"winrate":0.0}],"week":[{"date":"13/01/2025","date_ts":1736726400000,"profit_abs":-2.99067464,"wins":5,"draws":5,"loses":2,"winrate":0.4166666666666667},{"date":"20/01/2025","date_ts":1737331200000,"profit_abs":-0.92332863,"wins":3,"draws":7,"loses":1,"winrate":0.2727272727272727},{"date":"27/01/2025","date_ts":1737936000000,"profit_abs":-1.31146665,"wins":1,"draws":0,"loses":2,"winrate":0.3333333333333333}],"month":[{"date":"31/01/2025","date_ts":1738281600000,"profit_abs":-5.22546992,"wins":9,"draws":12,"loses":5,"winrate":0.34615384615384615}]},"backtest_best_day":0.05574950344249438,"backtest_worst_day":-0.13692573158705085,"backtest_best_day_abs":1.81764211,"backtest_worst_day_abs":-4.77546081,"winning_days":4,"draw_days":10,"losing_days":4,"daily_profit":[["2025-01-08",-4.77546081],["2025-01-09",1.1742836],["2025-01-10",0.0],["2025-01-11",0.0],["2025-01-12",0.0],["2025-01-13",0.61050257],["2025-01-14",0.0],["2025-01-15",0.0],["2025-01-16",0.0],["2025-01-17",0.61397056],["2025-01-18",0.0],["2025-01-19",1.81764211],["2025-01-20",-3.3549413],["2025-01-21",0.0],["2025-01-22",0.0],["2025-01-23",0.0],["2025-01-24",-1.248244],["2025-01-25",-0.06322265]],"wins":9,"losses":5,"draws":12,"winrate":0.34615384615384615,"holding_avg":"8:12:00","holding_avg_s":29520.0,"winner_holding_avg":"1:01:00","winner_holding_avg_s":3660.0,"loser_holding_avg":"8:36:00","loser_holding_avg_s":30960.0,"max_consecutive_wins":4,"max_consecutive_losses":5,"max_drawdown_account":0.06644934602292793,"max_relative_drawdown":0.06644934602292793,"max_drawdown_abs":6.6077853,"drawdown_start":"2025-01-19 12:55:00","drawdown_start_ts":1737291300000.0,"drawdown_end":"2025-01-24 04:35:00","drawdown_end_ts":1737693300000.0,"max_drawdown_low":-7.166847270000001,"max_drawdown_high":-0.5590619700000006,"csum_min":92.83315273,"csum_max":99.44093803}},"strategy_comparison":[{"key":"c","trades":26,"profit_mean":-0.005595131960995912,"profit_mean_pct":-0.56,"profit_sum":-0.14547343098589371,"profit_sum_pct":-14.55,"profit_total_abs":-5.22546992,"profit_total":-0.052254699200000004,"profit_total_pct":-5.23,"duration_avg":"8:12:00","wins":9,"draws":12,"losses":5,"winrate":0.34615384615384615,"max_drawdown_account":0.06644934602292793,"max_drawdown_abs":"6.608"}]}